#2026 03 17 13:47:40.791#Z#INFO#dde23164-2207-11f1-a1fb-eeee0a988291.OPERATION#http-nio-0.0.0.0-8080-exec-3#
[XS2StartProcessListener] Operation ID: dde23164-2207-11f1-a1fb-eeee0a988291#
#2026 03 17 13:47:40.830#Z#DEBUG#dde23164-2207-11f1-a1fb-eeee0a988291.OPERATION#http-nio-0.0.0.0-8080-exec-3#
[XS2StartProcessListener] Process environment: {
  "SKIP_SSL_VALIDATION" : "false",
  "FLOWABLE_JOB_EXECUTOR_MAX_THREADS" : "128",
  "VERSION" : "2.41.0",
  "BASIC_AUTH_ENABLED" : "true",
  "FLOWABLE_JOB_EXECUTOR_QUEUE_CAPACITY" : "4",
  "FLOWABLE_JOB_EXECUTOR_CORE_THREADS" : "64"
}#
#2026 03 17 13:47:40.830#Z#DEBUG#dde23164-2207-11f1-a1fb-eeee0a988291.OPERATION#http-nio-0.0.0.0-8080-exec-3#
[XS2StartProcessListener] Current user: anton.schmid@suportis.com#
#2026 03 17 13:47:40.830#Z#DEBUG#dde23164-2207-11f1-a1fb-eeee0a988291.OPERATION#http-nio-0.0.0.0-8080-exec-3#
[XS2StartProcessListener] Client space: qs#
#2026 03 17 13:47:40.830#Z#DEBUG#dde23164-2207-11f1-a1fb-eeee0a988291.OPERATION#http-nio-0.0.0.0-8080-exec-3#
[XS2StartProcessListener] Client organization: SUPORTIS_AG_demo-qs-59u9eftq#
#2026 03 17 13:47:40.830#Z#INFO#dde23164-2207-11f1-a1fb-eeee0a988291.OPERATION#http-nio-0.0.0.0-8080-exec-3#
[XS2StartProcessListener] Process variables: {
  "abortOnError" : false,
  "mtaId" : "tutorial",
  "keepFiles" : false,
  "noFailOnMissingPermissions" : false,
  "skipAppDigestCalculation" : false,
  "deleteServiceBrokers" : false,
  "appArchiveId" : "62ebb1f1-d7e7-466a-a796-e8e0324d4708,b707433e-a675-47e8-be2c-0bfa7f195648",
  "deleteServiceKeys" : false,
  "noRestartSubscribedApps" : false,
  "noStart" : false,
  "deleteServices" : false
}#
#2026 03 17 13:47:40.902#Z#DEBUG#dde23164-2207-11f1-a1fb-eeee0a988291.OPERATION#flowable-async-job-executor-thread-61669#
[ValidateDeployParametersStep] Executing task "validateParametersTask" of process "dde25896-2207-11f1-a1fb-eeee0a988291"...#
#2026 03 17 13:47:40.902#Z#DEBUG#dde23164-2207-11f1-a1fb-eeee0a988291.OPERATION#flowable-async-job-executor-thread-61669#
[ValidateDeployParametersStep] Validating parameters...#
#2026 03 17 13:47:40.917#Z#INFO#dde23164-2207-11f1-a1fb-eeee0a988291.OPERATION#flowable-async-job-executor-thread-61669#
[ValidateDeployParametersStep] Size of mtars is 82,200,377 and size of extension descriptors is 0#
#2026 03 17 13:47:40.917#Z#INFO#dde23164-2207-11f1-a1fb-eeee0a988291.OPERATION#flowable-async-job-executor-thread-61669#
[ValidateDeployParametersStep] Archive was split to: 2 parts. Total size in bytes: 82,200,377. Uploading started...#
#2026 03 17 13:47:40.957#Z#DEBUG#dde23164-2207-11f1-a1fb-eeee0a988291.OPERATION#pool-10-thread-6#
[ValidateDeployParametersStep] Opening a new input stream for file with ID: b707433e-a675-47e8-be2c-0bfa7f195648 and name: tutorial_1.0.0.mtar.part.0#
#2026 03 17 13:47:43.873#Z#DEBUG#dde23164-2207-11f1-a1fb-eeee0a988291.OPERATION#pool-10-thread-6#
[ValidateDeployParametersStep] Opening a new input stream for file with ID: 62ebb1f1-d7e7-466a-a796-e8e0324d4708 and name: tutorial_1.0.0.mtar.part.1#
#2026 03 17 13:47:45.517#Z#INFO#dde23164-2207-11f1-a1fb-eeee0a988291.OPERATION#flowable-async-job-executor-thread-61669#
[ValidateDeployParametersStep] Archive with ID: 1d13b14a-8362-4a6c-abce-ef072a5394a6 and name: tutorial_1.0.0.mtar was stored#
#2026 03 17 13:47:45.517#Z#INFO#dde23164-2207-11f1-a1fb-eeee0a988291.OPERATION#flowable-async-job-executor-thread-61669#
[ValidateDeployParametersStep] Deploying in org "SUPORTIS_AG_demo-qs-59u9eftq" and space "qs"#
#2026 03 17 13:47:45.525#Z#DEBUG#dde23164-2207-11f1-a1fb-eeee0a988291.OPERATION#flowable-async-job-executor-thread-61669#
[ValidateDeployParametersStep] Parameters validated#
#2026 03 17 13:47:45.525#Z#DEBUG#dde23164-2207-11f1-a1fb-eeee0a988291.OPERATION#flowable-async-job-executor-thread-61669#
Step "Validate Parameters" finished#
#2026 03 17 13:47:45.582#Z#DEBUG#dde23164-2207-11f1-a1fb-eeee0a988291.OPERATION#flowable-async-job-executor-thread-61675#
[DeleteRemainingFileParts] Executing task "deleteRemainingFileParts" of process "dde25896-2207-11f1-a1fb-eeee0a988291"...#
#2026 03 17 13:47:45.644#Z#DEBUG#dde23164-2207-11f1-a1fb-eeee0a988291.OPERATION#flowable-async-job-executor-thread-61675#
Step "Delete Remaining File Parts" finished#
#2026 03 17 13:47:45.693#Z#DEBUG#dde23164-2207-11f1-a1fb-eeee0a988291.OPERATION#flowable-async-job-executor-thread-61677#
[XS2ProcessMtaArchiveStep] Executing task "processArchiveTask" of process "dde25896-2207-11f1-a1fb-eeee0a988291"...#
#2026 03 17 13:47:45.694#Z#DEBUG#dde23164-2207-11f1-a1fb-eeee0a988291.OPERATION#flowable-async-job-executor-thread-61677#
[XS2ProcessMtaArchiveStep] Processing MTA archive...#
#2026 03 17 13:47:45.694#Z#DEBUG#dde23164-2207-11f1-a1fb-eeee0a988291.OPERATION#flowable-async-job-executor-thread-61677#
[XS2ProcessMtaArchiveStep] MTA Archive ID: 1d13b14a-8362-4a6c-abce-ef072a5394a6#
#2026 03 17 13:47:46.849#Z#DEBUG#dde23164-2207-11f1-a1fb-eeee0a988291.OPERATION#flowable-async-job-executor-thread-61677#
[XS2ProcessMtaArchiveStep] MTA Descriptor length: 3,792#
#2026 03 17 13:47:46.849#Z#DEBUG#dde23164-2207-11f1-a1fb-eeee0a988291.OPERATION#flowable-async-job-executor-thread-61677#
[XS2ProcessMtaArchiveStep] MTA Archive Modules: [tutorial-srv, tutorial-app-deployer, tutorial-db-deployer, tutorial]#
#2026 03 17 13:47:46.850#Z#DEBUG#dde23164-2207-11f1-a1fb-eeee0a988291.OPERATION#flowable-async-job-executor-thread-61677#
[XS2ProcessMtaArchiveStep] MTA Archive Requires: []#
#2026 03 17 13:47:46.850#Z#DEBUG#dde23164-2207-11f1-a1fb-eeee0a988291.OPERATION#flowable-async-job-executor-thread-61677#
[XS2ProcessMtaArchiveStep] MTA Archive Resources: [tutorial-auth]#
#2026 03 17 13:47:46.867#Z#DEBUG#dde23164-2207-11f1-a1fb-eeee0a988291.OPERATION#flowable-async-job-executor-thread-61677#
[XS2ProcessMtaArchiveStep] MTA archive processed#
#2026 03 17 13:47:46.867#Z#DEBUG#dde23164-2207-11f1-a1fb-eeee0a988291.OPERATION#flowable-async-job-executor-thread-61677#
Step "Process Archive" finished#
#2026 03 17 13:47:46.939#Z#DEBUG#dde23164-2207-11f1-a1fb-eeee0a988291.OPERATION#flowable-async-job-executor-thread-61678#
[ProcessMtaExtensionDescriptorsStep] Executing task "processExtensionDescriptorsTask" of process "dde25896-2207-11f1-a1fb-eeee0a988291"...#
#2026 03 17 13:47:46.940#Z#DEBUG#dde23164-2207-11f1-a1fb-eeee0a988291.OPERATION#flowable-async-job-executor-thread-61678#
[ProcessMtaExtensionDescriptorsStep] Processing MTA extension descriptors...#
#2026 03 17 13:47:46.942#Z#DEBUG#dde23164-2207-11f1-a1fb-eeee0a988291.OPERATION#flowable-async-job-executor-thread-61678#
[ProcessMtaExtensionDescriptorsStep] Provided extension descriptors: [ ]#
#2026 03 17 13:47:46.942#Z#DEBUG#dde23164-2207-11f1-a1fb-eeee0a988291.OPERATION#flowable-async-job-executor-thread-61678#
[ProcessMtaExtensionDescriptorsStep] No extension descriptors in use#
#2026 03 17 13:47:46.942#Z#DEBUG#dde23164-2207-11f1-a1fb-eeee0a988291.OPERATION#flowable-async-job-executor-thread-61678#
[ProcessMtaExtensionDescriptorsStep] MTA extension descriptors processed#
#2026 03 17 13:47:46.942#Z#DEBUG#dde23164-2207-11f1-a1fb-eeee0a988291.OPERATION#flowable-async-job-executor-thread-61678#
Step "Process Extension Descriptors" finished#
#2026 03 17 13:47:47.004#Z#DEBUG#dde23164-2207-11f1-a1fb-eeee0a988291.OPERATION#flowable-async-job-executor-thread-61679#
[DetectMtaSchemaVersionStep] Executing task "detectSchemaVersionTask" of process "dde25896-2207-11f1-a1fb-eeee0a988291"...#
#2026 03 17 13:47:47.006#Z#DEBUG#dde23164-2207-11f1-a1fb-eeee0a988291.OPERATION#flowable-async-job-executor-thread-61679#
[DetectMtaSchemaVersionStep] Detecting MTA major schema version...#
#2026 03 17 13:47:47.010#Z#INFO#dde23164-2207-11f1-a1fb-eeee0a988291.OPERATION#flowable-async-job-executor-thread-61679#
[DetectMtaSchemaVersionStep] Detected MTA schema version: "3"#
#2026 03 17 13:47:47.018#Z#DEBUG#dde23164-2207-11f1-a1fb-eeee0a988291.OPERATION#flowable-async-job-executor-thread-61679#
Step "Detect Schema Version" finished#
#2026 03 17 13:47:47.073#Z#DEBUG#dde23164-2207-11f1-a1fb-eeee0a988291.OPERATION#flowable-async-job-executor-thread-61681#
[MergeDescriptorsStep] Executing task "mergeDescriptorsTask" of process "dde25896-2207-11f1-a1fb-eeee0a988291"...#
#2026 03 17 13:47:47.075#Z#DEBUG#dde23164-2207-11f1-a1fb-eeee0a988291.OPERATION#flowable-async-job-executor-thread-61681#
[MergeDescriptorsStep] Validating and merging descriptors...#
#2026 03 17 13:47:47.081#Z#DEBUG#dde23164-2207-11f1-a1fb-eeee0a988291.OPERATION#flowable-async-job-executor-thread-61681#
[MergeDescriptorsStep] Merged deployment descriptor: {
  "majorSchemaVersion" : 3,
  "schemaVersion" : "3.3.0",
  "id" : "tutorial",
  "version" : "1.0.0",
  "modules" : [ {
    "majorSchemaVersion" : 3,
    "name" : "tutorial-srv",
    "type" : "javascript.nodejs",
    "path" : "tutorial-srv",
    "properties" : { },
    "parameters" : {
      "buildpack" : "nodejs_buildpack",
      "instances" : 1
    },
    "requiredDependencies" : [ {
      "majorSchemaVersion" : 3,
      "name" : "********",
      "properties" : { },
      "parameters" : { },
      "propertiesMetadata" : {
        "metadata" : { }
      },
      "parametersMetadata" : {
        "metadata" : { }
      }
    }, {
      "majorSchemaVersion" : 3,
      "name" : "tutorial-db",
      "properties" : { },
      "parameters" : { },
      "propertiesMetadata" : {
        "metadata" : { }
      },
      "parametersMetadata" : {
        "metadata" : { }
      }
    }, {
      "majorSchemaVersion" : 3,
      "name" : "tutorial-destination",
      "properties" : { },
      "parameters" : { },
      "propertiesMetadata" : {
        "metadata" : { }
      },
      "parametersMetadata" : {
        "metadata" : { }
      }
    } ],
    "providedDependencies" : [ {
      "majorSchemaVersion" : 3,
      "name" : "srv-api",
      "isPublic" : false,
      "properties" : {
        "srv-url" : "${default-url}"
      },
      "parameters" : { },
      "propertiesMetadata" : {
        "metadata" : { }
      },
      "parametersMetadata" : {
        "metadata" : { }
      }
    }, {
      "majorSchemaVersion" : 3,
      "name" : "tutorial-srv",
      "isPublic" : false,
      "properties" : { },
      "parameters" : { },
      "propertiesMetadata" : {
        "metadata" : { }
      },
      "parametersMetadata" : {
        "metadata" : { }
      }
    } ],
    "propertiesMetadata" : {
      "metadata" : { }
    },
    "parametersMetadata" : {
      "metadata" : { }
    },
    "hooks" : [ ]
  }, {
    "majorSchemaVersion" : 3,
    "name" : "tutorial-db-deployer",
    "type" : "com.sap.xs.hdi",
    "path" : "tutorial-db-deployer",
    "properties" : {
      "EXIT" : 1
    },
    "parameters" : {
      "memory" : "256M",
      "no-route" : true,
      "dependency-type" : "hard",
      "buildpack" : "nodejs_buildpack",
      "tasks" : [ {
        "name" : "deploy",
        "memory" : "256M",
        "command" : "npm start"
      } ],
      "no-start" : true
    },
    "requiredDependencies" : [ {
      "majorSchemaVersion" : 3,
      "name" : "tutorial-db",
      "properties" : { },
      "parameters" : { },
      "propertiesMetadata" : {
        "metadata" : { }
      },
      "parametersMetadata" : {
        "metadata" : { }
      }
    } ],
    "providedDependencies" : [ {
      "majorSchemaVersion" : 3,
      "name" : "tutorial-db-deployer",
      "isPublic" : false,
      "properties" : { },
      "parameters" : { },
      "propertiesMetadata" : {
        "metadata" : { }
      },
      "parametersMetadata" : {
        "metadata" : { }
      }
    } ],
    "propertiesMetadata" : {
      "metadata" : { }
    },
    "parametersMetadata" : {
      "metadata" : { }
    },
    "hooks" : [ ]
  }, {
    "majorSchemaVersion" : 3,
    "name" : "tutorial-app-deployer",
    "type" : "com.sap.application.content",
    "path" : "tutorial-app-deployer",
    "properties" : { },
    "parameters" : { },
    "requiredDependencies" : [ {
      "majorSchemaVersion" : 3,
      "name" : "********",
      "properties" : { },
      "parameters" : { },
      "propertiesMetadata" : {
        "metadata" : { }
      },
      "parametersMetadata" : {
        "metadata" : { }
      }
    }, {
      "majorSchemaVersion" : 3,
      "name" : "srv-api",
      "properties" : { },
      "parameters" : { },
      "propertiesMetadata" : {
        "metadata" : { }
      },
      "parametersMetadata" : {
        "metadata" : { }
      }
    }, {
      "majorSchemaVersion" : 3,
      "name" : "tutorial-html5-repo-host",
      "properties" : { },
      "parameters" : {
        "config" : {
          "HTML5Runtime_enabled" : true
        },
        "content-target" : true
      },
      "propertiesMetadata" : {
        "metadata" : { }
      },
      "parametersMetadata" : {
        "metadata" : { }
      }
    } ],
    "providedDependencies" : [ {
      "majorSchemaVersion" : 3,
      "name" : "tutorial-app-deployer",
      "isPublic" : false,
      "properties" : { },
      "parameters" : { },
      "propertiesMetadata" : {
        "metadata" : { }
      },
      "parametersMetadata" : {
        "metadata" : { }
      }
    } ],
    "propertiesMetadata" : {
      "metadata" : { }
    },
    "parametersMetadata" : {
      "metadata" : { }
    },
    "hooks" : [ ]
  }, {
    "majorSchemaVersion" : 3,
    "name" : "tutorial-destinations",
    "type" : "com.sap.application.content",
    "properties" : { },
    "parameters" : {
      "content" : {
        "instance" : {
          "destinations" : [ {
            "Name" : "tutorial-html5-repository",
            "ServiceInstanceName" : "tutorial-html5-repo-host",
            "ServiceKeyName" : "********",
            "sap.cloud.service" : "tutorial.service"
          }, {
            "Authentication" : "********",
            "Name" : "********",
            "ServiceInstanceName" : "********",
            "ServiceKeyName" : "********",
            "sap.cloud.service" : "tutorial.service"
          } ],
          "existing_destinations_policy" : "update"
        }
      }
    },
    "requiredDependencies" : [ {
      "majorSchemaVersion" : 3,
      "name" : "********",
      "properties" : { },
      "parameters" : {
        "service-key" : "********"
      },
      "propertiesMetadata" : {
        "metadata" : { }
      },
      "parametersMetadata" : {
        "metadata" : { }
      }
    }, {
      "majorSchemaVersion" : 3,
      "name" : "tutorial-html5-repo-host",
      "properties" : { },
      "parameters" : {
        "service-key" : "********"
      },
      "propertiesMetadata" : {
        "metadata" : { }
      },
      "parametersMetadata" : {
        "metadata" : { }
      }
    }, {
      "majorSchemaVersion" : 3,
      "name" : "srv-api",
      "properties" : { },
      "parameters" : { },
      "propertiesMetadata" : {
        "metadata" : { }
      },
      "parametersMetadata" : {
        "metadata" : { }
      }
    }, {
      "majorSchemaVersion" : 3,
      "name" : "tutorial-destination",
      "properties" : { },
      "parameters" : {
        "content-target" : true
      },
      "propertiesMetadata" : {
        "metadata" : { }
      },
      "parametersMetadata" : {
        "metadata" : { }
      }
    } ],
    "providedDependencies" : [ {
      "majorSchemaVersion" : 3,
      "name" : "tutorial-destinations",
      "isPublic" : false,
      "properties" : { },
      "parameters" : { },
      "propertiesMetadata" : {
        "metadata" : { }
      },
      "parametersMetadata" : {
        "metadata" : { }
      }
    } ],
    "propertiesMetadata" : {
      "metadata" : { }
    },
    "parametersMetadata" : {
      "metadata" : { }
    },
    "hooks" : [ ]
  }, {
    "majorSchemaVersion" : 3,
    "name" : "tutorial",
    "type" : "javascript.nodejs",
    "path" : "tutorial",
    "properties" : { },
    "parameters" : {
      "memory" : "256M",
      "disk-quota" : "256M",
      "keep-existing-routes" : true
    },
    "requiredDependencies" : [ {
      "majorSchemaVersion" : 3,
      "name" : "srv-api",
      "group" : "destinations",
      "properties" : {
        "name" : "srv-api",
        "forwardAuthToken" : "********",
        "url" : "~{srv-url}"
      },
      "parameters" : { },
      "propertiesMetadata" : {
        "metadata" : { }
      },
      "parametersMetadata" : {
        "metadata" : { }
      }
    }, {
      "majorSchemaVersion" : 3,
      "name" : "********",
      "properties" : { },
      "parameters" : { },
      "propertiesMetadata" : {
        "metadata" : { }
      },
      "parametersMetadata" : {
        "metadata" : { }
      }
    }, {
      "majorSchemaVersion" : 3,
      "name" : "tutorial-destination",
      "properties" : { },
      "parameters" : { },
      "propertiesMetadata" : {
        "metadata" : { }
      },
      "parametersMetadata" : {
        "metadata" : { }
      }
    }, {
      "majorSchemaVersion" : 3,
      "name" : "tutorial-html5-runtime",
      "properties" : { },
      "parameters" : { },
      "propertiesMetadata" : {
        "metadata" : { }
      },
      "parametersMetadata" : {
        "metadata" : { }
      }
    } ],
    "providedDependencies" : [ {
      "majorSchemaVersion" : 3,
      "name" : "app-api",
      "isPublic" : false,
      "properties" : {
        "app-protocol" : "${protocol}",
        "app-uri" : "${default-uri}"
      },
      "parameters" : { },
      "propertiesMetadata" : {
        "metadata" : { }
      },
      "parametersMetadata" : {
        "metadata" : { }
      }
    }, {
      "majorSchemaVersion" : 3,
      "name" : "tutorial",
      "isPublic" : false,
      "properties" : { },
      "parameters" : { },
      "propertiesMetadata" : {
        "metadata" : { }
      },
      "parametersMetadata" : {
        "metadata" : { }
      }
    } ],
    "propertiesMetadata" : {
      "metadata" : { }
    },
    "parametersMetadata" : {
      "metadata" : { }
    },
    "hooks" : [ ]
  } ],
  "resources" : [ {
    "majorSchemaVersion" : 3,
    "name" : "********",
    "type" : "org.cloudfoundry.managed-service",
    "properties" : { },
    "parameters" : {
      "path" : "./xs-security.json",
      "service-plan" : "application",
      "type" : "managed-service",
      "config" : {
        "oauth2-configuration" : "********",
        "tenant-mode" : "dedicated",
        "xsappname" : "tutorial-${org}-${space}"
      },
      "service" : "xsuaa"
    },
    "isActive" : true,
    "isOptional" : false,
    "propertiesMetadata" : {
      "metadata" : { }
    },
    "parametersMetadata" : {
      "metadata" : { }
    },
    "requiredDependencies" : [ {
      "majorSchemaVersion" : 3,
      "name" : "app-api",
      "properties" : { },
      "parameters" : { },
      "propertiesMetadata" : {
        "metadata" : { }
      },
      "parametersMetadata" : {
        "metadata" : { }
      }
    } ],
    "processedAfter" : [ ]
  }, {
    "majorSchemaVersion" : 3,
    "name" : "tutorial-db",
    "type" : "com.sap.xs.hdi-container",
    "properties" : { },
    "parameters" : {
      "service-plan" : "hdi-shared",
      "type" : "managed-service",
      "service" : "hana"
    },
    "isActive" : true,
    "isOptional" : false,
    "propertiesMetadata" : {
      "metadata" : { }
    },
    "parametersMetadata" : {
      "metadata" : { }
    },
    "requiredDependencies" : [ ],
    "processedAfter" : [ ]
  }, {
    "majorSchemaVersion" : 3,
    "name" : "tutorial-html5-repo-host",
    "type" : "org.cloudfoundry.managed-service",
    "properties" : { },
    "parameters" : {
      "service-plan" : "app-host",
      "type" : "managed-service",
      "service" : "html5-apps-repo"
    },
    "isActive" : true,
    "isOptional" : false,
    "propertiesMetadata" : {
      "metadata" : { }
    },
    "parametersMetadata" : {
      "metadata" : { }
    },
    "requiredDependencies" : [ ],
    "processedAfter" : [ ]
  }, {
    "majorSchemaVersion" : 3,
    "name" : "tutorial-destination",
    "type" : "org.cloudfoundry.managed-service",
    "properties" : { },
    "parameters" : {
      "service-plan" : "lite",
      "type" : "managed-service",
      "config" : {
        "HTML5Runtime_enabled" : true,
        "init_data" : {
          "instance" : {
            "destinations" : [ {
              "Authentication" : "********",
              "HTML5.DynamicDestination" : true,
              "HTML5.ForwardAuthToken" : "********",
              "Name" : "srv-api",
              "ProxyType" : "Internet",
              "Type" : "HTTP",
              "URL" : "~{srv-api/srv-url}"
            } ],
            "existing_destinations_policy" : "update"
          }
        }
      },
      "service" : "destination"
    },
    "isActive" : true,
    "isOptional" : false,
    "propertiesMetadata" : {
      "metadata" : { }
    },
    "parametersMetadata" : {
      "metadata" : { }
    },
    "requiredDependencies" : [ {
      "majorSchemaVersion" : 3,
      "name" : "srv-api",
      "properties" : { },
      "parameters" : { },
      "propertiesMetadata" : {
        "metadata" : { }
      },
      "parametersMetadata" : {
        "metadata" : { }
      }
    } ],
    "processedAfter" : [ ]
  }, {
    "majorSchemaVersion" : 3,
    "name" : "tutorial-html5-runtime",
    "type" : "org.cloudfoundry.managed-service",
    "properties" : { },
    "parameters" : {
      "service-plan" : "app-runtime",
      "type" : "managed-service",
      "service" : "html5-apps-repo"
    },
    "isActive" : true,
    "isOptional" : false,
    "propertiesMetadata" : {
      "metadata" : { }
    },
    "parametersMetadata" : {
      "metadata" : { }
    },
    "requiredDependencies" : [ ],
    "processedAfter" : [ ]
  } ],
  "parameters" : {
    "enable-parallel-deployments" : true,
    "deploy_mode" : "html5-repo"
  },
  "parametersMetadata" : {
    "metadata" : { }
  }
}#
#2026 03 17 13:47:47.086#Z#DEBUG#dde23164-2207-11f1-a1fb-eeee0a988291.OPERATION#flowable-async-job-executor-thread-61681#
[MergeDescriptorsStep] Descriptors validated and merged#
#2026 03 17 13:47:47.086#Z#DEBUG#dde23164-2207-11f1-a1fb-eeee0a988291.OPERATION#flowable-async-job-executor-thread-61681#
Step "Merge Descriptors" finished#
#2026 03 17 13:47:47.143#Z#DEBUG#dde23164-2207-11f1-a1fb-eeee0a988291.OPERATION#flowable-async-job-executor-thread-61682#
[DetectDeployedMtaStep] Executing task "detectDeployedMtaTask" of process "dde25896-2207-11f1-a1fb-eeee0a988291"...#
#2026 03 17 13:47:47.145#Z#DEBUG#dde23164-2207-11f1-a1fb-eeee0a988291.OPERATION#flowable-async-job-executor-thread-61682#
[DetectDeployedMtaStep] Detecting deployed MTA...#
#2026 03 17 13:47:47.237#Z#DEBUG#dde23164-2207-11f1-a1fb-eeee0a988291.OPERATION#flowable-async-job-executor-thread-61682#
[DetectDeployedMtaStep] Detecting MTA by id tutorial and namespace null#
#2026 03 17 13:47:47.238#Z#DEBUG#dde23164-2207-11f1-a1fb-eeee0a988291.OPERATION#flowable-async-job-executor-thread-61682#
[DetectDeployedMtaStep] Getting applications by metadata label selector "mta_id=0575c8d592fb7b088226750aceec2b4e,!mta_namespace"...#
#2026 03 17 13:47:47.312#Z#DEBUG#dde23164-2207-11f1-a1fb-eeee0a988291.OPERATION#flowable-async-job-executor-thread-61682#
[DetectDeployedMtaStep] Getting service instances by metadata label selector "mta_id=0575c8d592fb7b088226750aceec2b4e,!mta_namespace"...#
#2026 03 17 13:47:47.367#Z#INFO#dde23164-2207-11f1-a1fb-eeee0a988291.OPERATION#flowable-async-job-executor-thread-61682#
[DetectDeployedMtaStep] No deployed MTA detected - this is initial deployment of MTA with ID "tutorial"#
#2026 03 17 13:47:47.376#Z#DEBUG#dde23164-2207-11f1-a1fb-eeee0a988291.OPERATION#flowable-async-job-executor-thread-61682#
[DetectDeployedMtaStep] Detecting backup mta by id "tutorial" and namespace "null"#
#2026 03 17 13:47:47.376#Z#DEBUG#dde23164-2207-11f1-a1fb-eeee0a988291.OPERATION#flowable-async-job-executor-thread-61682#
[DetectDeployedMtaStep] Getting applications by metadata label selector "mta_id=0575c8d592fb7b088226750aceec2b4e,mta_namespace=b698114a0995e936895b9598a6c19a2c"...#
#2026 03 17 13:47:47.426#Z#DEBUG#dde23164-2207-11f1-a1fb-eeee0a988291.OPERATION#flowable-async-job-executor-thread-61682#
[DetectDeployedMtaStep] Getting service instances by metadata label selector "mta_id=0575c8d592fb7b088226750aceec2b4e,mta_namespace=b698114a0995e936895b9598a6c19a2c"...#
#2026 03 17 13:47:47.468#Z#DEBUG#dde23164-2207-11f1-a1fb-eeee0a988291.OPERATION#flowable-async-job-executor-thread-61682#
[DetectDeployedMtaStep] Deployed MTA service keys: [ ]#
#2026 03 17 13:47:47.468#Z#DEBUG#dde23164-2207-11f1-a1fb-eeee0a988291.OPERATION#flowable-async-job-executor-thread-61682#
Step "Detect Deployed MTA" finished#
#2026 03 17 13:47:47.540#Z#DEBUG#dde23164-2207-11f1-a1fb-eeee0a988291.OPERATION#flowable-async-job-executor-thread-61683#
[XS2CollectSystemParametersStep] Executing task "collectSystemParametersTask" of process "dde25896-2207-11f1-a1fb-eeee0a988291"...#
#2026 03 17 13:47:47.542#Z#DEBUG#dde23164-2207-11f1-a1fb-eeee0a988291.OPERATION#flowable-async-job-executor-thread-61683#
[XS2CollectSystemParametersStep] Collecting system parameters...#
#2026 03 17 13:47:47.542#Z#DEBUG#dde23164-2207-11f1-a1fb-eeee0a988291.OPERATION#flowable-async-job-executor-thread-61683#
[XS2CollectSystemParametersStep] Getting default domain...#
#2026 03 17 13:47:47.574#Z#DEBUG#dde23164-2207-11f1-a1fb-eeee0a988291.OPERATION#flowable-async-job-executor-thread-61683#
[XS2CollectSystemParametersStep] Default domain: cfapps.eu10-004.hana.ondemand.com#
#2026 03 17 13:47:47.578#Z#DEBUG#dde23164-2207-11f1-a1fb-eeee0a988291.OPERATION#flowable-async-job-executor-thread-61683#
[XS2CollectSystemParametersStep] Checking for overwriting read-only parameters for mta with id: "tutorial"#
#2026 03 17 13:47:47.578#Z#DEBUG#dde23164-2207-11f1-a1fb-eeee0a988291.OPERATION#flowable-async-job-executor-thread-61683#
[XS2CollectSystemParametersStep] No read-only parameters are overwritten#
#2026 03 17 13:47:47.595#Z#DEBUG#dde23164-2207-11f1-a1fb-eeee0a988291.OPERATION#flowable-async-job-executor-thread-61683#
[XS2CollectSystemParametersStep] Descriptor with system parameters: {
  "majorSchemaVersion" : 3,
  "schemaVersion" : "3.3.0",
  "id" : "tutorial",
  "version" : "1.0.0",
  "modules" : [ {
    "majorSchemaVersion" : 3,
    "name" : "tutorial-srv",
    "type" : "javascript.nodejs",
    "path" : "tutorial-srv",
    "properties" : { },
    "parameters" : {
      "default-url" : "${protocol}://${default-uri}",
      "default-app-name" : "tutorial-srv",
      "generated-password" : "********",
      "default-live-url" : "${protocol}://${default-live-uri}",
      "default-uri" : "${host}.${domain}",
      "default-instances" : 1,
      "default-live-host" : "suportis-ag-demo-qs-59u9eftq-qs-tutorial-srv",
      "instances" : 1,
      "buildpack" : "nodejs_buildpack",
      "default-host" : "suportis-ag-demo-qs-59u9eftq-qs-tutorial-srv",
      "app-name" : "${default-app-name}",
      "default-live-uri" : "suportis-ag-demo-qs-59u9eftq-qs-tutorial-srv.${domain}",
      "protocol" : "https",
      "default-live-app-name" : "tutorial-srv",
      "default-live-domain" : "cfapps.eu10-004.hana.ondemand.com",
      "domain" : "${default-domain}",
      "host" : "${default-host}",
      "generated-user" : "********"
    },
    "requiredDependencies" : [ {
      "majorSchemaVersion" : 3,
      "name" : "********",
      "properties" : { },
      "parameters" : { },
      "propertiesMetadata" : {
        "metadata" : { }
      },
      "parametersMetadata" : {
        "metadata" : { }
      }
    }, {
      "majorSchemaVersion" : 3,
      "name" : "tutorial-db",
      "properties" : { },
      "parameters" : { },
      "propertiesMetadata" : {
        "metadata" : { }
      },
      "parametersMetadata" : {
        "metadata" : { }
      }
    }, {
      "majorSchemaVersion" : 3,
      "name" : "tutorial-destination",
      "properties" : { },
      "parameters" : { },
      "propertiesMetadata" : {
        "metadata" : { }
      },
      "parametersMetadata" : {
        "metadata" : { }
      }
    } ],
    "providedDependencies" : [ {
      "majorSchemaVersion" : 3,
      "name" : "srv-api",
      "isPublic" : false,
      "properties" : {
        "srv-url" : "${default-url}"
      },
      "parameters" : { },
      "propertiesMetadata" : {
        "metadata" : { }
      },
      "parametersMetadata" : {
        "metadata" : { }
      }
    }, {
      "majorSchemaVersion" : 3,
      "name" : "tutorial-srv",
      "isPublic" : false,
      "properties" : { },
      "parameters" : { },
      "propertiesMetadata" : {
        "metadata" : { }
      },
      "parametersMetadata" : {
        "metadata" : { }
      }
    } ],
    "propertiesMetadata" : {
      "metadata" : { }
    },
    "parametersMetadata" : {
      "metadata" : { }
    },
    "hooks" : [ ]
  }, {
    "majorSchemaVersion" : 3,
    "name" : "tutorial-db-deployer",
    "type" : "com.sap.xs.hdi",
    "path" : "tutorial-db-deployer",
    "properties" : {
      "EXIT" : 1
    },
    "parameters" : {
      "default-url" : "${protocol}://${default-uri}",
      "default-app-name" : "tutorial-db-deployer",
      "generated-password" : "********",
      "default-live-url" : "${protocol}://${default-live-uri}",
      "default-uri" : "${host}.${domain}",
      "memory" : "256M",
      "default-instances" : 1,
      "no-route" : true,
      "default-live-host" : "suportis-ag-demo-qs-59u9eftq-qs-tutorial-db-deployer",
      "instances" : "${default-instances}",
      "buildpack" : "nodejs_buildpack",
      "default-host" : "suportis-ag-demo-qs-59u9eftq-qs-tutorial-db-deployer",
      "app-name" : "${default-app-name}",
      "default-live-uri" : "suportis-ag-demo-qs-59u9eftq-qs-tutorial-db-deployer.${domain}",
      "protocol" : "https",
      "default-live-app-name" : "tutorial-db-deployer",
      "default-live-domain" : "cfapps.eu10-004.hana.ondemand.com",
      "dependency-type" : "hard",
      "domain" : "${default-domain}",
      "host" : "${default-host}",
      "generated-user" : "********",
      "tasks" : [ {
        "name" : "deploy",
        "memory" : "256M",
        "command" : "npm start"
      } ],
      "no-start" : true
    },
    "requiredDependencies" : [ {
      "majorSchemaVersion" : 3,
      "name" : "tutorial-db",
      "properties" : { },
      "parameters" : { },
      "propertiesMetadata" : {
        "metadata" : { }
      },
      "parametersMetadata" : {
        "metadata" : { }
      }
    } ],
    "providedDependencies" : [ {
      "majorSchemaVersion" : 3,
      "name" : "tutorial-db-deployer",
      "isPublic" : false,
      "properties" : { },
      "parameters" : { },
      "propertiesMetadata" : {
        "metadata" : { }
      },
      "parametersMetadata" : {
        "metadata" : { }
      }
    } ],
    "propertiesMetadata" : {
      "metadata" : { }
    },
    "parametersMetadata" : {
      "metadata" : { }
    },
    "hooks" : [ ]
  }, {
    "majorSchemaVersion" : 3,
    "name" : "tutorial-app-deployer",
    "type" : "com.sap.application.content",
    "path" : "tutorial-app-deployer",
    "properties" : { },
    "parameters" : {
      "default-url" : "${protocol}://${default-uri}",
      "default-app-name" : "tutorial-app-deployer",
      "generated-password" : "********",
      "default-live-url" : "${protocol}://${default-live-uri}",
      "default-uri" : "${host}.${domain}",
      "default-instances" : 1,
      "default-live-host" : "suportis-ag-demo-qs-59u9eftq-qs-tutorial-app-deployer",
      "instances" : "${default-instances}",
      "default-host" : "suportis-ag-demo-qs-59u9eftq-qs-tutorial-app-deployer",
      "app-name" : "${default-app-name}",
      "default-live-uri" : "suportis-ag-demo-qs-59u9eftq-qs-tutorial-app-deployer.${domain}",
      "protocol" : "https",
      "default-live-app-name" : "tutorial-app-deployer",
      "default-live-domain" : "cfapps.eu10-004.hana.ondemand.com",
      "domain" : "${default-domain}",
      "host" : "${default-host}",
      "generated-user" : "********"
    },
    "requiredDependencies" : [ {
      "majorSchemaVersion" : 3,
      "name" : "********",
      "properties" : { },
      "parameters" : { },
      "propertiesMetadata" : {
        "metadata" : { }
      },
      "parametersMetadata" : {
        "metadata" : { }
      }
    }, {
      "majorSchemaVersion" : 3,
      "name" : "srv-api",
      "properties" : { },
      "parameters" : { },
      "propertiesMetadata" : {
        "metadata" : { }
      },
      "parametersMetadata" : {
        "metadata" : { }
      }
    }, {
      "majorSchemaVersion" : 3,
      "name" : "tutorial-html5-repo-host",
      "properties" : { },
      "parameters" : {
        "config" : {
          "HTML5Runtime_enabled" : true
        },
        "content-target" : true
      },
      "propertiesMetadata" : {
        "metadata" : { }
      },
      "parametersMetadata" : {
        "metadata" : { }
      }
    } ],
    "providedDependencies" : [ {
      "majorSchemaVersion" : 3,
      "name" : "tutorial-app-deployer",
      "isPublic" : false,
      "properties" : { },
      "parameters" : { },
      "propertiesMetadata" : {
        "metadata" : { }
      },
      "parametersMetadata" : {
        "metadata" : { }
      }
    } ],
    "propertiesMetadata" : {
      "metadata" : { }
    },
    "parametersMetadata" : {
      "metadata" : { }
    },
    "hooks" : [ ]
  }, {
    "majorSchemaVersion" : 3,
    "name" : "tutorial-destinations",
    "type" : "com.sap.application.content",
    "properties" : { },
    "parameters" : {
      "default-url" : "${protocol}://${default-uri}",
      "default-app-name" : "tutorial-destinations",
      "generated-password" : "********",
      "default-live-url" : "${protocol}://${default-live-uri}",
      "default-uri" : "${host}.${domain}",
      "default-instances" : 1,
      "default-live-host" : "suportis-ag-demo-qs-59u9eftq-qs-tutorial-destinations",
      "instances" : "${default-instances}",
      "default-host" : "suportis-ag-demo-qs-59u9eftq-qs-tutorial-destinations",
      "content" : {
        "instance" : {
          "destinations" : [ {
            "Name" : "tutorial-html5-repository",
            "ServiceInstanceName" : "tutorial-html5-repo-host",
            "ServiceKeyName" : "********",
            "sap.cloud.service" : "tutorial.service"
          }, {
            "Authentication" : "********",
            "Name" : "********",
            "ServiceInstanceName" : "********",
            "ServiceKeyName" : "********",
            "sap.cloud.service" : "tutorial.service"
          } ],
          "existing_destinations_policy" : "update"
        }
      },
      "app-name" : "${default-app-name}",
      "default-live-uri" : "suportis-ag-demo-qs-59u9eftq-qs-tutorial-destinations.${domain}",
      "protocol" : "https",
      "default-live-app-name" : "tutorial-destinations",
      "default-live-domain" : "cfapps.eu10-004.hana.ondemand.com",
      "domain" : "${default-domain}",
      "host" : "${default-host}",
      "generated-user" : "********"
    },
    "requiredDependencies" : [ {
      "majorSchemaVersion" : 3,
      "name" : "********",
      "properties" : { },
      "parameters" : {
        "service-key" : "********"
      },
      "propertiesMetadata" : {
        "metadata" : { }
      },
      "parametersMetadata" : {
        "metadata" : { }
      }
    }, {
      "majorSchemaVersion" : 3,
      "name" : "tutorial-html5-repo-host",
      "properties" : { },
      "parameters" : {
        "service-key" : "********"
      },
      "propertiesMetadata" : {
        "metadata" : { }
      },
      "parametersMetadata" : {
        "metadata" : { }
      }
    }, {
      "majorSchemaVersion" : 3,
      "name" : "srv-api",
      "properties" : { },
      "parameters" : { },
      "propertiesMetadata" : {
        "metadata" : { }
      },
      "parametersMetadata" : {
        "metadata" : { }
      }
    }, {
      "majorSchemaVersion" : 3,
      "name" : "tutorial-destination",
      "properties" : { },
      "parameters" : {
        "content-target" : true
      },
      "propertiesMetadata" : {
        "metadata" : { }
      },
      "parametersMetadata" : {
        "metadata" : { }
      }
    } ],
    "providedDependencies" : [ {
      "majorSchemaVersion" : 3,
      "name" : "tutorial-destinations",
      "isPublic" : false,
      "properties" : { },
      "parameters" : { },
      "propertiesMetadata" : {
        "metadata" : { }
      },
      "parametersMetadata" : {
        "metadata" : { }
      }
    } ],
    "propertiesMetadata" : {
      "metadata" : { }
    },
    "parametersMetadata" : {
      "metadata" : { }
    },
    "hooks" : [ ]
  }, {
    "majorSchemaVersion" : 3,
    "name" : "tutorial",
    "type" : "javascript.nodejs",
    "path" : "tutorial",
    "properties" : { },
    "parameters" : {
      "default-url" : "${protocol}://${default-uri}",
      "default-app-name" : "tutorial",
      "generated-password" : "********",
      "default-live-url" : "${protocol}://${default-live-uri}",
      "default-uri" : "${host}.${domain}",
      "memory" : "256M",
      "default-instances" : 1,
      "default-live-host" : "suportis-ag-demo-qs-59u9eftq-qs-tutorial",
      "instances" : "${default-instances}",
      "default-host" : "suportis-ag-demo-qs-59u9eftq-qs-tutorial",
      "keep-existing-routes" : true,
      "app-name" : "${default-app-name}",
      "default-live-uri" : "suportis-ag-demo-qs-59u9eftq-qs-tutorial.${domain}",
      "protocol" : "https",
      "default-live-app-name" : "tutorial",
      "default-live-domain" : "cfapps.eu10-004.hana.ondemand.com",
      "disk-quota" : "256M",
      "domain" : "${default-domain}",
      "host" : "${default-host}",
      "generated-user" : "********"
    },
    "requiredDependencies" : [ {
      "majorSchemaVersion" : 3,
      "name" : "srv-api",
      "group" : "destinations",
      "properties" : {
        "name" : "srv-api",
        "forwardAuthToken" : "********",
        "url" : "~{srv-url}"
      },
      "parameters" : { },
      "propertiesMetadata" : {
        "metadata" : { }
      },
      "parametersMetadata" : {
        "metadata" : { }
      }
    }, {
      "majorSchemaVersion" : 3,
      "name" : "********",
      "properties" : { },
      "parameters" : { },
      "propertiesMetadata" : {
        "metadata" : { }
      },
      "parametersMetadata" : {
        "metadata" : { }
      }
    }, {
      "majorSchemaVersion" : 3,
      "name" : "tutorial-destination",
      "properties" : { },
      "parameters" : { },
      "propertiesMetadata" : {
        "metadata" : { }
      },
      "parametersMetadata" : {
        "metadata" : { }
      }
    }, {
      "majorSchemaVersion" : 3,
      "name" : "tutorial-html5-runtime",
      "properties" : { },
      "parameters" : { },
      "propertiesMetadata" : {
        "metadata" : { }
      },
      "parametersMetadata" : {
        "metadata" : { }
      }
    } ],
    "providedDependencies" : [ {
      "majorSchemaVersion" : 3,
      "name" : "app-api",
      "isPublic" : false,
      "properties" : {
        "app-protocol" : "${protocol}",
        "app-uri" : "${default-uri}"
      },
      "parameters" : { },
      "propertiesMetadata" : {
        "metadata" : { }
      },
      "parametersMetadata" : {
        "metadata" : { }
      }
    }, {
      "majorSchemaVersion" : 3,
      "name" : "tutorial",
      "isPublic" : false,
      "properties" : { },
      "parameters" : { },
      "propertiesMetadata" : {
        "metadata" : { }
      },
      "parametersMetadata" : {
        "metadata" : { }
      }
    } ],
    "propertiesMetadata" : {
      "metadata" : { }
    },
    "parametersMetadata" : {
      "metadata" : { }
    },
    "hooks" : [ ]
  } ],
  "resources" : [ {
    "majorSchemaVersion" : 3,
    "name" : "********",
    "type" : "org.cloudfoundry.managed-service",
    "properties" : { },
    "parameters" : {
      "generated-password" : "********",
      "path" : "./xs-security.json",
      "service-name" : "${default-service-name}",
      "service-plan" : "application",
      "service" : "xsuaa",
      "generated-user" : "********",
      "default-xsappname" : "********",
      "type" : "managed-service",
      "config" : {
        "oauth2-configuration" : "********",
        "tenant-mode" : "dedicated",
        "xsappname" : "tutorial-${org}-${space}"
      },
      "default-service-name" : "********",
      "default-container-name" : "********"
    },
    "isActive" : true,
    "isOptional" : false,
    "propertiesMetadata" : {
      "metadata" : { }
    },
    "parametersMetadata" : {
      "metadata" : { }
    },
    "requiredDependencies" : [ {
      "majorSchemaVersion" : 3,
      "name" : "app-api",
      "properties" : { },
      "parameters" : { },
      "propertiesMetadata" : {
        "metadata" : { }
      },
      "parametersMetadata" : {
        "metadata" : { }
      }
    } ],
    "processedAfter" : [ ]
  }, {
    "majorSchemaVersion" : 3,
    "name" : "tutorial-db",
    "type" : "com.sap.xs.hdi-container",
    "properties" : { },
    "parameters" : {
      "generated-password" : "********",
      "service-name" : "${default-service-name}",
      "service-plan" : "hdi-shared",
      "service" : "hana",
      "generated-user" : "********",
      "default-xsappname" : "tutorial-db",
      "type" : "managed-service",
      "default-service-name" : "tutorial-db",
      "default-container-name" : "SUPORTIS_AG_DEMO_QS_59U9EFTQ_QS_TUTORIAL_DB"
    },
    "isActive" : true,
    "isOptional" : false,
    "propertiesMetadata" : {
      "metadata" : { }
    },
    "parametersMetadata" : {
      "metadata" : { }
    },
    "requiredDependencies" : [ ],
    "processedAfter" : [ ]
  }, {
    "majorSchemaVersion" : 3,
    "name" : "tutorial-html5-repo-host",
    "type" : "org.cloudfoundry.managed-service",
    "properties" : { },
    "parameters" : {
      "generated-password" : "********",
      "service-name" : "${default-service-name}",
      "service-plan" : "app-host",
      "service" : "html5-apps-repo",
      "generated-user" : "********",
      "default-xsappname" : "tutorial-html5-repo-host",
      "type" : "managed-service",
      "default-service-name" : "tutorial-html5-repo-host",
      "default-container-name" : "SUPORTIS_AG_DEMO_QS_59U9EFTQ_QS_TUTORIAL_HTML5_REPO_HOST"
    },
    "isActive" : true,
    "isOptional" : false,
    "propertiesMetadata" : {
      "metadata" : { }
    },
    "parametersMetadata" : {
      "metadata" : { }
    },
    "requiredDependencies" : [ ],
    "processedAfter" : [ ]
  }, {
    "majorSchemaVersion" : 3,
    "name" : "tutorial-destination",
    "type" : "org.cloudfoundry.managed-service",
    "properties" : { },
    "parameters" : {
      "generated-password" : "********",
      "service-name" : "${default-service-name}",
      "service-plan" : "lite",
      "service" : "destination",
      "generated-user" : "********",
      "default-xsappname" : "tutorial-destination",
      "type" : "managed-service",
      "config" : {
        "HTML5Runtime_enabled" : true,
        "init_data" : {
          "instance" : {
            "destinations" : [ {
              "Authentication" : "********",
              "HTML5.DynamicDestination" : true,
              "HTML5.ForwardAuthToken" : "********",
              "Name" : "srv-api",
              "ProxyType" : "Internet",
              "Type" : "HTTP",
              "URL" : "~{srv-api/srv-url}"
            } ],
            "existing_destinations_policy" : "update"
          }
        }
      },
      "default-service-name" : "tutorial-destination",
      "default-container-name" : "SUPORTIS_AG_DEMO_QS_59U9EFTQ_QS_TUTORIAL_DESTINATION"
    },
    "isActive" : true,
    "isOptional" : false,
    "propertiesMetadata" : {
      "metadata" : { }
    },
    "parametersMetadata" : {
      "metadata" : { }
    },
    "requiredDependencies" : [ {
      "majorSchemaVersion" : 3,
      "name" : "srv-api",
      "properties" : { },
      "parameters" : { },
      "propertiesMetadata" : {
        "metadata" : { }
      },
      "parametersMetadata" : {
        "metadata" : { }
      }
    } ],
    "processedAfter" : [ ]
  }, {
    "majorSchemaVersion" : 3,
    "name" : "tutorial-html5-runtime",
    "type" : "org.cloudfoundry.managed-service",
    "properties" : { },
    "parameters" : {
      "generated-password" : "********",
      "service-name" : "${default-service-name}",
      "service-plan" : "app-runtime",
      "service" : "html5-apps-repo",
      "generated-user" : "********",
      "default-xsappname" : "tutorial-html5-runtime",
      "type" : "managed-service",
      "default-service-name" : "tutorial-html5-runtime",
      "default-container-name" : "SUPORTIS_AG_DEMO_QS_59U9EFTQ_QS_TUTORIAL_HTML5_RUNTIME"
    },
    "isActive" : true,
    "isOptional" : false,
    "propertiesMetadata" : {
      "metadata" : { }
    },
    "parametersMetadata" : {
      "metadata" : { }
    },
    "requiredDependencies" : [ ],
    "processedAfter" : [ ]
  } ],
  "parameters" : {
    "deploy_mode" : "html5-repo",
    "mta-id" : "tutorial",
    "authorization-url" : "********",
    "org-guid" : "0f84b19e-e7b5-482f-8f7b-8dc020a3b0c2",
    "org" : "SUPORTIS_AG_demo-qs-59u9eftq",
    "deploy-target" : "SUPORTIS_AG_demo-qs-59u9eftq qs",
    "enable-parallel-deployments" : true,
    "space" : "qs",
    "xs-api-url" : "https://api.cf.eu10-004.hana.ondemand.com",
    "deploy-url" : "deploy-service.cfapps.eu10-004.hana.ondemand.com",
    "xs-type" : "CF",
    "default-domain" : "cfapps.eu10-004.hana.ondemand.com",
    "mta-version" : "1.0.0",
    "xs-auth-url" : "********",
    "space-guid" : "190179fa-25dc-444e-b7b2-a3816c974671",
    "user" : "********",
    "controller-url" : "https://api.cf.eu10-004.hana.ondemand.com",
    "timestamp" : "20260317134740"
  },
  "parametersMetadata" : {
    "metadata" : { }
  }
}#
#2026 03 17 13:47:47.595#Z#DEBUG#dde23164-2207-11f1-a1fb-eeee0a988291.OPERATION#flowable-async-job-executor-thread-61683#
[XS2CollectSystemParametersStep] Version rule: SAME_HIGHER#
#2026 03 17 13:47:47.595#Z#INFO#dde23164-2207-11f1-a1fb-eeee0a988291.OPERATION#flowable-async-job-executor-thread-61683#
[XS2CollectSystemParametersStep] Detected new MTA version: "1.0.0"#
#2026 03 17 13:47:47.610#Z#DEBUG#dde23164-2207-11f1-a1fb-eeee0a988291.OPERATION#flowable-async-job-executor-thread-61683#
[XS2CollectSystemParametersStep] MTA accepted for deployment#
#2026 03 17 13:47:47.610#Z#DEBUG#dde23164-2207-11f1-a1fb-eeee0a988291.OPERATION#flowable-async-job-executor-thread-61683#
[XS2CollectSystemParametersStep] System parameters collected#
#2026 03 17 13:47:47.610#Z#DEBUG#dde23164-2207-11f1-a1fb-eeee0a988291.OPERATION#flowable-async-job-executor-thread-61683#
Step "Collect System Parameters" finished#
#2026 03 17 13:47:47.677#Z#DEBUG#dde23164-2207-11f1-a1fb-eeee0a988291.OPERATION#flowable-async-job-executor-thread-61685#
[ProcessDescriptorStep] Executing task "processDescriptorTask" of process "dde25896-2207-11f1-a1fb-eeee0a988291"...#
#2026 03 17 13:47:47.678#Z#DEBUG#dde23164-2207-11f1-a1fb-eeee0a988291.OPERATION#flowable-async-job-executor-thread-61685#
[ProcessDescriptorStep] Resolving properties and parameters in merged descriptor...#
#2026 03 17 13:47:47.688#Z#DEBUG#dde23164-2207-11f1-a1fb-eeee0a988291.OPERATION#flowable-async-job-executor-thread-61685#
[ProcessDescriptorStep] Subscriptions: [ ]#
#2026 03 17 13:47:47.688#Z#DEBUG#dde23164-2207-11f1-a1fb-eeee0a988291.OPERATION#flowable-async-job-executor-thread-61685#
[ProcessDescriptorStep] MTA modules: [tutorial-srv, tutorial-destinations, tutorial-app-deployer, tutorial-db-deployer, tutorial]#
#2026 03 17 13:47:47.695#Z#DEBUG#dde23164-2207-11f1-a1fb-eeee0a988291.OPERATION#flowable-async-job-executor-thread-61685#
[ProcessDescriptorStep] Resolved deployment descriptor: {
  "majorSchemaVersion" : 3,
  "schemaVersion" : "3.3.0",
  "id" : "tutorial",
  "version" : "1.0.0",
  "modules" : [ {
    "majorSchemaVersion" : 3,
    "name" : "tutorial-srv",
    "type" : "javascript.nodejs",
    "path" : "tutorial-srv",
    "properties" : { },
    "parameters" : {
      "default-url" : "https://suportis-ag-demo-qs-59u9eftq-qs-tutorial-srv.cfapps.eu10-004.hana.ondemand.com",
      "default-app-name" : "tutorial-srv",
      "generated-password" : "********",
      "default-live-url" : "https://suportis-ag-demo-qs-59u9eftq-qs-tutorial-srv.cfapps.eu10-004.hana.ondemand.com",
      "default-uri" : "suportis-ag-demo-qs-59u9eftq-qs-tutorial-srv.cfapps.eu10-004.hana.ondemand.com",
      "default-instances" : 1,
      "default-live-host" : "suportis-ag-demo-qs-59u9eftq-qs-tutorial-srv",
      "instances" : 1,
      "buildpack" : "nodejs_buildpack",
      "default-host" : "suportis-ag-demo-qs-59u9eftq-qs-tutorial-srv",
      "app-name" : "tutorial-srv",
      "default-live-uri" : "suportis-ag-demo-qs-59u9eftq-qs-tutorial-srv.cfapps.eu10-004.hana.ondemand.com",
      "protocol" : "https",
      "default-live-app-name" : "tutorial-srv",
      "default-live-domain" : "cfapps.eu10-004.hana.ondemand.com",
      "domain" : "cfapps.eu10-004.hana.ondemand.com",
      "host" : "suportis-ag-demo-qs-59u9eftq-qs-tutorial-srv",
      "generated-user" : "********"
    },
    "requiredDependencies" : [ {
      "majorSchemaVersion" : 3,
      "name" : "********",
      "properties" : { },
      "parameters" : { },
      "propertiesMetadata" : {
        "metadata" : { }
      },
      "parametersMetadata" : {
        "metadata" : { }
      }
    }, {
      "majorSchemaVersion" : 3,
      "name" : "tutorial-db",
      "properties" : { },
      "parameters" : { },
      "propertiesMetadata" : {
        "metadata" : { }
      },
      "parametersMetadata" : {
        "metadata" : { }
      }
    }, {
      "majorSchemaVersion" : 3,
      "name" : "tutorial-destination",
      "properties" : { },
      "parameters" : { },
      "propertiesMetadata" : {
        "metadata" : { }
      },
      "parametersMetadata" : {
        "metadata" : { }
      }
    } ],
    "providedDependencies" : [ {
      "majorSchemaVersion" : 3,
      "name" : "srv-api",
      "isPublic" : false,
      "properties" : {
        "srv-url" : "https://suportis-ag-demo-qs-59u9eftq-qs-tutorial-srv.cfapps.eu10-004.hana.ondemand.com"
      },
      "parameters" : { },
      "propertiesMetadata" : {
        "metadata" : { }
      },
      "parametersMetadata" : {
        "metadata" : { }
      }
    }, {
      "majorSchemaVersion" : 3,
      "name" : "tutorial-srv",
      "isPublic" : false,
      "properties" : { },
      "parameters" : { },
      "propertiesMetadata" : {
        "metadata" : { }
      },
      "parametersMetadata" : {
        "metadata" : { }
      }
    } ],
    "propertiesMetadata" : {
      "metadata" : { }
    },
    "parametersMetadata" : {
      "metadata" : { }
    },
    "hooks" : [ ]
  }, {
    "majorSchemaVersion" : 3,
    "name" : "tutorial-db-deployer",
    "type" : "com.sap.xs.hdi",
    "path" : "tutorial-db-deployer",
    "properties" : {
      "EXIT" : 1
    },
    "parameters" : {
      "default-url" : "https://suportis-ag-demo-qs-59u9eftq-qs-tutorial-db-deployer.cfapps.eu10-004.hana.ondemand.com",
      "default-app-name" : "tutorial-db-deployer",
      "generated-password" : "********",
      "default-live-url" : "https://suportis-ag-demo-qs-59u9eftq-qs-tutorial-db-deployer.cfapps.eu10-004.hana.ondemand.com",
      "default-uri" : "suportis-ag-demo-qs-59u9eftq-qs-tutorial-db-deployer.cfapps.eu10-004.hana.ondemand.com",
      "memory" : "256M",
      "default-instances" : 1,
      "no-route" : true,
      "default-live-host" : "suportis-ag-demo-qs-59u9eftq-qs-tutorial-db-deployer",
      "instances" : 1,
      "buildpack" : "nodejs_buildpack",
      "default-host" : "suportis-ag-demo-qs-59u9eftq-qs-tutorial-db-deployer",
      "app-name" : "tutorial-db-deployer",
      "default-live-uri" : "suportis-ag-demo-qs-59u9eftq-qs-tutorial-db-deployer.cfapps.eu10-004.hana.ondemand.com",
      "protocol" : "https",
      "default-live-app-name" : "tutorial-db-deployer",
      "default-live-domain" : "cfapps.eu10-004.hana.ondemand.com",
      "dependency-type" : "hard",
      "domain" : "cfapps.eu10-004.hana.ondemand.com",
      "host" : "suportis-ag-demo-qs-59u9eftq-qs-tutorial-db-deployer",
      "generated-user" : "********",
      "tasks" : [ {
        "command" : "npm start",
        "memory" : "256M",
        "name" : "deploy"
      } ],
      "no-start" : true
    },
    "requiredDependencies" : [ {
      "majorSchemaVersion" : 3,
      "name" : "tutorial-db",
      "properties" : { },
      "parameters" : { },
      "propertiesMetadata" : {
        "metadata" : { }
      },
      "parametersMetadata" : {
        "metadata" : { }
      }
    } ],
    "providedDependencies" : [ {
      "majorSchemaVersion" : 3,
      "name" : "tutorial-db-deployer",
      "isPublic" : false,
      "properties" : { },
      "parameters" : { },
      "propertiesMetadata" : {
        "metadata" : { }
      },
      "parametersMetadata" : {
        "metadata" : { }
      }
    } ],
    "propertiesMetadata" : {
      "metadata" : { }
    },
    "parametersMetadata" : {
      "metadata" : { }
    },
    "hooks" : [ ]
  }, {
    "majorSchemaVersion" : 3,
    "name" : "tutorial-app-deployer",
    "type" : "com.sap.application.content",
    "path" : "tutorial-app-deployer",
    "properties" : { },
    "parameters" : {
      "default-url" : "https://suportis-ag-demo-qs-59u9eftq-qs-tutorial-app-deployer.cfapps.eu10-004.hana.ondemand.com",
      "default-app-name" : "tutorial-app-deployer",
      "generated-password" : "********",
      "default-live-url" : "https://suportis-ag-demo-qs-59u9eftq-qs-tutorial-app-deployer.cfapps.eu10-004.hana.ondemand.com",
      "default-uri" : "suportis-ag-demo-qs-59u9eftq-qs-tutorial-app-deployer.cfapps.eu10-004.hana.ondemand.com",
      "default-instances" : 1,
      "default-live-host" : "suportis-ag-demo-qs-59u9eftq-qs-tutorial-app-deployer",
      "instances" : 1,
      "default-host" : "suportis-ag-demo-qs-59u9eftq-qs-tutorial-app-deployer",
      "app-name" : "tutorial-app-deployer",
      "default-live-uri" : "suportis-ag-demo-qs-59u9eftq-qs-tutorial-app-deployer.cfapps.eu10-004.hana.ondemand.com",
      "protocol" : "https",
      "default-live-app-name" : "tutorial-app-deployer",
      "default-live-domain" : "cfapps.eu10-004.hana.ondemand.com",
      "domain" : "cfapps.eu10-004.hana.ondemand.com",
      "host" : "suportis-ag-demo-qs-59u9eftq-qs-tutorial-app-deployer",
      "generated-user" : "********"
    },
    "requiredDependencies" : [ {
      "majorSchemaVersion" : 3,
      "name" : "********",
      "properties" : { },
      "parameters" : { },
      "propertiesMetadata" : {
        "metadata" : { }
      },
      "parametersMetadata" : {
        "metadata" : { }
      }
    }, {
      "majorSchemaVersion" : 3,
      "name" : "srv-api",
      "properties" : { },
      "parameters" : { },
      "propertiesMetadata" : {
        "metadata" : { }
      },
      "parametersMetadata" : {
        "metadata" : { }
      }
    }, {
      "majorSchemaVersion" : 3,
      "name" : "tutorial-html5-repo-host",
      "properties" : { },
      "parameters" : {
        "config" : {
          "HTML5Runtime_enabled" : true
        },
        "content-target" : true
      },
      "propertiesMetadata" : {
        "metadata" : { }
      },
      "parametersMetadata" : {
        "metadata" : { }
      }
    } ],
    "providedDependencies" : [ {
      "majorSchemaVersion" : 3,
      "name" : "tutorial-app-deployer",
      "isPublic" : false,
      "properties" : { },
      "parameters" : { },
      "propertiesMetadata" : {
        "metadata" : { }
      },
      "parametersMetadata" : {
        "metadata" : { }
      }
    } ],
    "propertiesMetadata" : {
      "metadata" : { }
    },
    "parametersMetadata" : {
      "metadata" : { }
    },
    "hooks" : [ ]
  }, {
    "majorSchemaVersion" : 3,
    "name" : "tutorial-destinations",
    "type" : "com.sap.application.content",
    "properties" : { },
    "parameters" : {
      "default-url" : "https://suportis-ag-demo-qs-59u9eftq-qs-tutorial-destinations.cfapps.eu10-004.hana.ondemand.com",
      "default-app-name" : "tutorial-destinations",
      "generated-password" : "********",
      "default-live-url" : "https://suportis-ag-demo-qs-59u9eftq-qs-tutorial-destinations.cfapps.eu10-004.hana.ondemand.com",
      "default-uri" : "suportis-ag-demo-qs-59u9eftq-qs-tutorial-destinations.cfapps.eu10-004.hana.ondemand.com",
      "default-instances" : 1,
      "default-live-host" : "suportis-ag-demo-qs-59u9eftq-qs-tutorial-destinations",
      "instances" : 1,
      "default-host" : "suportis-ag-demo-qs-59u9eftq-qs-tutorial-destinations",
      "content" : {
        "instance" : {
          "destinations" : [ {
            "Name" : "tutorial-html5-repository",
            "ServiceInstanceName" : "tutorial-html5-repo-host",
            "ServiceKeyName" : "********",
            "sap.cloud.service" : "tutorial.service"
          }, {
            "Authentication" : "********",
            "Name" : "********",
            "ServiceInstanceName" : "********",
            "ServiceKeyName" : "********",
            "sap.cloud.service" : "tutorial.service"
          } ],
          "existing_destinations_policy" : "update"
        }
      },
      "app-name" : "tutorial-destinations",
      "default-live-uri" : "suportis-ag-demo-qs-59u9eftq-qs-tutorial-destinations.cfapps.eu10-004.hana.ondemand.com",
      "protocol" : "https",
      "default-live-app-name" : "tutorial-destinations",
      "default-live-domain" : "cfapps.eu10-004.hana.ondemand.com",
      "domain" : "cfapps.eu10-004.hana.ondemand.com",
      "host" : "suportis-ag-demo-qs-59u9eftq-qs-tutorial-destinations",
      "generated-user" : "********"
    },
    "requiredDependencies" : [ {
      "majorSchemaVersion" : 3,
      "name" : "********",
      "properties" : { },
      "parameters" : {
        "service-key" : "********"
      },
      "propertiesMetadata" : {
        "metadata" : { }
      },
      "parametersMetadata" : {
        "metadata" : { }
      }
    }, {
      "majorSchemaVersion" : 3,
      "name" : "tutorial-html5-repo-host",
      "properties" : { },
      "parameters" : {
        "service-key" : "********"
      },
      "propertiesMetadata" : {
        "metadata" : { }
      },
      "parametersMetadata" : {
        "metadata" : { }
      }
    }, {
      "majorSchemaVersion" : 3,
      "name" : "srv-api",
      "properties" : { },
      "parameters" : { },
      "propertiesMetadata" : {
        "metadata" : { }
      },
      "parametersMetadata" : {
        "metadata" : { }
      }
    }, {
      "majorSchemaVersion" : 3,
      "name" : "tutorial-destination",
      "properties" : { },
      "parameters" : {
        "content-target" : true
      },
      "propertiesMetadata" : {
        "metadata" : { }
      },
      "parametersMetadata" : {
        "metadata" : { }
      }
    } ],
    "providedDependencies" : [ {
      "majorSchemaVersion" : 3,
      "name" : "tutorial-destinations",
      "isPublic" : false,
      "properties" : { },
      "parameters" : { },
      "propertiesMetadata" : {
        "metadata" : { }
      },
      "parametersMetadata" : {
        "metadata" : { }
      }
    } ],
    "propertiesMetadata" : {
      "metadata" : { }
    },
    "parametersMetadata" : {
      "metadata" : { }
    },
    "hooks" : [ ]
  }, {
    "majorSchemaVersion" : 3,
    "name" : "tutorial",
    "type" : "javascript.nodejs",
    "path" : "tutorial",
    "properties" : { },
    "parameters" : {
      "default-url" : "https://suportis-ag-demo-qs-59u9eftq-qs-tutorial.cfapps.eu10-004.hana.ondemand.com",
      "default-app-name" : "tutorial",
      "generated-password" : "********",
      "default-live-url" : "https://suportis-ag-demo-qs-59u9eftq-qs-tutorial.cfapps.eu10-004.hana.ondemand.com",
      "default-uri" : "suportis-ag-demo-qs-59u9eftq-qs-tutorial.cfapps.eu10-004.hana.ondemand.com",
      "memory" : "256M",
      "default-instances" : 1,
      "default-live-host" : "suportis-ag-demo-qs-59u9eftq-qs-tutorial",
      "instances" : 1,
      "default-host" : "suportis-ag-demo-qs-59u9eftq-qs-tutorial",
      "keep-existing-routes" : true,
      "app-name" : "tutorial",
      "default-live-uri" : "suportis-ag-demo-qs-59u9eftq-qs-tutorial.cfapps.eu10-004.hana.ondemand.com",
      "protocol" : "https",
      "default-live-app-name" : "tutorial",
      "default-live-domain" : "cfapps.eu10-004.hana.ondemand.com",
      "disk-quota" : "256M",
      "domain" : "cfapps.eu10-004.hana.ondemand.com",
      "host" : "suportis-ag-demo-qs-59u9eftq-qs-tutorial",
      "generated-user" : "********"
    },
    "requiredDependencies" : [ {
      "majorSchemaVersion" : 3,
      "name" : "srv-api",
      "group" : "destinations",
      "properties" : {
        "name" : "srv-api",
        "forwardAuthToken" : "********",
        "url" : "https://suportis-ag-demo-qs-59u9eftq-qs-tutorial-srv.cfapps.eu10-004.hana.ondemand.com"
      },
      "parameters" : { },
      "propertiesMetadata" : {
        "metadata" : { }
      },
      "parametersMetadata" : {
        "metadata" : { }
      }
    }, {
      "majorSchemaVersion" : 3,
      "name" : "********",
      "properties" : { },
      "parameters" : { },
      "propertiesMetadata" : {
        "metadata" : { }
      },
      "parametersMetadata" : {
        "metadata" : { }
      }
    }, {
      "majorSchemaVersion" : 3,
      "name" : "tutorial-destination",
      "properties" : { },
      "parameters" : { },
      "propertiesMetadata" : {
        "metadata" : { }
      },
      "parametersMetadata" : {
        "metadata" : { }
      }
    }, {
      "majorSchemaVersion" : 3,
      "name" : "tutorial-html5-runtime",
      "properties" : { },
      "parameters" : { },
      "propertiesMetadata" : {
        "metadata" : { }
      },
      "parametersMetadata" : {
        "metadata" : { }
      }
    } ],
    "providedDependencies" : [ {
      "majorSchemaVersion" : 3,
      "name" : "app-api",
      "isPublic" : false,
      "properties" : {
        "app-protocol" : "https",
        "app-uri" : "suportis-ag-demo-qs-59u9eftq-qs-tutorial.cfapps.eu10-004.hana.ondemand.com"
      },
      "parameters" : { },
      "propertiesMetadata" : {
        "metadata" : { }
      },
      "parametersMetadata" : {
        "metadata" : { }
      }
    }, {
      "majorSchemaVersion" : 3,
      "name" : "tutorial",
      "isPublic" : false,
      "properties" : { },
      "parameters" : { },
      "propertiesMetadata" : {
        "metadata" : { }
      },
      "parametersMetadata" : {
        "metadata" : { }
      }
    } ],
    "propertiesMetadata" : {
      "metadata" : { }
    },
    "parametersMetadata" : {
      "metadata" : { }
    },
    "hooks" : [ ]
  } ],
  "resources" : [ {
    "majorSchemaVersion" : 3,
    "name" : "********",
    "type" : "org.cloudfoundry.managed-service",
    "properties" : { },
    "parameters" : {
      "generated-password" : "********",
      "path" : "./xs-security.json",
      "service-name" : "********",
      "service-plan" : "application",
      "service" : "xsuaa",
      "generated-user" : "********",
      "default-xsappname" : "********",
      "type" : "managed-service",
      "config" : {
        "oauth2-configuration" : "********",
        "tenant-mode" : "dedicated",
        "xsappname" : "tutorial-SUPORTIS_AG_demo-qs-59u9eftq-qs"
      },
      "default-service-name" : "********",
      "default-container-name" : "********"
    },
    "isActive" : true,
    "isOptional" : false,
    "propertiesMetadata" : {
      "metadata" : { }
    },
    "parametersMetadata" : {
      "metadata" : { }
    },
    "requiredDependencies" : [ {
      "majorSchemaVersion" : 3,
      "name" : "app-api",
      "properties" : { },
      "parameters" : { },
      "propertiesMetadata" : {
        "metadata" : { }
      },
      "parametersMetadata" : {
        "metadata" : { }
      }
    } ],
    "processedAfter" : [ ]
  }, {
    "majorSchemaVersion" : 3,
    "name" : "tutorial-db",
    "type" : "com.sap.xs.hdi-container",
    "properties" : { },
    "parameters" : {
      "generated-password" : "********",
      "service-name" : "tutorial-db",
      "service-plan" : "hdi-shared",
      "service" : "hana",
      "generated-user" : "********",
      "default-xsappname" : "tutorial-db",
      "type" : "managed-service",
      "default-service-name" : "tutorial-db",
      "default-container-name" : "SUPORTIS_AG_DEMO_QS_59U9EFTQ_QS_TUTORIAL_DB"
    },
    "isActive" : true,
    "isOptional" : false,
    "propertiesMetadata" : {
      "metadata" : { }
    },
    "parametersMetadata" : {
      "metadata" : { }
    },
    "requiredDependencies" : [ ],
    "processedAfter" : [ ]
  }, {
    "majorSchemaVersion" : 3,
    "name" : "tutorial-html5-repo-host",
    "type" : "org.cloudfoundry.managed-service",
    "properties" : { },
    "parameters" : {
      "generated-password" : "********",
      "service-name" : "tutorial-html5-repo-host",
      "service-plan" : "app-host",
      "service" : "html5-apps-repo",
      "generated-user" : "********",
      "default-xsappname" : "tutorial-html5-repo-host",
      "type" : "managed-service",
      "default-service-name" : "tutorial-html5-repo-host",
      "default-container-name" : "SUPORTIS_AG_DEMO_QS_59U9EFTQ_QS_TUTORIAL_HTML5_REPO_HOST"
    },
    "isActive" : true,
    "isOptional" : false,
    "propertiesMetadata" : {
      "metadata" : { }
    },
    "parametersMetadata" : {
      "metadata" : { }
    },
    "requiredDependencies" : [ ],
    "processedAfter" : [ ]
  }, {
    "majorSchemaVersion" : 3,
    "name" : "tutorial-destination",
    "type" : "org.cloudfoundry.managed-service",
    "properties" : { },
    "parameters" : {
      "generated-password" : "********",
      "service-name" : "tutorial-destination",
      "service-plan" : "lite",
      "service" : "destination",
      "generated-user" : "********",
      "default-xsappname" : "tutorial-destination",
      "type" : "managed-service",
      "config" : {
        "HTML5Runtime_enabled" : true,
        "init_data" : {
          "instance" : {
            "destinations" : [ {
              "Authentication" : "********",
              "HTML5.DynamicDestination" : true,
              "HTML5.ForwardAuthToken" : "********",
              "Name" : "srv-api",
              "ProxyType" : "Internet",
              "Type" : "HTTP",
              "URL" : "https://suportis-ag-demo-qs-59u9eftq-qs-tutorial-srv.cfapps.eu10-004.hana.ondemand.com"
            } ],
            "existing_destinations_policy" : "update"
          }
        }
      },
      "default-service-name" : "tutorial-destination",
      "default-container-name" : "SUPORTIS_AG_DEMO_QS_59U9EFTQ_QS_TUTORIAL_DESTINATION"
    },
    "isActive" : true,
    "isOptional" : false,
    "propertiesMetadata" : {
      "metadata" : { }
    },
    "parametersMetadata" : {
      "metadata" : { }
    },
    "requiredDependencies" : [ {
      "majorSchemaVersion" : 3,
      "name" : "srv-api",
      "properties" : { },
      "parameters" : { },
      "propertiesMetadata" : {
        "metadata" : { }
      },
      "parametersMetadata" : {
        "metadata" : { }
      }
    } ],
    "processedAfter" : [ ]
  }, {
    "majorSchemaVersion" : 3,
    "name" : "tutorial-html5-runtime",
    "type" : "org.cloudfoundry.managed-service",
    "properties" : { },
    "parameters" : {
      "generated-password" : "********",
      "service-name" : "tutorial-html5-runtime",
      "service-plan" : "app-runtime",
      "service" : "html5-apps-repo",
      "generated-user" : "********",
      "default-xsappname" : "tutorial-html5-runtime",
      "type" : "managed-service",
      "default-service-name" : "tutorial-html5-runtime",
      "default-container-name" : "SUPORTIS_AG_DEMO_QS_59U9EFTQ_QS_TUTORIAL_HTML5_RUNTIME"
    },
    "isActive" : true,
    "isOptional" : false,
    "propertiesMetadata" : {
      "metadata" : { }
    },
    "parametersMetadata" : {
      "metadata" : { }
    },
    "requiredDependencies" : [ ],
    "processedAfter" : [ ]
  } ],
  "parameters" : {
    "deploy_mode" : "html5-repo",
    "mta-id" : "tutorial",
    "authorization-url" : "********",
    "org-guid" : "0f84b19e-e7b5-482f-8f7b-8dc020a3b0c2",
    "org" : "SUPORTIS_AG_demo-qs-59u9eftq",
    "deploy-target" : "SUPORTIS_AG_demo-qs-59u9eftq qs",
    "enable-parallel-deployments" : true,
    "region-primary-domain" : "eu10.hana.ondemand.com",
    "space" : "qs",
    "region-domain" : "eu10-004.hana.ondemand.com",
    "xs-api-url" : "https://api.cf.eu10-004.hana.ondemand.com",
    "deploy-url" : "deploy-service.cfapps.eu10-004.hana.ondemand.com",
    "xs-type" : "CF",
    "default-domain" : "cfapps.eu10-004.hana.ondemand.com",
    "mta-version" : "1.0.0",
    "xs-auth-url" : "********",
    "space-guid" : "190179fa-25dc-444e-b7b2-a3816c974671",
    "user" : "********",
    "controller-url" : "https://api.cf.eu10-004.hana.ondemand.com",
    "timestamp" : "20260317134740"
  },
  "parametersMetadata" : {
    "metadata" : { }
  }
}#
#2026 03 17 13:47:47.695#Z#DEBUG#dde23164-2207-11f1-a1fb-eeee0a988291.OPERATION#flowable-async-job-executor-thread-61685#
[ProcessDescriptorStep] Merged descriptor properties and parameters resolved#
#2026 03 17 13:47:47.695#Z#DEBUG#dde23164-2207-11f1-a1fb-eeee0a988291.OPERATION#flowable-async-job-executor-thread-61685#
Step "Process Descriptor Step" finished#
#2026 03 17 13:47:47.771#Z#DEBUG#dde23164-2207-11f1-a1fb-eeee0a988291.OPERATION#flowable-async-job-executor-thread-61686#
[XS2BuildCloudDeployModelStep] Executing task "buildDeployModelTask" of process "dde25896-2207-11f1-a1fb-eeee0a988291"...#
#2026 03 17 13:47:47.782#Z#DEBUG#dde23164-2207-11f1-a1fb-eeee0a988291.OPERATION#flowable-async-job-executor-thread-61686#
[XS2BuildCloudDeployModelStep] Service keys defined for content deployment grouped by service name: {
  "tutorial-html5-repo-host" : [ {
    "name" : "********",
    "v3Metadata" : {
      "annotations" : {
        "mta_id" : "tutorial",
        "mta_version" : "1.0.0"
      },
      "labels" : {
        "mta_id" : "0575c8d592fb7b088226750aceec2b4e",
        "space_guid" : "190179fa-25dc-444e-b7b2-a3816c974671"
      }
    },
    "credentials" : "********",
    "moduleName" : "tutorial-app-deployer",
    "resourceName" : "tutorial-html5-repo-host",
    "serviceInstance" : {
      "isOptional" : false,
      "isManaged" : false,
      "name" : "tutorial-html5-repo-host",
      "credentials" : "********",
      "tags" : [ ],
      "shouldSkipParametersUpdate" : false,
      "shouldSkipPlanUpdate" : false,
      "shouldSkipTagsUpdate" : false,
      "shouldSkipSyslogUrlUpdate" : false
    },
    "shouldDeleteServiceKeyAfterDeploy" : "********",
    "resourceType" : "org.cloudfoundry.managed-service"
  }, {
    "name" : "********",
    "v3Metadata" : {
      "annotations" : {
        "mta_id" : "tutorial",
        "mta_version" : "1.0.0"
      },
      "labels" : {
        "mta_id" : "0575c8d592fb7b088226750aceec2b4e",
        "space_guid" : "190179fa-25dc-444e-b7b2-a3816c974671"
      }
    },
    "credentials" : "********",
    "moduleName" : "tutorial-destinations",
    "resourceName" : "tutorial-html5-repo-host",
    "serviceInstance" : {
      "isOptional" : false,
      "isManaged" : false,
      "name" : "tutorial-html5-repo-host",
      "credentials" : "********",
      "tags" : [ ],
      "shouldSkipParametersUpdate" : false,
      "shouldSkipPlanUpdate" : false,
      "shouldSkipTagsUpdate" : false,
      "shouldSkipSyslogUrlUpdate" : false
    },
    "shouldDeleteServiceKeyAfterDeploy" : "********",
    "resourceType" : "org.cloudfoundry.managed-service"
  } ],
  "tutorial-destination" : [ {
    "name" : "********",
    "v3Metadata" : {
      "annotations" : {
        "mta_id" : "tutorial",
        "mta_version" : "1.0.0"
      },
      "labels" : {
        "mta_id" : "0575c8d592fb7b088226750aceec2b4e",
        "space_guid" : "190179fa-25dc-444e-b7b2-a3816c974671"
      }
    },
    "credentials" : "********",
    "moduleName" : "tutorial-destinations",
    "resourceName" : "tutorial-destination",
    "serviceInstance" : {
      "isOptional" : false,
      "isManaged" : false,
      "name" : "tutorial-destination",
      "credentials" : "********",
      "tags" : [ ],
      "shouldSkipParametersUpdate" : false,
      "shouldSkipPlanUpdate" : false,
      "shouldSkipTagsUpdate" : false,
      "shouldSkipSyslogUrlUpdate" : false
    },
    "shouldDeleteServiceKeyAfterDeploy" : "********",
    "resourceType" : "org.cloudfoundry.managed-service"
  } ],
  "tutorial-auth" : "********"
}#
#2026 03 17 13:47:47.782#Z#DEBUG#dde23164-2207-11f1-a1fb-eeee0a988291.OPERATION#flowable-async-job-executor-thread-61686#
[XS2BuildCloudDeployModelStep] Building cloud deployment model...#
#2026 03 17 13:47:47.788#Z#DEBUG#dde23164-2207-11f1-a1fb-eeee0a988291.OPERATION#flowable-async-job-executor-thread-61686#
[XS2BuildCloudDeployModelStep] MTA archive modules: [tutorial-srv, tutorial-app-deployer, tutorial-db-deployer, tutorial]#
#2026 03 17 13:47:47.788#Z#DEBUG#dde23164-2207-11f1-a1fb-eeee0a988291.OPERATION#flowable-async-job-executor-thread-61686#
[XS2BuildCloudDeployModelStep] Deployed modules: []#
#2026 03 17 13:47:47.789#Z#DEBUG#dde23164-2207-11f1-a1fb-eeee0a988291.OPERATION#flowable-async-job-executor-thread-61686#
[XS2BuildCloudDeployModelStep] MTA modules: [tutorial-srv, tutorial-destinations, tutorial-app-deployer, tutorial-db-deployer, tutorial]#
#2026 03 17 13:47:47.790#Z#DEBUG#dde23164-2207-11f1-a1fb-eeee0a988291.OPERATION#flowable-async-job-executor-thread-61686#
[XS2BuildCloudDeployModelStep] Service keys to create: {
  "tutorial-html5-repo-host" : [ ],
  "tutorial-html5-runtime" : [ ],
  "tutorial-destination" : [ ],
  "tutorial-auth" : "********",
  "tutorial-db" : [ ]
}#
#2026 03 17 13:47:47.792#Z#DEBUG#dde23164-2207-11f1-a1fb-eeee0a988291.OPERATION#flowable-async-job-executor-thread-61686#
[XS2BuildCloudDeployModelStep] Modules to deploy: [{
  "majorSchemaVersion" : 3,
  "name" : "tutorial-srv",
  "type" : "javascript.nodejs",
  "path" : "tutorial-srv",
  "properties" : { },
  "parameters" : {
    "default-url" : "https://suportis-ag-demo-qs-59u9eftq-qs-tutorial-srv.cfapps.eu10-004.hana.ondemand.com",
    "default-app-name" : "tutorial-srv",
    "generated-password" : "********",
    "default-live-url" : "https://suportis-ag-demo-qs-59u9eftq-qs-tutorial-srv.cfapps.eu10-004.hana.ondemand.com",
    "default-uri" : "suportis-ag-demo-qs-59u9eftq-qs-tutorial-srv.cfapps.eu10-004.hana.ondemand.com",
    "default-instances" : 1,
    "default-live-host" : "suportis-ag-demo-qs-59u9eftq-qs-tutorial-srv",
    "instances" : 1,
    "buildpack" : "nodejs_buildpack",
    "default-host" : "suportis-ag-demo-qs-59u9eftq-qs-tutorial-srv",
    "app-name" : "tutorial-srv",
    "default-live-uri" : "suportis-ag-demo-qs-59u9eftq-qs-tutorial-srv.cfapps.eu10-004.hana.ondemand.com",
    "protocol" : "https",
    "default-live-app-name" : "tutorial-srv",
    "default-live-domain" : "cfapps.eu10-004.hana.ondemand.com",
    "dependency-type" : "soft",
    "domain" : "cfapps.eu10-004.hana.ondemand.com",
    "host" : "suportis-ag-demo-qs-59u9eftq-qs-tutorial-srv",
    "generated-user" : "********"
  },
  "requiredDependencies" : [ {
    "majorSchemaVersion" : 3,
    "name" : "********",
    "properties" : { },
    "parameters" : { },
    "propertiesMetadata" : {
      "metadata" : { }
    },
    "parametersMetadata" : {
      "metadata" : { }
    }
  }, {
    "majorSchemaVersion" : 3,
    "name" : "tutorial-db",
    "properties" : { },
    "parameters" : { },
    "propertiesMetadata" : {
      "metadata" : { }
    },
    "parametersMetadata" : {
      "metadata" : { }
    }
  }, {
    "majorSchemaVersion" : 3,
    "name" : "tutorial-destination",
    "properties" : { },
    "parameters" : { },
    "propertiesMetadata" : {
      "metadata" : { }
    },
    "parametersMetadata" : {
      "metadata" : { }
    }
  } ],
  "providedDependencies" : [ {
    "majorSchemaVersion" : 3,
    "name" : "srv-api",
    "isPublic" : false,
    "properties" : {
      "srv-url" : "https://suportis-ag-demo-qs-59u9eftq-qs-tutorial-srv.cfapps.eu10-004.hana.ondemand.com"
    },
    "parameters" : { },
    "propertiesMetadata" : {
      "metadata" : { }
    },
    "parametersMetadata" : {
      "metadata" : { }
    }
  }, {
    "majorSchemaVersion" : 3,
    "name" : "tutorial-srv",
    "isPublic" : false,
    "properties" : { },
    "parameters" : { },
    "propertiesMetadata" : {
      "metadata" : { }
    },
    "parametersMetadata" : {
      "metadata" : { }
    }
  } ],
  "propertiesMetadata" : {
    "metadata" : { }
  },
  "parametersMetadata" : {
    "metadata" : { }
  },
  "deployedAfter" : [ ],
  "hooks" : [ ]
}, {
  "majorSchemaVersion" : 3,
  "name" : "tutorial-db-deployer",
  "type" : "com.sap.xs.hdi",
  "path" : "tutorial-db-deployer",
  "properties" : {
    "EXIT" : 1
  },
  "parameters" : {
    "default-url" : "https://suportis-ag-demo-qs-59u9eftq-qs-tutorial-db-deployer.cfapps.eu10-004.hana.ondemand.com",
    "default-app-name" : "tutorial-db-deployer",
    "generated-password" : "********",
    "default-live-url" : "https://suportis-ag-demo-qs-59u9eftq-qs-tutorial-db-deployer.cfapps.eu10-004.hana.ondemand.com",
    "default-uri" : "suportis-ag-demo-qs-59u9eftq-qs-tutorial-db-deployer.cfapps.eu10-004.hana.ondemand.com",
    "memory" : "256M",
    "default-instances" : 1,
    "no-route" : true,
    "default-live-host" : "suportis-ag-demo-qs-59u9eftq-qs-tutorial-db-deployer",
    "instances" : 1,
    "buildpack" : "nodejs_buildpack",
    "default-host" : "suportis-ag-demo-qs-59u9eftq-qs-tutorial-db-deployer",
    "app-name" : "tutorial-db-deployer",
    "default-live-uri" : "suportis-ag-demo-qs-59u9eftq-qs-tutorial-db-deployer.cfapps.eu10-004.hana.ondemand.com",
    "protocol" : "https",
    "default-live-app-name" : "tutorial-db-deployer",
    "default-live-domain" : "cfapps.eu10-004.hana.ondemand.com",
    "dependency-type" : "hard",
    "domain" : "cfapps.eu10-004.hana.ondemand.com",
    "host" : "suportis-ag-demo-qs-59u9eftq-qs-tutorial-db-deployer",
    "generated-user" : "********",
    "tasks" : [ {
      "command" : "npm start",
      "memory" : "256M",
      "name" : "deploy"
    } ],
    "no-start" : true
  },
  "requiredDependencies" : [ {
    "majorSchemaVersion" : 3,
    "name" : "tutorial-db",
    "properties" : { },
    "parameters" : { },
    "propertiesMetadata" : {
      "metadata" : { }
    },
    "parametersMetadata" : {
      "metadata" : { }
    }
  } ],
  "providedDependencies" : [ {
    "majorSchemaVersion" : 3,
    "name" : "tutorial-db-deployer",
    "isPublic" : false,
    "properties" : { },
    "parameters" : { },
    "propertiesMetadata" : {
      "metadata" : { }
    },
    "parametersMetadata" : {
      "metadata" : { }
    }
  } ],
  "propertiesMetadata" : {
    "metadata" : { }
  },
  "parametersMetadata" : {
    "metadata" : { }
  },
  "deployedAfter" : [ ],
  "hooks" : [ ]
}, {
  "majorSchemaVersion" : 3,
  "name" : "tutorial-app-deployer",
  "type" : "com.sap.application.content",
  "path" : "tutorial-app-deployer",
  "properties" : { },
  "parameters" : {
    "default-url" : "https://suportis-ag-demo-qs-59u9eftq-qs-tutorial-app-deployer.cfapps.eu10-004.hana.ondemand.com",
    "default-app-name" : "tutorial-app-deployer",
    "generated-password" : "********",
    "default-live-url" : "https://suportis-ag-demo-qs-59u9eftq-qs-tutorial-app-deployer.cfapps.eu10-004.hana.ondemand.com",
    "default-uri" : "suportis-ag-demo-qs-59u9eftq-qs-tutorial-app-deployer.cfapps.eu10-004.hana.ondemand.com",
    "default-instances" : 1,
    "default-live-host" : "suportis-ag-demo-qs-59u9eftq-qs-tutorial-app-deployer",
    "instances" : 1,
    "default-host" : "suportis-ag-demo-qs-59u9eftq-qs-tutorial-app-deployer",
    "app-name" : "tutorial-app-deployer",
    "default-live-uri" : "suportis-ag-demo-qs-59u9eftq-qs-tutorial-app-deployer.cfapps.eu10-004.hana.ondemand.com",
    "protocol" : "https",
    "default-live-app-name" : "tutorial-app-deployer",
    "default-live-domain" : "cfapps.eu10-004.hana.ondemand.com",
    "dependency-type" : "soft",
    "domain" : "cfapps.eu10-004.hana.ondemand.com",
    "host" : "suportis-ag-demo-qs-59u9eftq-qs-tutorial-app-deployer",
    "generated-user" : "********"
  },
  "requiredDependencies" : [ {
    "majorSchemaVersion" : 3,
    "name" : "********",
    "properties" : { },
    "parameters" : { },
    "propertiesMetadata" : {
      "metadata" : { }
    },
    "parametersMetadata" : {
      "metadata" : { }
    }
  }, {
    "majorSchemaVersion" : 3,
    "name" : "srv-api",
    "properties" : { },
    "parameters" : { },
    "propertiesMetadata" : {
      "metadata" : { }
    },
    "parametersMetadata" : {
      "metadata" : { }
    }
  }, {
    "majorSchemaVersion" : 3,
    "name" : "tutorial-html5-repo-host",
    "properties" : { },
    "parameters" : {
      "config" : {
        "HTML5Runtime_enabled" : true
      },
      "content-target" : true
    },
    "propertiesMetadata" : {
      "metadata" : { }
    },
    "parametersMetadata" : {
      "metadata" : { }
    }
  } ],
  "providedDependencies" : [ {
    "majorSchemaVersion" : 3,
    "name" : "tutorial-app-deployer",
    "isPublic" : false,
    "properties" : { },
    "parameters" : { },
    "propertiesMetadata" : {
      "metadata" : { }
    },
    "parametersMetadata" : {
      "metadata" : { }
    }
  } ],
  "propertiesMetadata" : {
    "metadata" : { }
  },
  "parametersMetadata" : {
    "metadata" : { }
  },
  "deployedAfter" : [ ],
  "hooks" : [ ]
}, {
  "majorSchemaVersion" : 3,
  "name" : "tutorial-destinations",
  "type" : "com.sap.application.content",
  "properties" : { },
  "parameters" : {
    "default-url" : "https://suportis-ag-demo-qs-59u9eftq-qs-tutorial-destinations.cfapps.eu10-004.hana.ondemand.com",
    "default-app-name" : "tutorial-destinations",
    "generated-password" : "********",
    "default-live-url" : "https://suportis-ag-demo-qs-59u9eftq-qs-tutorial-destinations.cfapps.eu10-004.hana.ondemand.com",
    "default-uri" : "suportis-ag-demo-qs-59u9eftq-qs-tutorial-destinations.cfapps.eu10-004.hana.ondemand.com",
    "default-instances" : 1,
    "default-live-host" : "suportis-ag-demo-qs-59u9eftq-qs-tutorial-destinations",
    "instances" : 1,
    "default-host" : "suportis-ag-demo-qs-59u9eftq-qs-tutorial-destinations",
    "content" : {
      "instance" : {
        "destinations" : [ {
          "Name" : "tutorial-html5-repository",
          "ServiceInstanceName" : "tutorial-html5-repo-host",
          "ServiceKeyName" : "********",
          "sap.cloud.service" : "tutorial.service"
        }, {
          "Authentication" : "********",
          "Name" : "********",
          "ServiceInstanceName" : "********",
          "ServiceKeyName" : "********",
          "sap.cloud.service" : "tutorial.service"
        } ],
        "existing_destinations_policy" : "update"
      }
    },
    "app-name" : "tutorial-destinations",
    "default-live-uri" : "suportis-ag-demo-qs-59u9eftq-qs-tutorial-destinations.cfapps.eu10-004.hana.ondemand.com",
    "protocol" : "https",
    "default-live-app-name" : "tutorial-destinations",
    "default-live-domain" : "cfapps.eu10-004.hana.ondemand.com",
    "dependency-type" : "soft",
    "domain" : "cfapps.eu10-004.hana.ondemand.com",
    "host" : "suportis-ag-demo-qs-59u9eftq-qs-tutorial-destinations",
    "generated-user" : "********"
  },
  "requiredDependencies" : [ {
    "majorSchemaVersion" : 3,
    "name" : "********",
    "properties" : { },
    "parameters" : {
      "service-key" : "********"
    },
    "propertiesMetadata" : {
      "metadata" : { }
    },
    "parametersMetadata" : {
      "metadata" : { }
    }
  }, {
    "majorSchemaVersion" : 3,
    "name" : "tutorial-html5-repo-host",
    "properties" : { },
    "parameters" : {
      "service-key" : "********"
    },
    "propertiesMetadata" : {
      "metadata" : { }
    },
    "parametersMetadata" : {
      "metadata" : { }
    }
  }, {
    "majorSchemaVersion" : 3,
    "name" : "srv-api",
    "properties" : { },
    "parameters" : { },
    "propertiesMetadata" : {
      "metadata" : { }
    },
    "parametersMetadata" : {
      "metadata" : { }
    }
  }, {
    "majorSchemaVersion" : 3,
    "name" : "tutorial-destination",
    "properties" : { },
    "parameters" : {
      "content-target" : true
    },
    "propertiesMetadata" : {
      "metadata" : { }
    },
    "parametersMetadata" : {
      "metadata" : { }
    }
  } ],
  "providedDependencies" : [ {
    "majorSchemaVersion" : 3,
    "name" : "tutorial-destinations",
    "isPublic" : false,
    "properties" : { },
    "parameters" : { },
    "propertiesMetadata" : {
      "metadata" : { }
    },
    "parametersMetadata" : {
      "metadata" : { }
    }
  } ],
  "propertiesMetadata" : {
    "metadata" : { }
  },
  "parametersMetadata" : {
    "metadata" : { }
  },
  "deployedAfter" : [ ],
  "hooks" : [ ]
}, {
  "majorSchemaVersion" : 3,
  "name" : "tutorial",
  "type" : "javascript.nodejs",
  "path" : "tutorial",
  "properties" : { },
  "parameters" : {
    "default-url" : "https://suportis-ag-demo-qs-59u9eftq-qs-tutorial.cfapps.eu10-004.hana.ondemand.com",
    "default-app-name" : "tutorial",
    "generated-password" : "********",
    "default-live-url" : "https://suportis-ag-demo-qs-59u9eftq-qs-tutorial.cfapps.eu10-004.hana.ondemand.com",
    "default-uri" : "suportis-ag-demo-qs-59u9eftq-qs-tutorial.cfapps.eu10-004.hana.ondemand.com",
    "memory" : "256M",
    "default-instances" : 1,
    "default-live-host" : "suportis-ag-demo-qs-59u9eftq-qs-tutorial",
    "instances" : 1,
    "default-host" : "suportis-ag-demo-qs-59u9eftq-qs-tutorial",
    "keep-existing-routes" : true,
    "app-name" : "tutorial",
    "default-live-uri" : "suportis-ag-demo-qs-59u9eftq-qs-tutorial.cfapps.eu10-004.hana.ondemand.com",
    "protocol" : "https",
    "default-live-app-name" : "tutorial",
    "default-live-domain" : "cfapps.eu10-004.hana.ondemand.com",
    "disk-quota" : "256M",
    "dependency-type" : "soft",
    "domain" : "cfapps.eu10-004.hana.ondemand.com",
    "host" : "suportis-ag-demo-qs-59u9eftq-qs-tutorial",
    "generated-user" : "********"
  },
  "requiredDependencies" : [ {
    "majorSchemaVersion" : 3,
    "name" : "srv-api",
    "group" : "destinations",
    "properties" : {
      "name" : "srv-api",
      "forwardAuthToken" : "********",
      "url" : "https://suportis-ag-demo-qs-59u9eftq-qs-tutorial-srv.cfapps.eu10-004.hana.ondemand.com"
    },
    "parameters" : { },
    "propertiesMetadata" : {
      "metadata" : { }
    },
    "parametersMetadata" : {
      "metadata" : { }
    }
  }, {
    "majorSchemaVersion" : 3,
    "name" : "********",
    "properties" : { },
    "parameters" : { },
    "propertiesMetadata" : {
      "metadata" : { }
    },
    "parametersMetadata" : {
      "metadata" : { }
    }
  }, {
    "majorSchemaVersion" : 3,
    "name" : "tutorial-destination",
    "properties" : { },
    "parameters" : { },
    "propertiesMetadata" : {
      "metadata" : { }
    },
    "parametersMetadata" : {
      "metadata" : { }
    }
  }, {
    "majorSchemaVersion" : 3,
    "name" : "tutorial-html5-runtime",
    "properties" : { },
    "parameters" : { },
    "propertiesMetadata" : {
      "metadata" : { }
    },
    "parametersMetadata" : {
      "metadata" : { }
    }
  } ],
  "providedDependencies" : [ {
    "majorSchemaVersion" : 3,
    "name" : "app-api",
    "isPublic" : false,
    "properties" : {
      "app-protocol" : "https",
      "app-uri" : "suportis-ag-demo-qs-59u9eftq-qs-tutorial.cfapps.eu10-004.hana.ondemand.com"
    },
    "parameters" : { },
    "propertiesMetadata" : {
      "metadata" : { }
    },
    "parametersMetadata" : {
      "metadata" : { }
    }
  }, {
    "majorSchemaVersion" : 3,
    "name" : "tutorial",
    "isPublic" : false,
    "properties" : { },
    "parameters" : { },
    "propertiesMetadata" : {
      "metadata" : { }
    },
    "parametersMetadata" : {
      "metadata" : { }
    }
  } ],
  "propertiesMetadata" : {
    "metadata" : { }
  },
  "parametersMetadata" : {
    "metadata" : { }
  },
  "deployedAfter" : [ ],
  "hooks" : [ ]
}]#
#2026 03 17 13:47:47.793#Z#DEBUG#dde23164-2207-11f1-a1fb-eeee0a988291.OPERATION#flowable-async-job-executor-thread-61686#
[XS2BuildCloudDeployModelStep] Custom domains: []#
#2026 03 17 13:47:47.793#Z#DEBUG#dde23164-2207-11f1-a1fb-eeee0a988291.OPERATION#flowable-async-job-executor-thread-61686#
[XS2BuildCloudDeployModelStep] Calculating resource batches...#
#2026 03 17 13:47:47.794#Z#DEBUG#dde23164-2207-11f1-a1fb-eeee0a988291.OPERATION#flowable-async-job-executor-thread-61686#
[XS2BuildCloudDeployModelStep] Calculating resource batches completed.#
#2026 03 17 13:47:47.794#Z#DEBUG#dde23164-2207-11f1-a1fb-eeee0a988291.OPERATION#flowable-async-job-executor-thread-61686#
[XS2BuildCloudDeployModelStep] Cloud deployment model built#
#2026 03 17 13:47:47.794#Z#DEBUG#dde23164-2207-11f1-a1fb-eeee0a988291.OPERATION#flowable-async-job-executor-thread-61686#
Step "Build Deploy Model" finished#
#2026 03 17 13:47:47.865#Z#DEBUG#dde23164-2207-11f1-a1fb-eeee0a988291.OPERATION#flowable-async-job-executor-thread-61689#
[BuildCloudUndeployModelStep] Executing task "buildUndeployModelTask" of process "dde25896-2207-11f1-a1fb-eeee0a988291"...#
#2026 03 17 13:47:47.866#Z#DEBUG#dde23164-2207-11f1-a1fb-eeee0a988291.OPERATION#flowable-async-job-executor-thread-61689#
[BuildCloudUndeployModelStep] Building cloud undeployment model...#
#2026 03 17 13:47:47.866#Z#DEBUG#dde23164-2207-11f1-a1fb-eeee0a988291.OPERATION#flowable-async-job-executor-thread-61689#
[BuildCloudUndeployModelStep] Detecting service keys to delete.#
#2026 03 17 13:47:47.869#Z#DEBUG#dde23164-2207-11f1-a1fb-eeee0a988291.OPERATION#flowable-async-job-executor-thread-61689#
[BuildCloudUndeployModelStep] No deployed service keys detected!#
#2026 03 17 13:47:47.869#Z#DEBUG#dde23164-2207-11f1-a1fb-eeee0a988291.OPERATION#flowable-async-job-executor-thread-61689#
[BuildCloudUndeployModelStep] Detected service keys to delete "[]"#
#2026 03 17 13:47:47.873#Z#DEBUG#dde23164-2207-11f1-a1fb-eeee0a988291.OPERATION#flowable-async-job-executor-thread-61689#
Step "Build Undeploy Model" finished#
#2026 03 17 13:47:47.934#Z#DEBUG#dde23164-2207-11f1-a1fb-eeee0a988291.OPERATION#flowable-async-job-executor-thread-61690#
[AddDomainsStep] Executing task "addDomainsTask" of process "dde25896-2207-11f1-a1fb-eeee0a988291"...#
#2026 03 17 13:47:47.938#Z#DEBUG#dde23164-2207-11f1-a1fb-eeee0a988291.OPERATION#flowable-async-job-executor-thread-61690#
[AddDomainsStep] Custom domains: []#
#2026 03 17 13:47:47.938#Z#DEBUG#dde23164-2207-11f1-a1fb-eeee0a988291.OPERATION#flowable-async-job-executor-thread-61690#
Step "Add Domains" finished#
#2026 03 17 13:47:48.170#Z#DEBUG#dde23164-2207-11f1-a1fb-eeee0a988291.OPERATION#flowable-async-job-executor-thread-61695#
[ExtractBatchedServicesWithResolvedDynamicParametersStep] Executing task "prepareModulesDeploymentTask" of process "e236e658-2207-11f1-a1fb-eeee0a988291"...#
#2026 03 17 13:47:48.172#Z#DEBUG#dde23164-2207-11f1-a1fb-eeee0a988291.OPERATION#flowable-async-job-executor-thread-61695#
[ExtractBatchedServicesWithResolvedDynamicParametersStep] Extracting services and resolving dynamic parameters from batch#
#2026 03 17 13:47:48.174#Z#DEBUG#dde23164-2207-11f1-a1fb-eeee0a988291.OPERATION#flowable-async-job-executor-thread-61695#
[ExtractBatchedServicesWithResolvedDynamicParametersStep] Services to create: [ {
  "isOptional" : false,
  "isManaged" : true,
  "name" : "********",
  "v3Metadata" : {
    "annotations" : {
      "mta_id" : "tutorial",
      "mta_version" : "1.0.0",
      "mta_resource" : "********"
    },
    "labels" : {
      "mta_id" : "0575c8d592fb7b088226750aceec2b4e"
    }
  },
  "label" : "xsuaa",
  "plan" : "application",
  "credentials" : "********",
  "tags" : [ ],
  "type" : "managed",
  "resourceName" : "********",
  "shouldSkipParametersUpdate" : false,
  "shouldSkipPlanUpdate" : false,
  "shouldSkipTagsUpdate" : false,
  "shouldSkipSyslogUrlUpdate" : false
}, {
  "isOptional" : false,
  "isManaged" : true,
  "name" : "tutorial-db",
  "v3Metadata" : {
    "annotations" : {
      "mta_id" : "tutorial",
      "mta_version" : "1.0.0",
      "mta_resource" : "{\"name\":\"tutorial-db\"}"
    },
    "labels" : {
      "mta_id" : "0575c8d592fb7b088226750aceec2b4e"
    }
  },
  "label" : "hana",
  "plan" : "hdi-shared",
  "credentials" : "********",
  "tags" : [ ],
  "type" : "managed",
  "resourceName" : "tutorial-db",
  "shouldSkipParametersUpdate" : false,
  "shouldSkipPlanUpdate" : false,
  "shouldSkipTagsUpdate" : false,
  "shouldSkipSyslogUrlUpdate" : false
}, {
  "isOptional" : false,
  "isManaged" : true,
  "name" : "tutorial-html5-repo-host",
  "v3Metadata" : {
    "annotations" : {
      "mta_id" : "tutorial",
      "mta_version" : "1.0.0",
      "mta_resource" : "{\"name\":\"tutorial-html5-repo-host\"}"
    },
    "labels" : {
      "mta_id" : "0575c8d592fb7b088226750aceec2b4e"
    }
  },
  "label" : "html5-apps-repo",
  "plan" : "app-host",
  "credentials" : "********",
  "tags" : [ ],
  "type" : "managed",
  "resourceName" : "tutorial-html5-repo-host",
  "shouldSkipParametersUpdate" : false,
  "shouldSkipPlanUpdate" : false,
  "shouldSkipTagsUpdate" : false,
  "shouldSkipSyslogUrlUpdate" : false
}, {
  "isOptional" : false,
  "isManaged" : true,
  "name" : "tutorial-destination",
  "v3Metadata" : {
    "annotations" : {
      "mta_id" : "tutorial",
      "mta_version" : "1.0.0",
      "mta_resource" : "{\"name\":\"tutorial-destination\"}"
    },
    "labels" : {
      "mta_id" : "0575c8d592fb7b088226750aceec2b4e"
    }
  },
  "label" : "destination",
  "plan" : "lite",
  "credentials" : "********",
  "tags" : [ ],
  "type" : "managed",
  "resourceName" : "tutorial-destination",
  "shouldSkipParametersUpdate" : false,
  "shouldSkipPlanUpdate" : false,
  "shouldSkipTagsUpdate" : false,
  "shouldSkipSyslogUrlUpdate" : false
}, {
  "isOptional" : false,
  "isManaged" : true,
  "name" : "tutorial-html5-runtime",
  "v3Metadata" : {
    "annotations" : {
      "mta_id" : "tutorial",
      "mta_version" : "1.0.0",
      "mta_resource" : "{\"name\":\"tutorial-html5-runtime\"}"
    },
    "labels" : {
      "mta_id" : "0575c8d592fb7b088226750aceec2b4e"
    }
  },
  "label" : "html5-apps-repo",
  "plan" : "app-runtime",
  "credentials" : "********",
  "tags" : [ ],
  "type" : "managed",
  "resourceName" : "tutorial-html5-runtime",
  "shouldSkipParametersUpdate" : false,
  "shouldSkipPlanUpdate" : false,
  "shouldSkipTagsUpdate" : false,
  "shouldSkipSyslogUrlUpdate" : false
} ]#
#2026 03 17 13:47:48.175#Z#DEBUG#dde23164-2207-11f1-a1fb-eeee0a988291.OPERATION#flowable-async-job-executor-thread-61695#
Step "Extract Services with Resolved Dynamic parameters from batch" finished#
#2026 03 17 13:47:48.368#Z#DEBUG#dde23164-2207-11f1-a1fb-eeee0a988291.OPERATION#flowable-async-job-executor-thread-61702#
[CheckServiceOperationStateStep] Executing task "CheckServiceOperationStateTask" of process "e25a4c2d-2207-11f1-a1fb-eeee0a988291"...#
#2026 03 17 13:47:48.368#Z#DEBUG#dde23164-2207-11f1-a1fb-eeee0a988291.OPERATION#flowable-async-job-executor-thread-61702#
[CheckServiceOperationStateStep] Getting service instance "tutorial-db"...#
#2026 03 17 13:47:48.407#Z#DEBUG#dde23164-2207-11f1-a1fb-eeee0a988291.OPERATION#flowable-async-job-executor-thread-61702#
Step "Check for service operations in Progress" finished#
#2026 03 17 13:47:48.471#Z#DEBUG#dde23164-2207-11f1-a1fb-eeee0a988291.OPERATION#flowable-async-job-executor-thread-61703#
[DetermineServiceCreateUpdateServiceActionsStep] Executing task "DetermineServiceCreateUpdateActionsTask" of process "e25a4c2d-2207-11f1-a1fb-eeee0a988291"...#
#2026 03 17 13:47:48.473#Z#INFO#dde23164-2207-11f1-a1fb-eeee0a988291.OPERATION#flowable-async-job-executor-thread-61703#
[DetermineServiceCreateUpdateServiceActionsStep] Processing service "tutorial-db"...#
#2026 03 17 13:47:48.481#Z#DEBUG#dde23164-2207-11f1-a1fb-eeee0a988291.OPERATION#flowable-async-job-executor-thread-61703#
[DetermineServiceCreateUpdateServiceActionsStep] Getting service instance "tutorial-db"...#
#2026 03 17 13:47:48.522#Z#DEBUG#dde23164-2207-11f1-a1fb-eeee0a988291.OPERATION#flowable-async-job-executor-thread-61703#
[DetermineServiceCreateUpdateServiceActionsStep] Service should be created#
#2026 03 17 13:47:48.528#Z#DEBUG#dde23164-2207-11f1-a1fb-eeee0a988291.OPERATION#flowable-async-job-executor-thread-61703#
Step "Determine update actions" finished#
#2026 03 17 13:47:48.612#Z#DEBUG#dde23164-2207-11f1-a1fb-eeee0a988291.OPERATION#flowable-async-job-executor-thread-61704#
[CreateServiceStep] Executing task "CreateServiceTask" of process "e25a4c2d-2207-11f1-a1fb-eeee0a988291"...#
#2026 03 17 13:47:48.616#Z#INFO#dde23164-2207-11f1-a1fb-eeee0a988291.OPERATION#flowable-async-job-executor-thread-61704#
[CreateServiceStep] Creating service "tutorial-db" from MTA resource "tutorial-db"...#
#2026 03 17 13:47:48.624#Z#DEBUG#dde23164-2207-11f1-a1fb-eeee0a988291.OPERATION#flowable-async-job-executor-thread-61704#
[CreateServiceStep] Creating service instance: {
  "isOptional" : false,
  "isManaged" : true,
  "name" : "tutorial-db",
  "v3Metadata" : {
    "annotations" : {
      "mta_id" : "tutorial",
      "mta_version" : "1.0.0",
      "mta_resource" : "{\"name\":\"tutorial-db\"}"
    },
    "labels" : {
      "mta_id" : "0575c8d592fb7b088226750aceec2b4e"
    }
  },
  "label" : "hana",
  "plan" : "hdi-shared",
  "credentials" : "********",
  "tags" : [ ],
  "type" : "managed",
  "resourceName" : "tutorial-db",
  "shouldSkipParametersUpdate" : false,
  "shouldSkipPlanUpdate" : false,
  "shouldSkipTagsUpdate" : false,
  "shouldSkipSyslogUrlUpdate" : false
}#
#2026 03 17 13:47:48.843#Z#DEBUG#dde23164-2207-11f1-a1fb-eeee0a988291.OPERATION#flowable-async-job-executor-thread-61704#
[CreateServiceStep] Service "tutorial-db" created#
#2026 03 17 13:47:48.843#Z#DEBUG#dde23164-2207-11f1-a1fb-eeee0a988291.OPERATION#flowable-async-job-executor-thread-61704#
[CreateServiceStep] Triggered service operations: {
  "tutorial-db" : "CREATE"
}#
#2026 03 17 13:47:48.846#Z#DEBUG#dde23164-2207-11f1-a1fb-eeee0a988291.OPERATION#flowable-async-job-executor-thread-61704#
Step "Create" finished#
#2026 03 17 13:47:49.047#Z#DEBUG#dde23164-2207-11f1-a1fb-eeee0a988291.OPERATION#flowable-async-job-executor-thread-65741#
[CheckServiceOperationStateStep] Executing task "CheckServiceOperationStateTask" of process "e2c172c6-2207-11f1-bfcc-eeee0a9fa594"...#
#2026 03 17 13:47:49.143#Z#DEBUG#dde23164-2207-11f1-a1fb-eeee0a988291.OPERATION#flowable-async-job-executor-thread-65741#
[CheckServiceOperationStateStep] Getting service instance "tutorial-auth"...#
#2026 03 17 13:47:49.151#Z#DEBUG#dde23164-2207-11f1-a1fb-eeee0a988291.OPERATION#flowable-async-job-executor-thread-65744#
[CheckServiceOperationStateStep] Executing task "CheckServiceOperationStateTask" of process "e2d0670f-2207-11f1-bfcc-eeee0a9fa594"...#
#2026 03 17 13:47:49.152#Z#DEBUG#dde23164-2207-11f1-a1fb-eeee0a988291.OPERATION#flowable-async-job-executor-thread-65744#
[CheckServiceOperationStateStep] Getting service instance "tutorial-destination"...#
#2026 03 17 13:47:49.207#Z#DEBUG#dde23164-2207-11f1-a1fb-eeee0a988291.OPERATION#flowable-async-job-executor-thread-65744#
Step "Check for service operations in Progress" finished#
#2026 03 17 13:47:49.209#Z#DEBUG#dde23164-2207-11f1-a1fb-eeee0a988291.OPERATION#flowable-async-job-executor-thread-65741#
Step "Check for service operations in Progress" finished#
#2026 03 17 13:47:49.269#Z#DEBUG#dde23164-2207-11f1-a1fb-eeee0a988291.OPERATION#flowable-async-job-executor-thread-65745#
[DetermineServiceCreateUpdateServiceActionsStep] Executing task "DetermineServiceCreateUpdateActionsTask" of process "e2d0670f-2207-11f1-bfcc-eeee0a9fa594"...#
#2026 03 17 13:47:49.272#Z#INFO#dde23164-2207-11f1-a1fb-eeee0a988291.OPERATION#flowable-async-job-executor-thread-65745#
[DetermineServiceCreateUpdateServiceActionsStep] Processing service "tutorial-destination"...#
#2026 03 17 13:47:49.278#Z#DEBUG#dde23164-2207-11f1-a1fb-eeee0a988291.OPERATION#flowable-async-job-executor-thread-65746#
[DetermineServiceCreateUpdateServiceActionsStep] Executing task "DetermineServiceCreateUpdateActionsTask" of process "e2c172c6-2207-11f1-bfcc-eeee0a9fa594"...#
#2026 03 17 13:47:49.280#Z#INFO#dde23164-2207-11f1-a1fb-eeee0a988291.OPERATION#flowable-async-job-executor-thread-65746#
[DetermineServiceCreateUpdateServiceActionsStep] Processing service "tutorial-auth"...#
#2026 03 17 13:47:49.284#Z#DEBUG#dde23164-2207-11f1-a1fb-eeee0a988291.OPERATION#flowable-async-job-executor-thread-65745#
[DetermineServiceCreateUpdateServiceActionsStep] Getting service instance "tutorial-destination"...#
#2026 03 17 13:47:49.291#Z#DEBUG#dde23164-2207-11f1-a1fb-eeee0a988291.OPERATION#flowable-async-job-executor-thread-65746#
[DetermineServiceCreateUpdateServiceActionsStep] Getting service instance "tutorial-auth"...#
#2026 03 17 13:47:49.322#Z#DEBUG#dde23164-2207-11f1-a1fb-eeee0a988291.OPERATION#flowable-async-job-executor-thread-65745#
[DetermineServiceCreateUpdateServiceActionsStep] Service should be created#
#2026 03 17 13:47:49.323#Z#INFO#dde23164-2207-11f1-a1fb-eeee0a988291.OPERATION#flowable-async-job-executor-thread-65746#
[DetermineServiceCreateUpdateServiceActionsStep] Setting service "tutorial-auth" parameters from "xs-security.json"#
#2026 03 17 13:47:49.331#Z#DEBUG#dde23164-2207-11f1-a1fb-eeee0a988291.OPERATION#flowable-async-job-executor-thread-65745#
Step "Determine update actions" finished#
#2026 03 17 13:47:49.228#Z#DEBUG#dde23164-2207-11f1-a1fb-eeee0a988291.OPERATION#flowable-async-job-executor-thread-65984#
[CheckServiceOperationStateStep] Executing task "CheckServiceOperationStateTask" of process "e2dee5e4-2207-11f1-a1ae-eeee0a91d01a"...#
#2026 03 17 13:47:49.316#Z#DEBUG#dde23164-2207-11f1-a1fb-eeee0a988291.OPERATION#flowable-async-job-executor-thread-65984#
[CheckServiceOperationStateStep] Getting service instance "tutorial-html5-repo-host"...#
#2026 03 17 13:47:49.374#Z#DEBUG#dde23164-2207-11f1-a1fb-eeee0a988291.OPERATION#flowable-async-job-executor-thread-65984#
Step "Check for service operations in Progress" finished#
#2026 03 17 13:47:49.371#Z#DEBUG#dde23164-2207-11f1-a1fb-eeee0a988291.OPERATION#flowable-async-job-executor-thread-65746#
[DetermineServiceCreateUpdateServiceActionsStep] Service should be created#
#2026 03 17 13:47:49.383#Z#DEBUG#dde23164-2207-11f1-a1fb-eeee0a988291.OPERATION#flowable-async-job-executor-thread-65746#
Step "Determine update actions" finished#
#2026 03 17 13:47:49.368#Z#DEBUG#dde23164-2207-11f1-a1fb-eeee0a988291.OPERATION#flowable-async-job-executor-thread-61713#
[CheckServiceOperationStateStep] Executing task "CheckServiceOperationStateTask" of process "e2f0bfee-2207-11f1-a1fb-eeee0a988291"...#
#2026 03 17 13:47:49.368#Z#DEBUG#dde23164-2207-11f1-a1fb-eeee0a988291.OPERATION#flowable-async-job-executor-thread-61713#
[CheckServiceOperationStateStep] Getting service instance "tutorial-html5-runtime"...#
#2026 03 17 13:47:49.404#Z#DEBUG#dde23164-2207-11f1-a1fb-eeee0a988291.OPERATION#flowable-async-job-executor-thread-61713#
Step "Check for service operations in Progress" finished#
#2026 03 17 13:47:49.437#Z#DEBUG#dde23164-2207-11f1-a1fb-eeee0a988291.OPERATION#flowable-async-job-executor-thread-65986#
[DetermineServiceCreateUpdateServiceActionsStep] Executing task "DetermineServiceCreateUpdateActionsTask" of process "e2dee5e4-2207-11f1-a1ae-eeee0a91d01a"...#
#2026 03 17 13:47:49.441#Z#INFO#dde23164-2207-11f1-a1fb-eeee0a988291.OPERATION#flowable-async-job-executor-thread-65986#
[DetermineServiceCreateUpdateServiceActionsStep] Processing service "tutorial-html5-repo-host"...#
#2026 03 17 13:47:49.450#Z#DEBUG#dde23164-2207-11f1-a1fb-eeee0a988291.OPERATION#flowable-async-job-executor-thread-65986#
[DetermineServiceCreateUpdateServiceActionsStep] Getting service instance "tutorial-html5-repo-host"...#
#2026 03 17 13:47:49.491#Z#DEBUG#dde23164-2207-11f1-a1fb-eeee0a988291.OPERATION#flowable-async-job-executor-thread-65986#
[DetermineServiceCreateUpdateServiceActionsStep] Service should be created#
#2026 03 17 13:47:49.505#Z#DEBUG#dde23164-2207-11f1-a1fb-eeee0a988291.OPERATION#flowable-async-job-executor-thread-65986#
Step "Determine update actions" finished#
#2026 03 17 13:47:49.468#Z#DEBUG#dde23164-2207-11f1-a1fb-eeee0a988291.OPERATION#flowable-async-job-executor-thread-61718#
[DetermineServiceCreateUpdateServiceActionsStep] Executing task "DetermineServiceCreateUpdateActionsTask" of process "e2f0bfee-2207-11f1-a1fb-eeee0a988291"...#
#2026 03 17 13:47:49.471#Z#INFO#dde23164-2207-11f1-a1fb-eeee0a988291.OPERATION#flowable-async-job-executor-thread-61718#
[DetermineServiceCreateUpdateServiceActionsStep] Processing service "tutorial-html5-runtime"...#
#2026 03 17 13:47:49.481#Z#DEBUG#dde23164-2207-11f1-a1fb-eeee0a988291.OPERATION#flowable-async-job-executor-thread-61718#
[DetermineServiceCreateUpdateServiceActionsStep] Getting service instance "tutorial-html5-runtime"...#
#2026 03 17 13:47:49.524#Z#DEBUG#dde23164-2207-11f1-a1fb-eeee0a988291.OPERATION#flowable-async-job-executor-thread-61718#
[DetermineServiceCreateUpdateServiceActionsStep] Service should be created#
#2026 03 17 13:47:49.533#Z#DEBUG#dde23164-2207-11f1-a1fb-eeee0a988291.OPERATION#flowable-async-job-executor-thread-61718#
Step "Determine update actions" finished#
#2026 03 17 13:47:49.441#Z#DEBUG#dde23164-2207-11f1-a1fb-eeee0a988291.OPERATION#flowable-async-job-executor-thread-65749#
[CreateServiceStep] Executing task "CreateServiceTask" of process "e2d0670f-2207-11f1-bfcc-eeee0a9fa594"...#
#2026 03 17 13:47:49.445#Z#INFO#dde23164-2207-11f1-a1fb-eeee0a988291.OPERATION#flowable-async-job-executor-thread-65749#
[CreateServiceStep] Creating service "tutorial-destination" from MTA resource "tutorial-destination"...#
#2026 03 17 13:47:49.457#Z#DEBUG#dde23164-2207-11f1-a1fb-eeee0a988291.OPERATION#flowable-async-job-executor-thread-65749#
[CreateServiceStep] Creating service instance: {
  "isOptional" : false,
  "isManaged" : true,
  "name" : "tutorial-destination",
  "v3Metadata" : {
    "annotations" : {
      "mta_id" : "tutorial",
      "mta_version" : "1.0.0",
      "mta_resource" : "{\"name\":\"tutorial-destination\"}"
    },
    "labels" : {
      "mta_id" : "0575c8d592fb7b088226750aceec2b4e"
    }
  },
  "label" : "destination",
  "plan" : "lite",
  "credentials" : "********",
  "tags" : [ ],
  "type" : "managed",
  "resourceName" : "tutorial-destination",
  "shouldSkipParametersUpdate" : false,
  "shouldSkipPlanUpdate" : false,
  "shouldSkipTagsUpdate" : false,
  "shouldSkipSyslogUrlUpdate" : false
}#
#2026 03 17 13:47:49.506#Z#DEBUG#dde23164-2207-11f1-a1fb-eeee0a988291.OPERATION#flowable-async-job-executor-thread-65750#
[CreateServiceStep] Executing task "CreateServiceTask" of process "e2c172c6-2207-11f1-bfcc-eeee0a9fa594"...#
#2026 03 17 13:47:49.510#Z#INFO#dde23164-2207-11f1-a1fb-eeee0a988291.OPERATION#flowable-async-job-executor-thread-65750#
[CreateServiceStep] Creating service "tutorial-auth" from MTA resource "tutorial-auth"...#
#2026 03 17 13:47:49.521#Z#DEBUG#dde23164-2207-11f1-a1fb-eeee0a988291.OPERATION#flowable-async-job-executor-thread-65750#
[CreateServiceStep] Creating service instance: {
  "isOptional" : false,
  "isManaged" : true,
  "name" : "********",
  "v3Metadata" : {
    "annotations" : {
      "mta_id" : "tutorial",
      "mta_version" : "1.0.0",
      "mta_resource" : "********"
    },
    "labels" : {
      "mta_id" : "0575c8d592fb7b088226750aceec2b4e"
    }
  },
  "label" : "xsuaa",
  "plan" : "application",
  "credentials" : "********",
  "tags" : [ ],
  "type" : "managed",
  "resourceName" : "********",
  "shouldSkipParametersUpdate" : false,
  "shouldSkipPlanUpdate" : false,
  "shouldSkipTagsUpdate" : false,
  "shouldSkipSyslogUrlUpdate" : false
}#
#2026 03 17 13:47:49.677#Z#DEBUG#dde23164-2207-11f1-a1fb-eeee0a988291.OPERATION#flowable-async-job-executor-thread-65749#
[CreateServiceStep] Service "tutorial-destination" created#
#2026 03 17 13:47:49.677#Z#DEBUG#dde23164-2207-11f1-a1fb-eeee0a988291.OPERATION#flowable-async-job-executor-thread-65749#
[CreateServiceStep] Triggered service operations: {
  "tutorial-destination" : "CREATE"
}#
#2026 03 17 13:47:49.681#Z#DEBUG#dde23164-2207-11f1-a1fb-eeee0a988291.OPERATION#flowable-async-job-executor-thread-65749#
Step "Create" finished#
#2026 03 17 13:47:49.791#Z#DEBUG#dde23164-2207-11f1-a1fb-eeee0a988291.OPERATION#flowable-async-job-executor-thread-65750#
[CreateServiceStep] Service "tutorial-auth" created#
#2026 03 17 13:47:49.791#Z#DEBUG#dde23164-2207-11f1-a1fb-eeee0a988291.OPERATION#flowable-async-job-executor-thread-65750#
[CreateServiceStep] Triggered service operations: {
  "tutorial-auth" : "CREATE"
}#
#2026 03 17 13:47:49.794#Z#DEBUG#dde23164-2207-11f1-a1fb-eeee0a988291.OPERATION#flowable-async-job-executor-thread-65750#
Step "Create" finished#
#2026 03 17 13:47:49.632#Z#DEBUG#dde23164-2207-11f1-a1fb-eeee0a988291.OPERATION#flowable-async-job-executor-thread-61722#
[CreateServiceStep] Executing task "CreateServiceTask" of process "e2f0bfee-2207-11f1-a1fb-eeee0a988291"...#
#2026 03 17 13:47:49.635#Z#INFO#dde23164-2207-11f1-a1fb-eeee0a988291.OPERATION#flowable-async-job-executor-thread-61722#
[CreateServiceStep] Creating service "tutorial-html5-runtime" from MTA resource "tutorial-html5-runtime"...#
#2026 03 17 13:47:49.643#Z#DEBUG#dde23164-2207-11f1-a1fb-eeee0a988291.OPERATION#flowable-async-job-executor-thread-61722#
[CreateServiceStep] Creating service instance: {
  "isOptional" : false,
  "isManaged" : true,
  "name" : "tutorial-html5-runtime",
  "v3Metadata" : {
    "annotations" : {
      "mta_id" : "tutorial",
      "mta_version" : "1.0.0",
      "mta_resource" : "{\"name\":\"tutorial-html5-runtime\"}"
    },
    "labels" : {
      "mta_id" : "0575c8d592fb7b088226750aceec2b4e"
    }
  },
  "label" : "html5-apps-repo",
  "plan" : "app-runtime",
  "credentials" : "********",
  "tags" : [ ],
  "type" : "managed",
  "resourceName" : "tutorial-html5-runtime",
  "shouldSkipParametersUpdate" : false,
  "shouldSkipPlanUpdate" : false,
  "shouldSkipTagsUpdate" : false,
  "shouldSkipSyslogUrlUpdate" : false
}#
#2026 03 17 13:47:49.862#Z#DEBUG#dde23164-2207-11f1-a1fb-eeee0a988291.OPERATION#flowable-async-job-executor-thread-61722#
[CreateServiceStep] Service "tutorial-html5-runtime" created#
#2026 03 17 13:47:49.862#Z#DEBUG#dde23164-2207-11f1-a1fb-eeee0a988291.OPERATION#flowable-async-job-executor-thread-61722#
[CreateServiceStep] Triggered service operations: {
  "tutorial-html5-runtime" : "CREATE"
}#
#2026 03 17 13:47:49.866#Z#DEBUG#dde23164-2207-11f1-a1fb-eeee0a988291.OPERATION#flowable-async-job-executor-thread-61722#
Step "Create" finished#
#2026 03 17 13:47:49.599#Z#DEBUG#dde23164-2207-11f1-a1fb-eeee0a988291.OPERATION#flowable-async-job-executor-thread-65991#
[CreateServiceStep] Executing task "CreateServiceTask" of process "e2dee5e4-2207-11f1-a1ae-eeee0a91d01a"...#
#2026 03 17 13:47:49.603#Z#INFO#dde23164-2207-11f1-a1fb-eeee0a988291.OPERATION#flowable-async-job-executor-thread-65991#
[CreateServiceStep] Creating service "tutorial-html5-repo-host" from MTA resource "tutorial-html5-repo-host"...#
#2026 03 17 13:47:49.615#Z#DEBUG#dde23164-2207-11f1-a1fb-eeee0a988291.OPERATION#flowable-async-job-executor-thread-65991#
[CreateServiceStep] Creating service instance: {
  "isOptional" : false,
  "isManaged" : true,
  "name" : "tutorial-html5-repo-host",
  "v3Metadata" : {
    "annotations" : {
      "mta_id" : "tutorial",
      "mta_version" : "1.0.0",
      "mta_resource" : "{\"name\":\"tutorial-html5-repo-host\"}"
    },
    "labels" : {
      "mta_id" : "0575c8d592fb7b088226750aceec2b4e"
    }
  },
  "label" : "html5-apps-repo",
  "plan" : "app-host",
  "credentials" : "********",
  "tags" : [ ],
  "type" : "managed",
  "resourceName" : "tutorial-html5-repo-host",
  "shouldSkipParametersUpdate" : false,
  "shouldSkipPlanUpdate" : false,
  "shouldSkipTagsUpdate" : false,
  "shouldSkipSyslogUrlUpdate" : false
}#
#2026 03 17 13:47:49.866#Z#DEBUG#dde23164-2207-11f1-a1fb-eeee0a988291.OPERATION#flowable-async-job-executor-thread-65991#
[CreateServiceStep] Service "tutorial-html5-repo-host" created#
#2026 03 17 13:47:49.867#Z#DEBUG#dde23164-2207-11f1-a1fb-eeee0a988291.OPERATION#flowable-async-job-executor-thread-65991#
[CreateServiceStep] Triggered service operations: {
  "tutorial-html5-repo-host" : "CREATE"
}#
#2026 03 17 13:47:49.869#Z#DEBUG#dde23164-2207-11f1-a1fb-eeee0a988291.OPERATION#flowable-async-job-executor-thread-65991#
Step "Create" finished#
#2026 03 17 13:47:59.730#Z#DEBUG#dde23164-2207-11f1-a1fb-eeee0a988291.OPERATION#flowable-async-job-executor-thread-66029#
[CreateServiceStep] Executing task "CreateServiceTask" of process "e25a4c2d-2207-11f1-a1fb-eeee0a988291"...#
#2026 03 17 13:47:59.733#Z#DEBUG#dde23164-2207-11f1-a1fb-eeee0a988291.OPERATION#flowable-async-job-executor-thread-66029#
[CreateServiceStep] Polling service operations...#
#2026 03 17 13:47:59.739#Z#DEBUG#dde23164-2207-11f1-a1fb-eeee0a988291.OPERATION#flowable-async-job-executor-thread-66029#
[CreateServiceStep] Getting service instance "tutorial-db"...#
#2026 03 17 13:47:59.866#Z#DEBUG#dde23164-2207-11f1-a1fb-eeee0a988291.OPERATION#flowable-async-job-executor-thread-66029#
[CreateServiceStep] Last operation for service "tutorial-db": {
  "type" : "CREATE",
  "state" : "SUCCEEDED"
}#
#2026 03 17 13:47:59.866#Z#DEBUG#dde23164-2207-11f1-a1fb-eeee0a988291.OPERATION#flowable-async-job-executor-thread-66029#
[CreateServiceStep] Service "tutorial-db" created#
#2026 03 17 13:47:59.867#Z#INFO#dde23164-2207-11f1-a1fb-eeee0a988291.OPERATION#flowable-async-job-executor-thread-66029#
[CreateServiceStep] 1 of 1 done#
#2026 03 17 13:47:59.876#Z#DEBUG#dde23164-2207-11f1-a1fb-eeee0a988291.OPERATION#flowable-async-job-executor-thread-66029#
[CreateServiceStep] Remaining services to poll: [ ]#
#2026 03 17 13:47:59.879#Z#DEBUG#dde23164-2207-11f1-a1fb-eeee0a988291.OPERATION#flowable-async-job-executor-thread-66029#
Step "Create" finished#
#2026 03 17 13:47:59.587#Z#DEBUG#dde23164-2207-11f1-a1fb-eeee0a988291.OPERATION#flowable-async-job-executor-thread-74512#
[CreateServiceStep] Executing task "CreateServiceTask" of process "e2c172c6-2207-11f1-bfcc-eeee0a9fa594"...#
#2026 03 17 13:47:59.588#Z#DEBUG#dde23164-2207-11f1-a1fb-eeee0a988291.OPERATION#flowable-async-job-executor-thread-74512#
[CreateServiceStep] Polling service operations...#
#2026 03 17 13:47:59.677#Z#DEBUG#dde23164-2207-11f1-a1fb-eeee0a988291.OPERATION#flowable-async-job-executor-thread-74512#
[CreateServiceStep] Getting service instance "tutorial-auth"...#
#2026 03 17 13:47:59.868#Z#DEBUG#dde23164-2207-11f1-a1fb-eeee0a988291.OPERATION#flowable-async-job-executor-thread-74512#
[CreateServiceStep] Last operation for service "tutorial-auth": {
  "type" : "CREATE",
  "description" : "",
  "state" : "SUCCEEDED"
}#
#2026 03 17 13:47:59.868#Z#DEBUG#dde23164-2207-11f1-a1fb-eeee0a988291.OPERATION#flowable-async-job-executor-thread-74512#
[CreateServiceStep] Service "tutorial-auth" created#
#2026 03 17 13:47:59.868#Z#INFO#dde23164-2207-11f1-a1fb-eeee0a988291.OPERATION#flowable-async-job-executor-thread-74512#
[CreateServiceStep] 1 of 1 done#
#2026 03 17 13:47:59.878#Z#DEBUG#dde23164-2207-11f1-a1fb-eeee0a988291.OPERATION#flowable-async-job-executor-thread-74512#
[CreateServiceStep] Remaining services to poll: [ ]#
#2026 03 17 13:47:59.880#Z#DEBUG#dde23164-2207-11f1-a1fb-eeee0a988291.OPERATION#flowable-async-job-executor-thread-74512#
Step "Create" finished#
#2026 03 17 13:47:59.792#Z#DEBUG#dde23164-2207-11f1-a1fb-eeee0a988291.OPERATION#flowable-async-job-executor-thread-71118#
[CreateServiceStep] Executing task "CreateServiceTask" of process "e2d0670f-2207-11f1-bfcc-eeee0a9fa594"...#
#2026 03 17 13:47:59.793#Z#DEBUG#dde23164-2207-11f1-a1fb-eeee0a988291.OPERATION#flowable-async-job-executor-thread-71118#
[CreateServiceStep] Polling service operations...#
#2026 03 17 13:47:59.839#Z#DEBUG#dde23164-2207-11f1-a1fb-eeee0a988291.OPERATION#flowable-async-job-executor-thread-71119#
[CreateServiceStep] Executing task "CreateServiceTask" of process "e2dee5e4-2207-11f1-a1ae-eeee0a91d01a"...#
#2026 03 17 13:47:59.845#Z#DEBUG#dde23164-2207-11f1-a1fb-eeee0a988291.OPERATION#flowable-async-job-executor-thread-71119#
[CreateServiceStep] Polling service operations...#
#2026 03 17 13:47:59.930#Z#DEBUG#dde23164-2207-11f1-a1fb-eeee0a988291.OPERATION#flowable-async-job-executor-thread-71118#
[CreateServiceStep] Getting service instance "tutorial-destination"...#
#2026 03 17 13:47:59.965#Z#DEBUG#dde23164-2207-11f1-a1fb-eeee0a988291.OPERATION#flowable-async-job-executor-thread-71119#
[CreateServiceStep] Getting service instance "tutorial-html5-repo-host"...#
#2026 03 17 13:48:00.148#Z#DEBUG#dde23164-2207-11f1-a1fb-eeee0a988291.OPERATION#flowable-async-job-executor-thread-71118#
[CreateServiceStep] Last operation for service "tutorial-destination": {
  "type" : "CREATE",
  "description" : "",
  "state" : "SUCCEEDED"
}#
#2026 03 17 13:48:00.148#Z#DEBUG#dde23164-2207-11f1-a1fb-eeee0a988291.OPERATION#flowable-async-job-executor-thread-71118#
[CreateServiceStep] Service "tutorial-destination" created#
#2026 03 17 13:48:00.148#Z#INFO#dde23164-2207-11f1-a1fb-eeee0a988291.OPERATION#flowable-async-job-executor-thread-71118#
[CreateServiceStep] 1 of 1 done#
#2026 03 17 13:48:00.164#Z#DEBUG#dde23164-2207-11f1-a1fb-eeee0a988291.OPERATION#flowable-async-job-executor-thread-71118#
[CreateServiceStep] Remaining services to poll: [ ]#
#2026 03 17 13:48:00.167#Z#DEBUG#dde23164-2207-11f1-a1fb-eeee0a988291.OPERATION#flowable-async-job-executor-thread-71118#
Step "Create" finished#
#2026 03 17 13:47:59.837#Z#DEBUG#dde23164-2207-11f1-a1fb-eeee0a988291.OPERATION#flowable-async-job-executor-thread-71847#
[CreateServiceStep] Executing task "CreateServiceTask" of process "e2f0bfee-2207-11f1-a1fb-eeee0a988291"...#
#2026 03 17 13:47:59.840#Z#DEBUG#dde23164-2207-11f1-a1fb-eeee0a988291.OPERATION#flowable-async-job-executor-thread-71847#
[CreateServiceStep] Polling service operations...#
#2026 03 17 13:47:59.966#Z#DEBUG#dde23164-2207-11f1-a1fb-eeee0a988291.OPERATION#flowable-async-job-executor-thread-71847#
[CreateServiceStep] Getting service instance "tutorial-html5-runtime"...#
#2026 03 17 13:48:00.173#Z#DEBUG#dde23164-2207-11f1-a1fb-eeee0a988291.OPERATION#flowable-async-job-executor-thread-71847#
[CreateServiceStep] Last operation for service "tutorial-html5-runtime": {
  "type" : "CREATE",
  "description" : "",
  "state" : "SUCCEEDED"
}#
#2026 03 17 13:48:00.173#Z#DEBUG#dde23164-2207-11f1-a1fb-eeee0a988291.OPERATION#flowable-async-job-executor-thread-71847#
[CreateServiceStep] Service "tutorial-html5-runtime" created#
#2026 03 17 13:48:00.174#Z#INFO#dde23164-2207-11f1-a1fb-eeee0a988291.OPERATION#flowable-async-job-executor-thread-71847#
[CreateServiceStep] 1 of 1 done#
#2026 03 17 13:48:00.183#Z#DEBUG#dde23164-2207-11f1-a1fb-eeee0a988291.OPERATION#flowable-async-job-executor-thread-71847#
[CreateServiceStep] Remaining services to poll: [ ]#
#2026 03 17 13:48:00.184#Z#DEBUG#dde23164-2207-11f1-a1fb-eeee0a988291.OPERATION#flowable-async-job-executor-thread-71847#
Step "Create" finished#
#2026 03 17 13:48:00.178#Z#DEBUG#dde23164-2207-11f1-a1fb-eeee0a988291.OPERATION#flowable-async-job-executor-thread-71119#
[CreateServiceStep] Last operation for service "tutorial-html5-repo-host": {
  "type" : "CREATE",
  "description" : "",
  "state" : "SUCCEEDED"
}#
#2026 03 17 13:48:00.178#Z#DEBUG#dde23164-2207-11f1-a1fb-eeee0a988291.OPERATION#flowable-async-job-executor-thread-71119#
[CreateServiceStep] Service "tutorial-html5-repo-host" created#
#2026 03 17 13:48:00.178#Z#INFO#dde23164-2207-11f1-a1fb-eeee0a988291.OPERATION#flowable-async-job-executor-thread-71119#
[CreateServiceStep] 1 of 1 done#
#2026 03 17 13:48:00.196#Z#DEBUG#dde23164-2207-11f1-a1fb-eeee0a988291.OPERATION#flowable-async-job-executor-thread-71119#
[CreateServiceStep] Remaining services to poll: [ ]#
#2026 03 17 13:48:00.207#Z#DEBUG#dde23164-2207-11f1-a1fb-eeee0a988291.OPERATION#flowable-async-job-executor-thread-71119#
Step "Create" finished#
#2026 03 17 13:48:01.704#Z#DEBUG#dde23164-2207-11f1-a1fb-eeee0a988291.OPERATION#flowable-async-job-executor-thread-72680#
[PrepareModulesDeploymentStep] Executing task "prepareModulesDeploymentTask" of process "ea43c03b-2207-11f1-a4bc-eeee0a87df33"...#
#2026 03 17 13:48:01.705#Z#DEBUG#dde23164-2207-11f1-a1fb-eeee0a988291.OPERATION#flowable-async-job-executor-thread-72680#
[PrepareModulesDeploymentStep] Preparing modules deployment...#
#2026 03 17 13:48:01.714#Z#DEBUG#dde23164-2207-11f1-a1fb-eeee0a988291.OPERATION#flowable-async-job-executor-thread-72680#
Step "Prepare Modules Deployment" finished#
#2026 03 17 13:48:01.775#Z#DEBUG#dde23164-2207-11f1-a1fb-eeee0a988291.OPERATION#flowable-async-job-executor-thread-72681#
[ComputeNextModulesStep] Executing task "computeNextModulesToDeployInParallel" of process "ea43c03b-2207-11f1-a4bc-eeee0a87df33"...#
#2026 03 17 13:48:01.776#Z#DEBUG#dde23164-2207-11f1-a1fb-eeee0a988291.OPERATION#flowable-async-job-executor-thread-72681#
[ComputeNextModulesStep] Computing modules for next parallel iteration...#
#2026 03 17 13:48:01.879#Z#DEBUG#dde23164-2207-11f1-a1fb-eeee0a988291.OPERATION#flowable-async-job-executor-thread-72681#
[ComputeNextModulesStep] Completed modules detected: []#
#2026 03 17 13:48:01.879#Z#DEBUG#dde23164-2207-11f1-a1fb-eeee0a988291.OPERATION#flowable-async-job-executor-thread-72681#
[ComputeNextModulesStep] All modules for deploy detected: [tutorial-srv, tutorial-destinations, tutorial-app-deployer, tutorial-db-deployer, tutorial]#
#2026 03 17 13:48:01.879#Z#DEBUG#dde23164-2207-11f1-a1fb-eeee0a988291.OPERATION#flowable-async-job-executor-thread-72681#
[ComputeNextModulesStep] Modules not for deploy detected: []#
#2026 03 17 13:48:01.881#Z#DEBUG#dde23164-2207-11f1-a1fb-eeee0a988291.OPERATION#flowable-async-job-executor-thread-72681#
[ComputeNextModulesStep] Computed modules for next parallel iteration: [ {
  "majorSchemaVersion" : 3,
  "name" : "tutorial-srv",
  "type" : "javascript.nodejs",
  "path" : "tutorial-srv",
  "properties" : { },
  "parameters" : {
    "app-name" : "tutorial-srv",
    "buildpack" : "nodejs_buildpack",
    "default-app-name" : "tutorial-srv",
    "default-host" : "suportis-ag-demo-qs-59u9eftq-qs-tutorial-srv",
    "default-instances" : 1,
    "default-live-app-name" : "tutorial-srv",
    "default-live-domain" : "cfapps.eu10-004.hana.ondemand.com",
    "default-live-host" : "suportis-ag-demo-qs-59u9eftq-qs-tutorial-srv",
    "default-live-uri" : "suportis-ag-demo-qs-59u9eftq-qs-tutorial-srv.cfapps.eu10-004.hana.ondemand.com",
    "default-live-url" : "https://suportis-ag-demo-qs-59u9eftq-qs-tutorial-srv.cfapps.eu10-004.hana.ondemand.com",
    "default-uri" : "suportis-ag-demo-qs-59u9eftq-qs-tutorial-srv.cfapps.eu10-004.hana.ondemand.com",
    "default-url" : "https://suportis-ag-demo-qs-59u9eftq-qs-tutorial-srv.cfapps.eu10-004.hana.ondemand.com",
    "dependency-type" : "soft",
    "domain" : "cfapps.eu10-004.hana.ondemand.com",
    "generated-password" : "********",
    "generated-user" : "********",
    "host" : "suportis-ag-demo-qs-59u9eftq-qs-tutorial-srv",
    "instances" : 1,
    "protocol" : "https"
  },
  "requiredDependencies" : [ {
    "majorSchemaVersion" : 3,
    "name" : "********",
    "properties" : { },
    "parameters" : { },
    "propertiesMetadata" : {
      "metadata" : { }
    },
    "parametersMetadata" : {
      "metadata" : { }
    }
  }, {
    "majorSchemaVersion" : 3,
    "name" : "tutorial-db",
    "properties" : { },
    "parameters" : { },
    "propertiesMetadata" : {
      "metadata" : { }
    },
    "parametersMetadata" : {
      "metadata" : { }
    }
  }, {
    "majorSchemaVersion" : 3,
    "name" : "tutorial-destination",
    "properties" : { },
    "parameters" : { },
    "propertiesMetadata" : {
      "metadata" : { }
    },
    "parametersMetadata" : {
      "metadata" : { }
    }
  } ],
  "providedDependencies" : [ {
    "majorSchemaVersion" : 3,
    "name" : "srv-api",
    "isPublic" : false,
    "properties" : {
      "srv-url" : "https://suportis-ag-demo-qs-59u9eftq-qs-tutorial-srv.cfapps.eu10-004.hana.ondemand.com"
    },
    "parameters" : { },
    "propertiesMetadata" : {
      "metadata" : { }
    },
    "parametersMetadata" : {
      "metadata" : { }
    }
  }, {
    "majorSchemaVersion" : 3,
    "name" : "tutorial-srv",
    "isPublic" : false,
    "properties" : { },
    "parameters" : { },
    "propertiesMetadata" : {
      "metadata" : { }
    },
    "parametersMetadata" : {
      "metadata" : { }
    }
  } ],
  "propertiesMetadata" : {
    "metadata" : { }
  },
  "parametersMetadata" : {
    "metadata" : { }
  },
  "deployedAfter" : [ ],
  "hooks" : [ ]
}, {
  "majorSchemaVersion" : 3,
  "name" : "tutorial-db-deployer",
  "type" : "com.sap.xs.hdi",
  "path" : "tutorial-db-deployer",
  "properties" : {
    "EXIT" : 1
  },
  "parameters" : {
    "app-name" : "tutorial-db-deployer",
    "buildpack" : "nodejs_buildpack",
    "default-app-name" : "tutorial-db-deployer",
    "default-host" : "suportis-ag-demo-qs-59u9eftq-qs-tutorial-db-deployer",
    "default-instances" : 1,
    "default-live-app-name" : "tutorial-db-deployer",
    "default-live-domain" : "cfapps.eu10-004.hana.ondemand.com",
    "default-live-host" : "suportis-ag-demo-qs-59u9eftq-qs-tutorial-db-deployer",
    "default-live-uri" : "suportis-ag-demo-qs-59u9eftq-qs-tutorial-db-deployer.cfapps.eu10-004.hana.ondemand.com",
    "default-live-url" : "https://suportis-ag-demo-qs-59u9eftq-qs-tutorial-db-deployer.cfapps.eu10-004.hana.ondemand.com",
    "default-uri" : "suportis-ag-demo-qs-59u9eftq-qs-tutorial-db-deployer.cfapps.eu10-004.hana.ondemand.com",
    "default-url" : "https://suportis-ag-demo-qs-59u9eftq-qs-tutorial-db-deployer.cfapps.eu10-004.hana.ondemand.com",
    "dependency-type" : "hard",
    "domain" : "cfapps.eu10-004.hana.ondemand.com",
    "generated-password" : "********",
    "generated-user" : "********",
    "host" : "suportis-ag-demo-qs-59u9eftq-qs-tutorial-db-deployer",
    "instances" : 1,
    "memory" : "256M",
    "no-route" : true,
    "no-start" : true,
    "protocol" : "https",
    "tasks" : [ {
      "command" : "npm start",
      "memory" : "256M",
      "name" : "deploy"
    } ]
  },
  "requiredDependencies" : [ {
    "majorSchemaVersion" : 3,
    "name" : "tutorial-db",
    "properties" : { },
    "parameters" : { },
    "propertiesMetadata" : {
      "metadata" : { }
    },
    "parametersMetadata" : {
      "metadata" : { }
    }
  } ],
  "providedDependencies" : [ {
    "majorSchemaVersion" : 3,
    "name" : "tutorial-db-deployer",
    "isPublic" : false,
    "properties" : { },
    "parameters" : { },
    "propertiesMetadata" : {
      "metadata" : { }
    },
    "parametersMetadata" : {
      "metadata" : { }
    }
  } ],
  "propertiesMetadata" : {
    "metadata" : { }
  },
  "parametersMetadata" : {
    "metadata" : { }
  },
  "deployedAfter" : [ ],
  "hooks" : [ ]
}, {
  "majorSchemaVersion" : 3,
  "name" : "tutorial-app-deployer",
  "type" : "com.sap.application.content",
  "path" : "tutorial-app-deployer",
  "properties" : { },
  "parameters" : {
    "app-name" : "tutorial-app-deployer",
    "default-app-name" : "tutorial-app-deployer",
    "default-host" : "suportis-ag-demo-qs-59u9eftq-qs-tutorial-app-deployer",
    "default-instances" : 1,
    "default-live-app-name" : "tutorial-app-deployer",
    "default-live-domain" : "cfapps.eu10-004.hana.ondemand.com",
    "default-live-host" : "suportis-ag-demo-qs-59u9eftq-qs-tutorial-app-deployer",
    "default-live-uri" : "suportis-ag-demo-qs-59u9eftq-qs-tutorial-app-deployer.cfapps.eu10-004.hana.ondemand.com",
    "default-live-url" : "https://suportis-ag-demo-qs-59u9eftq-qs-tutorial-app-deployer.cfapps.eu10-004.hana.ondemand.com",
    "default-uri" : "suportis-ag-demo-qs-59u9eftq-qs-tutorial-app-deployer.cfapps.eu10-004.hana.ondemand.com",
    "default-url" : "https://suportis-ag-demo-qs-59u9eftq-qs-tutorial-app-deployer.cfapps.eu10-004.hana.ondemand.com",
    "dependency-type" : "soft",
    "domain" : "cfapps.eu10-004.hana.ondemand.com",
    "generated-password" : "********",
    "generated-user" : "********",
    "host" : "suportis-ag-demo-qs-59u9eftq-qs-tutorial-app-deployer",
    "instances" : 1,
    "protocol" : "https"
  },
  "requiredDependencies" : [ {
    "majorSchemaVersion" : 3,
    "name" : "********",
    "properties" : { },
    "parameters" : { },
    "propertiesMetadata" : {
      "metadata" : { }
    },
    "parametersMetadata" : {
      "metadata" : { }
    }
  }, {
    "majorSchemaVersion" : 3,
    "name" : "srv-api",
    "properties" : { },
    "parameters" : { },
    "propertiesMetadata" : {
      "metadata" : { }
    },
    "parametersMetadata" : {
      "metadata" : { }
    }
  }, {
    "majorSchemaVersion" : 3,
    "name" : "tutorial-html5-repo-host",
    "properties" : { },
    "parameters" : {
      "config" : {
        "HTML5Runtime_enabled" : true
      },
      "content-target" : true
    },
    "propertiesMetadata" : {
      "metadata" : { }
    },
    "parametersMetadata" : {
      "metadata" : { }
    }
  } ],
  "providedDependencies" : [ {
    "majorSchemaVersion" : 3,
    "name" : "tutorial-app-deployer",
    "isPublic" : false,
    "properties" : { },
    "parameters" : { },
    "propertiesMetadata" : {
      "metadata" : { }
    },
    "parametersMetadata" : {
      "metadata" : { }
    }
  } ],
  "propertiesMetadata" : {
    "metadata" : { }
  },
  "parametersMetadata" : {
    "metadata" : { }
  },
  "deployedAfter" : [ ],
  "hooks" : [ ]
}, {
  "majorSchemaVersion" : 3,
  "name" : "tutorial-destinations",
  "type" : "com.sap.application.content",
  "properties" : { },
  "parameters" : {
    "app-name" : "tutorial-destinations",
    "content" : {
      "instance" : {
        "destinations" : [ {
          "Name" : "tutorial-html5-repository",
          "ServiceInstanceName" : "tutorial-html5-repo-host",
          "ServiceKeyName" : "********",
          "sap.cloud.service" : "tutorial.service"
        }, {
          "Authentication" : "********",
          "Name" : "********",
          "ServiceInstanceName" : "********",
          "ServiceKeyName" : "********",
          "sap.cloud.service" : "tutorial.service"
        } ],
        "existing_destinations_policy" : "update"
      }
    },
    "default-app-name" : "tutorial-destinations",
    "default-host" : "suportis-ag-demo-qs-59u9eftq-qs-tutorial-destinations",
    "default-instances" : 1,
    "default-live-app-name" : "tutorial-destinations",
    "default-live-domain" : "cfapps.eu10-004.hana.ondemand.com",
    "default-live-host" : "suportis-ag-demo-qs-59u9eftq-qs-tutorial-destinations",
    "default-live-uri" : "suportis-ag-demo-qs-59u9eftq-qs-tutorial-destinations.cfapps.eu10-004.hana.ondemand.com",
    "default-live-url" : "https://suportis-ag-demo-qs-59u9eftq-qs-tutorial-destinations.cfapps.eu10-004.hana.ondemand.com",
    "default-uri" : "suportis-ag-demo-qs-59u9eftq-qs-tutorial-destinations.cfapps.eu10-004.hana.ondemand.com",
    "default-url" : "https://suportis-ag-demo-qs-59u9eftq-qs-tutorial-destinations.cfapps.eu10-004.hana.ondemand.com",
    "dependency-type" : "soft",
    "domain" : "cfapps.eu10-004.hana.ondemand.com",
    "generated-password" : "********",
    "generated-user" : "********",
    "host" : "suportis-ag-demo-qs-59u9eftq-qs-tutorial-destinations",
    "instances" : 1,
    "protocol" : "https"
  },
  "requiredDependencies" : [ {
    "majorSchemaVersion" : 3,
    "name" : "********",
    "properties" : { },
    "parameters" : {
      "service-key" : "********"
    },
    "propertiesMetadata" : {
      "metadata" : { }
    },
    "parametersMetadata" : {
      "metadata" : { }
    }
  }, {
    "majorSchemaVersion" : 3,
    "name" : "tutorial-html5-repo-host",
    "properties" : { },
    "parameters" : {
      "service-key" : "********"
    },
    "propertiesMetadata" : {
      "metadata" : { }
    },
    "parametersMetadata" : {
      "metadata" : { }
    }
  }, {
    "majorSchemaVersion" : 3,
    "name" : "srv-api",
    "properties" : { },
    "parameters" : { },
    "propertiesMetadata" : {
      "metadata" : { }
    },
    "parametersMetadata" : {
      "metadata" : { }
    }
  }, {
    "majorSchemaVersion" : 3,
    "name" : "tutorial-destination",
    "properties" : { },
    "parameters" : {
      "content-target" : true
    },
    "propertiesMetadata" : {
      "metadata" : { }
    },
    "parametersMetadata" : {
      "metadata" : { }
    }
  } ],
  "providedDependencies" : [ {
    "majorSchemaVersion" : 3,
    "name" : "tutorial-destinations",
    "isPublic" : false,
    "properties" : { },
    "parameters" : { },
    "propertiesMetadata" : {
      "metadata" : { }
    },
    "parametersMetadata" : {
      "metadata" : { }
    }
  } ],
  "propertiesMetadata" : {
    "metadata" : { }
  },
  "parametersMetadata" : {
    "metadata" : { }
  },
  "deployedAfter" : [ ],
  "hooks" : [ ]
}, {
  "majorSchemaVersion" : 3,
  "name" : "tutorial",
  "type" : "javascript.nodejs",
  "path" : "tutorial",
  "properties" : { },
  "parameters" : {
    "app-name" : "tutorial",
    "default-app-name" : "tutorial",
    "default-host" : "suportis-ag-demo-qs-59u9eftq-qs-tutorial",
    "default-instances" : 1,
    "default-live-app-name" : "tutorial",
    "default-live-domain" : "cfapps.eu10-004.hana.ondemand.com",
    "default-live-host" : "suportis-ag-demo-qs-59u9eftq-qs-tutorial",
    "default-live-uri" : "suportis-ag-demo-qs-59u9eftq-qs-tutorial.cfapps.eu10-004.hana.ondemand.com",
    "default-live-url" : "https://suportis-ag-demo-qs-59u9eftq-qs-tutorial.cfapps.eu10-004.hana.ondemand.com",
    "default-uri" : "suportis-ag-demo-qs-59u9eftq-qs-tutorial.cfapps.eu10-004.hana.ondemand.com",
    "default-url" : "https://suportis-ag-demo-qs-59u9eftq-qs-tutorial.cfapps.eu10-004.hana.ondemand.com",
    "dependency-type" : "soft",
    "disk-quota" : "256M",
    "domain" : "cfapps.eu10-004.hana.ondemand.com",
    "generated-password" : "********",
    "generated-user" : "********",
    "host" : "suportis-ag-demo-qs-59u9eftq-qs-tutorial",
    "instances" : 1,
    "keep-existing-routes" : true,
    "memory" : "256M",
    "protocol" : "https"
  },
  "requiredDependencies" : [ {
    "majorSchemaVersion" : 3,
    "name" : "srv-api",
    "group" : "destinations",
    "properties" : {
      "forwardAuthToken" : "********",
      "name" : "srv-api",
      "url" : "https://suportis-ag-demo-qs-59u9eftq-qs-tutorial-srv.cfapps.eu10-004.hana.ondemand.com"
    },
    "parameters" : { },
    "propertiesMetadata" : {
      "metadata" : { }
    },
    "parametersMetadata" : {
      "metadata" : { }
    }
  }, {
    "majorSchemaVersion" : 3,
    "name" : "********",
    "properties" : { },
    "parameters" : { },
    "propertiesMetadata" : {
      "metadata" : { }
    },
    "parametersMetadata" : {
      "metadata" : { }
    }
  }, {
    "majorSchemaVersion" : 3,
    "name" : "tutorial-destination",
    "properties" : { },
    "parameters" : { },
    "propertiesMetadata" : {
      "metadata" : { }
    },
    "parametersMetadata" : {
      "metadata" : { }
    }
  }, {
    "majorSchemaVersion" : 3,
    "name" : "tutorial-html5-runtime",
    "properties" : { },
    "parameters" : { },
    "propertiesMetadata" : {
      "metadata" : { }
    },
    "parametersMetadata" : {
      "metadata" : { }
    }
  } ],
  "providedDependencies" : [ {
    "majorSchemaVersion" : 3,
    "name" : "app-api",
    "isPublic" : false,
    "properties" : {
      "app-protocol" : "https",
      "app-uri" : "suportis-ag-demo-qs-59u9eftq-qs-tutorial.cfapps.eu10-004.hana.ondemand.com"
    },
    "parameters" : { },
    "propertiesMetadata" : {
      "metadata" : { }
    },
    "parametersMetadata" : {
      "metadata" : { }
    }
  }, {
    "majorSchemaVersion" : 3,
    "name" : "tutorial",
    "isPublic" : false,
    "properties" : { },
    "parameters" : { },
    "propertiesMetadata" : {
      "metadata" : { }
    },
    "parametersMetadata" : {
      "metadata" : { }
    }
  } ],
  "propertiesMetadata" : {
    "metadata" : { }
  },
  "parametersMetadata" : {
    "metadata" : { }
  },
  "deployedAfter" : [ ],
  "hooks" : [ ]
} ]#
#2026 03 17 13:48:01.881#Z#DEBUG#dde23164-2207-11f1-a1fb-eeee0a988291.OPERATION#flowable-async-job-executor-thread-72681#
Step "Compute Next Modules To Deploy" finished#
#2026 03 17 13:48:02.115#Z#DEBUG#dde23164-2207-11f1-a1fb-eeee0a988291.OPERATION#flowable-async-job-executor-thread-72687#
[ProcessDescriptorStep] Executing task "reprocessDescriptorTask" of process "ea884342-2207-11f1-a4bc-eeee0a87df33"...#
#2026 03 17 13:48:02.116#Z#DEBUG#dde23164-2207-11f1-a1fb-eeee0a988291.OPERATION#flowable-async-job-executor-thread-72687#
[ProcessDescriptorStep] Resolving properties and parameters in merged descriptor...#
#2026 03 17 13:48:02.121#Z#DEBUG#dde23164-2207-11f1-a1fb-eeee0a988291.OPERATION#flowable-async-job-executor-thread-72687#
[ProcessDescriptorStep] Subscriptions: [ ]#
#2026 03 17 13:48:02.131#Z#DEBUG#dde23164-2207-11f1-a1fb-eeee0a988291.OPERATION#flowable-async-job-executor-thread-72687#
[ProcessDescriptorStep] MTA modules: [tutorial-srv, tutorial-destinations, tutorial-app-deployer, tutorial-db-deployer, tutorial]#
#2026 03 17 13:48:02.136#Z#DEBUG#dde23164-2207-11f1-a1fb-eeee0a988291.OPERATION#flowable-async-job-executor-thread-72687#
[ProcessDescriptorStep] Resolved deployment descriptor: {
  "majorSchemaVersion" : 3,
  "schemaVersion" : "3.3.0",
  "id" : "tutorial",
  "version" : "1.0.0",
  "modules" : [ {
    "majorSchemaVersion" : 3,
    "name" : "tutorial-srv",
    "type" : "javascript.nodejs",
    "path" : "tutorial-srv",
    "properties" : { },
    "parameters" : {
      "default-url" : "https://suportis-ag-demo-qs-59u9eftq-qs-tutorial-srv.cfapps.eu10-004.hana.ondemand.com",
      "default-app-name" : "tutorial-srv",
      "generated-password" : "********",
      "default-live-url" : "https://suportis-ag-demo-qs-59u9eftq-qs-tutorial-srv.cfapps.eu10-004.hana.ondemand.com",
      "default-uri" : "suportis-ag-demo-qs-59u9eftq-qs-tutorial-srv.cfapps.eu10-004.hana.ondemand.com",
      "default-instances" : 1,
      "default-live-host" : "suportis-ag-demo-qs-59u9eftq-qs-tutorial-srv",
      "instances" : 1,
      "buildpack" : "nodejs_buildpack",
      "default-host" : "suportis-ag-demo-qs-59u9eftq-qs-tutorial-srv",
      "app-name" : "tutorial-srv",
      "default-live-uri" : "suportis-ag-demo-qs-59u9eftq-qs-tutorial-srv.cfapps.eu10-004.hana.ondemand.com",
      "protocol" : "https",
      "default-live-app-name" : "tutorial-srv",
      "default-live-domain" : "cfapps.eu10-004.hana.ondemand.com",
      "domain" : "cfapps.eu10-004.hana.ondemand.com",
      "host" : "suportis-ag-demo-qs-59u9eftq-qs-tutorial-srv",
      "generated-user" : "********"
    },
    "requiredDependencies" : [ {
      "majorSchemaVersion" : 3,
      "name" : "********",
      "properties" : { },
      "parameters" : { },
      "propertiesMetadata" : {
        "metadata" : { }
      },
      "parametersMetadata" : {
        "metadata" : { }
      }
    }, {
      "majorSchemaVersion" : 3,
      "name" : "tutorial-db",
      "properties" : { },
      "parameters" : { },
      "propertiesMetadata" : {
        "metadata" : { }
      },
      "parametersMetadata" : {
        "metadata" : { }
      }
    }, {
      "majorSchemaVersion" : 3,
      "name" : "tutorial-destination",
      "properties" : { },
      "parameters" : { },
      "propertiesMetadata" : {
        "metadata" : { }
      },
      "parametersMetadata" : {
        "metadata" : { }
      }
    } ],
    "providedDependencies" : [ {
      "majorSchemaVersion" : 3,
      "name" : "srv-api",
      "isPublic" : false,
      "properties" : {
        "srv-url" : "https://suportis-ag-demo-qs-59u9eftq-qs-tutorial-srv.cfapps.eu10-004.hana.ondemand.com"
      },
      "parameters" : { },
      "propertiesMetadata" : {
        "metadata" : { }
      },
      "parametersMetadata" : {
        "metadata" : { }
      }
    }, {
      "majorSchemaVersion" : 3,
      "name" : "tutorial-srv",
      "isPublic" : false,
      "properties" : { },
      "parameters" : { },
      "propertiesMetadata" : {
        "metadata" : { }
      },
      "parametersMetadata" : {
        "metadata" : { }
      }
    } ],
    "propertiesMetadata" : {
      "metadata" : { }
    },
    "parametersMetadata" : {
      "metadata" : { }
    },
    "hooks" : [ ]
  }, {
    "majorSchemaVersion" : 3,
    "name" : "tutorial-db-deployer",
    "type" : "com.sap.xs.hdi",
    "path" : "tutorial-db-deployer",
    "properties" : {
      "EXIT" : 1
    },
    "parameters" : {
      "default-url" : "https://suportis-ag-demo-qs-59u9eftq-qs-tutorial-db-deployer.cfapps.eu10-004.hana.ondemand.com",
      "default-app-name" : "tutorial-db-deployer",
      "generated-password" : "********",
      "default-live-url" : "https://suportis-ag-demo-qs-59u9eftq-qs-tutorial-db-deployer.cfapps.eu10-004.hana.ondemand.com",
      "default-uri" : "suportis-ag-demo-qs-59u9eftq-qs-tutorial-db-deployer.cfapps.eu10-004.hana.ondemand.com",
      "memory" : "256M",
      "default-instances" : 1,
      "no-route" : true,
      "default-live-host" : "suportis-ag-demo-qs-59u9eftq-qs-tutorial-db-deployer",
      "instances" : 1,
      "buildpack" : "nodejs_buildpack",
      "default-host" : "suportis-ag-demo-qs-59u9eftq-qs-tutorial-db-deployer",
      "app-name" : "tutorial-db-deployer",
      "default-live-uri" : "suportis-ag-demo-qs-59u9eftq-qs-tutorial-db-deployer.cfapps.eu10-004.hana.ondemand.com",
      "protocol" : "https",
      "default-live-app-name" : "tutorial-db-deployer",
      "default-live-domain" : "cfapps.eu10-004.hana.ondemand.com",
      "dependency-type" : "hard",
      "domain" : "cfapps.eu10-004.hana.ondemand.com",
      "host" : "suportis-ag-demo-qs-59u9eftq-qs-tutorial-db-deployer",
      "generated-user" : "********",
      "tasks" : [ {
        "command" : "npm start",
        "memory" : "256M",
        "name" : "deploy"
      } ],
      "no-start" : true
    },
    "requiredDependencies" : [ {
      "majorSchemaVersion" : 3,
      "name" : "tutorial-db",
      "properties" : { },
      "parameters" : { },
      "propertiesMetadata" : {
        "metadata" : { }
      },
      "parametersMetadata" : {
        "metadata" : { }
      }
    } ],
    "providedDependencies" : [ {
      "majorSchemaVersion" : 3,
      "name" : "tutorial-db-deployer",
      "isPublic" : false,
      "properties" : { },
      "parameters" : { },
      "propertiesMetadata" : {
        "metadata" : { }
      },
      "parametersMetadata" : {
        "metadata" : { }
      }
    } ],
    "propertiesMetadata" : {
      "metadata" : { }
    },
    "parametersMetadata" : {
      "metadata" : { }
    },
    "hooks" : [ ]
  }, {
    "majorSchemaVersion" : 3,
    "name" : "tutorial-app-deployer",
    "type" : "com.sap.application.content",
    "path" : "tutorial-app-deployer",
    "properties" : { },
    "parameters" : {
      "default-url" : "https://suportis-ag-demo-qs-59u9eftq-qs-tutorial-app-deployer.cfapps.eu10-004.hana.ondemand.com",
      "default-app-name" : "tutorial-app-deployer",
      "generated-password" : "********",
      "default-live-url" : "https://suportis-ag-demo-qs-59u9eftq-qs-tutorial-app-deployer.cfapps.eu10-004.hana.ondemand.com",
      "default-uri" : "suportis-ag-demo-qs-59u9eftq-qs-tutorial-app-deployer.cfapps.eu10-004.hana.ondemand.com",
      "default-instances" : 1,
      "default-live-host" : "suportis-ag-demo-qs-59u9eftq-qs-tutorial-app-deployer",
      "instances" : 1,
      "default-host" : "suportis-ag-demo-qs-59u9eftq-qs-tutorial-app-deployer",
      "app-name" : "tutorial-app-deployer",
      "default-live-uri" : "suportis-ag-demo-qs-59u9eftq-qs-tutorial-app-deployer.cfapps.eu10-004.hana.ondemand.com",
      "protocol" : "https",
      "default-live-app-name" : "tutorial-app-deployer",
      "default-live-domain" : "cfapps.eu10-004.hana.ondemand.com",
      "domain" : "cfapps.eu10-004.hana.ondemand.com",
      "host" : "suportis-ag-demo-qs-59u9eftq-qs-tutorial-app-deployer",
      "generated-user" : "********"
    },
    "requiredDependencies" : [ {
      "majorSchemaVersion" : 3,
      "name" : "********",
      "properties" : { },
      "parameters" : { },
      "propertiesMetadata" : {
        "metadata" : { }
      },
      "parametersMetadata" : {
        "metadata" : { }
      }
    }, {
      "majorSchemaVersion" : 3,
      "name" : "srv-api",
      "properties" : { },
      "parameters" : { },
      "propertiesMetadata" : {
        "metadata" : { }
      },
      "parametersMetadata" : {
        "metadata" : { }
      }
    }, {
      "majorSchemaVersion" : 3,
      "name" : "tutorial-html5-repo-host",
      "properties" : { },
      "parameters" : {
        "config" : {
          "HTML5Runtime_enabled" : true
        },
        "content-target" : true
      },
      "propertiesMetadata" : {
        "metadata" : { }
      },
      "parametersMetadata" : {
        "metadata" : { }
      }
    } ],
    "providedDependencies" : [ {
      "majorSchemaVersion" : 3,
      "name" : "tutorial-app-deployer",
      "isPublic" : false,
      "properties" : { },
      "parameters" : { },
      "propertiesMetadata" : {
        "metadata" : { }
      },
      "parametersMetadata" : {
        "metadata" : { }
      }
    } ],
    "propertiesMetadata" : {
      "metadata" : { }
    },
    "parametersMetadata" : {
      "metadata" : { }
    },
    "hooks" : [ ]
  }, {
    "majorSchemaVersion" : 3,
    "name" : "tutorial-destinations",
    "type" : "com.sap.application.content",
    "properties" : { },
    "parameters" : {
      "default-url" : "https://suportis-ag-demo-qs-59u9eftq-qs-tutorial-destinations.cfapps.eu10-004.hana.ondemand.com",
      "default-app-name" : "tutorial-destinations",
      "generated-password" : "********",
      "default-live-url" : "https://suportis-ag-demo-qs-59u9eftq-qs-tutorial-destinations.cfapps.eu10-004.hana.ondemand.com",
      "default-uri" : "suportis-ag-demo-qs-59u9eftq-qs-tutorial-destinations.cfapps.eu10-004.hana.ondemand.com",
      "default-instances" : 1,
      "default-live-host" : "suportis-ag-demo-qs-59u9eftq-qs-tutorial-destinations",
      "instances" : 1,
      "default-host" : "suportis-ag-demo-qs-59u9eftq-qs-tutorial-destinations",
      "content" : {
        "instance" : {
          "destinations" : [ {
            "Name" : "tutorial-html5-repository",
            "ServiceInstanceName" : "tutorial-html5-repo-host",
            "ServiceKeyName" : "********",
            "sap.cloud.service" : "tutorial.service"
          }, {
            "Authentication" : "********",
            "Name" : "********",
            "ServiceInstanceName" : "********",
            "ServiceKeyName" : "********",
            "sap.cloud.service" : "tutorial.service"
          } ],
          "existing_destinations_policy" : "update"
        }
      },
      "app-name" : "tutorial-destinations",
      "default-live-uri" : "suportis-ag-demo-qs-59u9eftq-qs-tutorial-destinations.cfapps.eu10-004.hana.ondemand.com",
      "protocol" : "https",
      "default-live-app-name" : "tutorial-destinations",
      "default-live-domain" : "cfapps.eu10-004.hana.ondemand.com",
      "domain" : "cfapps.eu10-004.hana.ondemand.com",
      "host" : "suportis-ag-demo-qs-59u9eftq-qs-tutorial-destinations",
      "generated-user" : "********"
    },
    "requiredDependencies" : [ {
      "majorSchemaVersion" : 3,
      "name" : "********",
      "properties" : { },
      "parameters" : {
        "service-key" : "********"
      },
      "propertiesMetadata" : {
        "metadata" : { }
      },
      "parametersMetadata" : {
        "metadata" : { }
      }
    }, {
      "majorSchemaVersion" : 3,
      "name" : "tutorial-html5-repo-host",
      "properties" : { },
      "parameters" : {
        "service-key" : "********"
      },
      "propertiesMetadata" : {
        "metadata" : { }
      },
      "parametersMetadata" : {
        "metadata" : { }
      }
    }, {
      "majorSchemaVersion" : 3,
      "name" : "srv-api",
      "properties" : { },
      "parameters" : { },
      "propertiesMetadata" : {
        "metadata" : { }
      },
      "parametersMetadata" : {
        "metadata" : { }
      }
    }, {
      "majorSchemaVersion" : 3,
      "name" : "tutorial-destination",
      "properties" : { },
      "parameters" : {
        "content-target" : true
      },
      "propertiesMetadata" : {
        "metadata" : { }
      },
      "parametersMetadata" : {
        "metadata" : { }
      }
    } ],
    "providedDependencies" : [ {
      "majorSchemaVersion" : 3,
      "name" : "tutorial-destinations",
      "isPublic" : false,
      "properties" : { },
      "parameters" : { },
      "propertiesMetadata" : {
        "metadata" : { }
      },
      "parametersMetadata" : {
        "metadata" : { }
      }
    } ],
    "propertiesMetadata" : {
      "metadata" : { }
    },
    "parametersMetadata" : {
      "metadata" : { }
    },
    "hooks" : [ ]
  }, {
    "majorSchemaVersion" : 3,
    "name" : "tutorial",
    "type" : "javascript.nodejs",
    "path" : "tutorial",
    "properties" : { },
    "parameters" : {
      "default-url" : "https://suportis-ag-demo-qs-59u9eftq-qs-tutorial.cfapps.eu10-004.hana.ondemand.com",
      "default-app-name" : "tutorial",
      "generated-password" : "********",
      "default-live-url" : "https://suportis-ag-demo-qs-59u9eftq-qs-tutorial.cfapps.eu10-004.hana.ondemand.com",
      "default-uri" : "suportis-ag-demo-qs-59u9eftq-qs-tutorial.cfapps.eu10-004.hana.ondemand.com",
      "memory" : "256M",
      "default-instances" : 1,
      "default-live-host" : "suportis-ag-demo-qs-59u9eftq-qs-tutorial",
      "instances" : 1,
      "default-host" : "suportis-ag-demo-qs-59u9eftq-qs-tutorial",
      "keep-existing-routes" : true,
      "app-name" : "tutorial",
      "default-live-uri" : "suportis-ag-demo-qs-59u9eftq-qs-tutorial.cfapps.eu10-004.hana.ondemand.com",
      "protocol" : "https",
      "default-live-app-name" : "tutorial",
      "default-live-domain" : "cfapps.eu10-004.hana.ondemand.com",
      "disk-quota" : "256M",
      "domain" : "cfapps.eu10-004.hana.ondemand.com",
      "host" : "suportis-ag-demo-qs-59u9eftq-qs-tutorial",
      "generated-user" : "********"
    },
    "requiredDependencies" : [ {
      "majorSchemaVersion" : 3,
      "name" : "srv-api",
      "group" : "destinations",
      "properties" : {
        "name" : "srv-api",
        "forwardAuthToken" : "********",
        "url" : "https://suportis-ag-demo-qs-59u9eftq-qs-tutorial-srv.cfapps.eu10-004.hana.ondemand.com"
      },
      "parameters" : { },
      "propertiesMetadata" : {
        "metadata" : { }
      },
      "parametersMetadata" : {
        "metadata" : { }
      }
    }, {
      "majorSchemaVersion" : 3,
      "name" : "********",
      "properties" : { },
      "parameters" : { },
      "propertiesMetadata" : {
        "metadata" : { }
      },
      "parametersMetadata" : {
        "metadata" : { }
      }
    }, {
      "majorSchemaVersion" : 3,
      "name" : "tutorial-destination",
      "properties" : { },
      "parameters" : { },
      "propertiesMetadata" : {
        "metadata" : { }
      },
      "parametersMetadata" : {
        "metadata" : { }
      }
    }, {
      "majorSchemaVersion" : 3,
      "name" : "tutorial-html5-runtime",
      "properties" : { },
      "parameters" : { },
      "propertiesMetadata" : {
        "metadata" : { }
      },
      "parametersMetadata" : {
        "metadata" : { }
      }
    } ],
    "providedDependencies" : [ {
      "majorSchemaVersion" : 3,
      "name" : "app-api",
      "isPublic" : false,
      "properties" : {
        "app-protocol" : "https",
        "app-uri" : "suportis-ag-demo-qs-59u9eftq-qs-tutorial.cfapps.eu10-004.hana.ondemand.com"
      },
      "parameters" : { },
      "propertiesMetadata" : {
        "metadata" : { }
      },
      "parametersMetadata" : {
        "metadata" : { }
      }
    }, {
      "majorSchemaVersion" : 3,
      "name" : "tutorial",
      "isPublic" : false,
      "properties" : { },
      "parameters" : { },
      "propertiesMetadata" : {
        "metadata" : { }
      },
      "parametersMetadata" : {
        "metadata" : { }
      }
    } ],
    "propertiesMetadata" : {
      "metadata" : { }
    },
    "parametersMetadata" : {
      "metadata" : { }
    },
    "hooks" : [ ]
  } ],
  "resources" : [ {
    "majorSchemaVersion" : 3,
    "name" : "********",
    "type" : "org.cloudfoundry.managed-service",
    "properties" : { },
    "parameters" : {
      "generated-password" : "********",
      "path" : "./xs-security.json",
      "service-name" : "********",
      "service-plan" : "application",
      "service" : "xsuaa",
      "generated-user" : "********",
      "default-xsappname" : "********",
      "type" : "managed-service",
      "config" : {
        "oauth2-configuration" : "********",
        "tenant-mode" : "dedicated",
        "xsappname" : "tutorial-SUPORTIS_AG_demo-qs-59u9eftq-qs"
      },
      "default-service-name" : "********",
      "default-container-name" : "********"
    },
    "isActive" : true,
    "isOptional" : false,
    "propertiesMetadata" : {
      "metadata" : { }
    },
    "parametersMetadata" : {
      "metadata" : { }
    },
    "requiredDependencies" : [ {
      "majorSchemaVersion" : 3,
      "name" : "app-api",
      "properties" : { },
      "parameters" : { },
      "propertiesMetadata" : {
        "metadata" : { }
      },
      "parametersMetadata" : {
        "metadata" : { }
      }
    } ],
    "processedAfter" : [ ]
  }, {
    "majorSchemaVersion" : 3,
    "name" : "tutorial-db",
    "type" : "com.sap.xs.hdi-container",
    "properties" : { },
    "parameters" : {
      "generated-password" : "********",
      "service-name" : "tutorial-db",
      "service-plan" : "hdi-shared",
      "service" : "hana",
      "generated-user" : "********",
      "default-xsappname" : "tutorial-db",
      "type" : "managed-service",
      "default-service-name" : "tutorial-db",
      "default-container-name" : "SUPORTIS_AG_DEMO_QS_59U9EFTQ_QS_TUTORIAL_DB"
    },
    "isActive" : true,
    "isOptional" : false,
    "propertiesMetadata" : {
      "metadata" : { }
    },
    "parametersMetadata" : {
      "metadata" : { }
    },
    "requiredDependencies" : [ ],
    "processedAfter" : [ ]
  }, {
    "majorSchemaVersion" : 3,
    "name" : "tutorial-html5-repo-host",
    "type" : "org.cloudfoundry.managed-service",
    "properties" : { },
    "parameters" : {
      "generated-password" : "********",
      "service-name" : "tutorial-html5-repo-host",
      "service-plan" : "app-host",
      "service" : "html5-apps-repo",
      "generated-user" : "********",
      "default-xsappname" : "tutorial-html5-repo-host",
      "type" : "managed-service",
      "default-service-name" : "tutorial-html5-repo-host",
      "default-container-name" : "SUPORTIS_AG_DEMO_QS_59U9EFTQ_QS_TUTORIAL_HTML5_REPO_HOST"
    },
    "isActive" : true,
    "isOptional" : false,
    "propertiesMetadata" : {
      "metadata" : { }
    },
    "parametersMetadata" : {
      "metadata" : { }
    },
    "requiredDependencies" : [ ],
    "processedAfter" : [ ]
  }, {
    "majorSchemaVersion" : 3,
    "name" : "tutorial-destination",
    "type" : "org.cloudfoundry.managed-service",
    "properties" : { },
    "parameters" : {
      "generated-password" : "********",
      "service-name" : "tutorial-destination",
      "service-plan" : "lite",
      "service" : "destination",
      "generated-user" : "********",
      "default-xsappname" : "tutorial-destination",
      "type" : "managed-service",
      "config" : {
        "HTML5Runtime_enabled" : true,
        "init_data" : {
          "instance" : {
            "destinations" : [ {
              "Authentication" : "********",
              "HTML5.DynamicDestination" : true,
              "HTML5.ForwardAuthToken" : "********",
              "Name" : "srv-api",
              "ProxyType" : "Internet",
              "Type" : "HTTP",
              "URL" : "https://suportis-ag-demo-qs-59u9eftq-qs-tutorial-srv.cfapps.eu10-004.hana.ondemand.com"
            } ],
            "existing_destinations_policy" : "update"
          }
        }
      },
      "default-service-name" : "tutorial-destination",
      "default-container-name" : "SUPORTIS_AG_DEMO_QS_59U9EFTQ_QS_TUTORIAL_DESTINATION"
    },
    "isActive" : true,
    "isOptional" : false,
    "propertiesMetadata" : {
      "metadata" : { }
    },
    "parametersMetadata" : {
      "metadata" : { }
    },
    "requiredDependencies" : [ {
      "majorSchemaVersion" : 3,
      "name" : "srv-api",
      "properties" : { },
      "parameters" : { },
      "propertiesMetadata" : {
        "metadata" : { }
      },
      "parametersMetadata" : {
        "metadata" : { }
      }
    } ],
    "processedAfter" : [ ]
  }, {
    "majorSchemaVersion" : 3,
    "name" : "tutorial-html5-runtime",
    "type" : "org.cloudfoundry.managed-service",
    "properties" : { },
    "parameters" : {
      "generated-password" : "********",
      "service-name" : "tutorial-html5-runtime",
      "service-plan" : "app-runtime",
      "service" : "html5-apps-repo",
      "generated-user" : "********",
      "default-xsappname" : "tutorial-html5-runtime",
      "type" : "managed-service",
      "default-service-name" : "tutorial-html5-runtime",
      "default-container-name" : "SUPORTIS_AG_DEMO_QS_59U9EFTQ_QS_TUTORIAL_HTML5_RUNTIME"
    },
    "isActive" : true,
    "isOptional" : false,
    "propertiesMetadata" : {
      "metadata" : { }
    },
    "parametersMetadata" : {
      "metadata" : { }
    },
    "requiredDependencies" : [ ],
    "processedAfter" : [ ]
  } ],
  "parameters" : {
    "deploy_mode" : "html5-repo",
    "mta-id" : "tutorial",
    "authorization-url" : "********",
    "org-guid" : "0f84b19e-e7b5-482f-8f7b-8dc020a3b0c2",
    "org" : "SUPORTIS_AG_demo-qs-59u9eftq",
    "deploy-target" : "SUPORTIS_AG_demo-qs-59u9eftq qs",
    "enable-parallel-deployments" : true,
    "region-primary-domain" : "eu10.hana.ondemand.com",
    "space" : "qs",
    "region-domain" : "eu10-004.hana.ondemand.com",
    "xs-api-url" : "https://api.cf.eu10-004.hana.ondemand.com",
    "deploy-url" : "deploy-service.cfapps.eu10-004.hana.ondemand.com",
    "xs-type" : "CF",
    "default-domain" : "cfapps.eu10-004.hana.ondemand.com",
    "mta-version" : "1.0.0",
    "xs-auth-url" : "********",
    "space-guid" : "190179fa-25dc-444e-b7b2-a3816c974671",
    "user" : "********",
    "controller-url" : "https://api.cf.eu10-004.hana.ondemand.com",
    "timestamp" : "20260317134740"
  },
  "parametersMetadata" : {
    "metadata" : { }
  }
}#
#2026 03 17 13:48:02.136#Z#DEBUG#dde23164-2207-11f1-a1fb-eeee0a988291.OPERATION#flowable-async-job-executor-thread-72687#
[ProcessDescriptorStep] Merged descriptor properties and parameters resolved#
#2026 03 17 13:48:02.136#Z#DEBUG#dde23164-2207-11f1-a1fb-eeee0a988291.OPERATION#flowable-async-job-executor-thread-72687#
Step "Re-Process Descriptor Step" finished#
#2026 03 17 13:48:02.186#Z#DEBUG#dde23164-2207-11f1-a1fb-eeee0a988291.OPERATION#flowable-async-job-executor-thread-72688#
[BuildApplicationDeployModelStep] Executing task "buildApplicationDeployModelTask" of process "ea884342-2207-11f1-a4bc-eeee0a87df33"...#
#2026 03 17 13:48:02.190#Z#DEBUG#dde23164-2207-11f1-a1fb-eeee0a988291.OPERATION#flowable-async-job-executor-thread-72688#
[BuildApplicationDeployModelStep] Building cloud deployment model for application "tutorial-srv"...#
#2026 03 17 13:48:02.200#Z#DEBUG#dde23164-2207-11f1-a1fb-eeee0a988291.OPERATION#flowable-async-job-executor-thread-72688#
[BuildApplicationDeployModelStep] No health-check-type is specified. Setting default type: port#
#2026 03 17 13:48:02.200#Z#INFO#dde23164-2207-11f1-a1fb-eeee0a988291.OPERATION#flowable-async-job-executor-thread-72688#
[BuildApplicationDeployModelStep] Building configuration entries for org SUPORTIS_AG_demo-qs-59u9eftq, space qs, spaceId 190179fa-25dc-444e-b7b2-a3816c974671 and namespace null!#
#2026 03 17 13:48:02.201#Z#DEBUG#dde23164-2207-11f1-a1fb-eeee0a988291.OPERATION#flowable-async-job-executor-thread-72688#
[BuildApplicationDeployModelStep] Configuration entries to publish: [ ]#
#2026 03 17 13:48:02.201#Z#DEBUG#dde23164-2207-11f1-a1fb-eeee0a988291.OPERATION#flowable-async-job-executor-thread-72688#
[BuildApplicationDeployModelStep] Cloud deployment model for application built#
#2026 03 17 13:48:02.201#Z#DEBUG#dde23164-2207-11f1-a1fb-eeee0a988291.OPERATION#flowable-async-job-executor-thread-72688#
Step "Build Application Deploy Model" finished#
#2026 03 17 13:48:02.274#Z#DEBUG#dde23164-2207-11f1-a1fb-eeee0a988291.OPERATION#flowable-async-job-executor-thread-72689#
[CreateOrUpdateAppStep] Executing task "createAppTask" of process "ea884342-2207-11f1-a4bc-eeee0a87df33"...#
#2026 03 17 13:48:02.275#Z#DEBUG#dde23164-2207-11f1-a1fb-eeee0a988291.OPERATION#flowable-async-job-executor-thread-72689#
[CreateOrUpdateAppStep] Getting application "tutorial-srv"...#
#2026 03 17 13:48:02.345#Z#INFO#dde23164-2207-11f1-a1fb-eeee0a988291.OPERATION#flowable-async-job-executor-thread-72689#
[CreateOrUpdateAppStep] Creating application "tutorial-srv" from MTA module "tutorial-srv"...#
#2026 03 17 13:48:02.357#Z#DEBUG#dde23164-2207-11f1-a1fb-eeee0a988291.OPERATION#flowable-async-job-executor-thread-72689#
[CreateOrUpdateAppStep] Creating application "tutorial-srv" with disk "null" memory "null", URIs "suportis-ag-demo-qs-59u9eftq-qs-tutorial-srv.cfapps.eu10-004.hana.ondemand.com" and staging: "{
  "isReadinessHealthCheckEnabled" : true,
  "buildpacks" : [ "nodejs_buildpack" ],
  "healthCheckType" : "port",
  "appFeatures" : { }
}"#
#2026 03 17 13:48:02.887#Z#DEBUG#dde23164-2207-11f1-a1fb-eeee0a988291.OPERATION#flowable-async-job-executor-thread-72689#
[CreateOrUpdateAppStep] Application "tutorial-srv" created#
#2026 03 17 13:48:02.887#Z#DEBUG#dde23164-2207-11f1-a1fb-eeee0a988291.OPERATION#flowable-async-job-executor-thread-72689#
Step "Create App" finished#
#2026 03 17 13:48:03.048#Z#DEBUG#dde23164-2207-11f1-a1fb-eeee0a988291.OPERATION#flowable-async-job-executor-thread-72694#
[CheckServiceBindingOperationStep] Executing task "checkForServiceBindingOperationInProgress" of process "eb1c9467-2207-11f1-a4bc-eeee0a87df33"...#
#2026 03 17 13:48:03.049#Z#DEBUG#dde23164-2207-11f1-a1fb-eeee0a988291.OPERATION#flowable-async-job-executor-thread-72694#
[CheckServiceBindingOperationStep] Checking for service binding operation in progress between app "tutorial-srv" and service instance "tutorial-auth"#
#2026 03 17 13:48:03.049#Z#DEBUG#dde23164-2207-11f1-a1fb-eeee0a988291.OPERATION#flowable-async-job-executor-thread-72694#
[CheckServiceBindingOperationStep] Getting application guid "tutorial-srv"...#
#2026 03 17 13:48:03.109#Z#DEBUG#dde23164-2207-11f1-a1fb-eeee0a988291.OPERATION#flowable-async-job-executor-thread-72694#
[CheckServiceBindingOperationStep] Getting GUID of required service instance "tutorial-auth"...#
#2026 03 17 13:48:03.141#Z#DEBUG#dde23164-2207-11f1-a1fb-eeee0a988291.OPERATION#flowable-async-job-executor-thread-72694#
[CheckServiceBindingOperationStep] Getting binding of service instance "16393a9c-d7c0-492d-a637-7fbe62700d2e" with application "0f5b824e-db22-40f0-abab-31460280faf8"...#
#2026 03 17 13:48:03.177#Z#DEBUG#dde23164-2207-11f1-a1fb-eeee0a988291.OPERATION#flowable-async-job-executor-thread-72694#
Step "Check For Service Binding Operation In Progress" finished#
#2026 03 17 13:48:03.225#Z#DEBUG#dde23164-2207-11f1-a1fb-eeee0a988291.OPERATION#flowable-async-job-executor-thread-72695#
[DetermineApplicationServiceBindingActionsStep] Executing task "determineApplicationServiceBindingActionsTask" of process "eb1c9467-2207-11f1-a4bc-eeee0a87df33"...#
#2026 03 17 13:48:03.226#Z#DEBUG#dde23164-2207-11f1-a1fb-eeee0a988291.OPERATION#flowable-async-job-executor-thread-72695#
[DetermineApplicationServiceBindingActionsStep] Determine bind/unbind operations of application "tutorial-srv" to service instance "tutorial-auth"#
#2026 03 17 13:48:03.226#Z#DEBUG#dde23164-2207-11f1-a1fb-eeee0a988291.OPERATION#flowable-async-job-executor-thread-72695#
[DetermineApplicationServiceBindingActionsStep] Getting application "tutorial-srv"...#
#2026 03 17 13:48:03.283#Z#DEBUG#dde23164-2207-11f1-a1fb-eeee0a988291.OPERATION#flowable-async-job-executor-thread-72695#
[DetermineApplicationServiceBindingActionsStep] Binding parameters for application "tutorial-srv": { }#
#2026 03 17 13:48:03.316#Z#DEBUG#dde23164-2207-11f1-a1fb-eeee0a988291.OPERATION#flowable-async-job-executor-thread-72695#
[DetermineApplicationServiceBindingActionsStep] Calculated binding operations between application "tutorial-srv" and service instance "tutorial-auth": unbind - false bind - true#
#2026 03 17 13:48:03.316#Z#DEBUG#dde23164-2207-11f1-a1fb-eeee0a988291.OPERATION#flowable-async-job-executor-thread-72695#
Step "Determine Application Service Binding Actions" finished#
#2026 03 17 13:48:03.377#Z#DEBUG#dde23164-2207-11f1-a1fb-eeee0a988291.OPERATION#flowable-async-job-executor-thread-72696#
[BindServiceToApplicationStep] Executing task "bindServiceToApplicationTask" of process "eb1c9467-2207-11f1-a4bc-eeee0a87df33"...#
#2026 03 17 13:48:03.380#Z#INFO#dde23164-2207-11f1-a1fb-eeee0a988291.OPERATION#flowable-async-job-executor-thread-72696#
[BindServiceToApplicationStep] Binding service instance "tutorial-auth" to application "tutorial-srv"...#
#2026 03 17 13:48:03.389#Z#DEBUG#dde23164-2207-11f1-a1fb-eeee0a988291.OPERATION#flowable-async-job-executor-thread-72696#
[BindServiceToApplicationStep] Binding service instance "tutorial-auth" to application "tutorial-srv" with parameters: { }#
#2026 03 17 13:48:03.547#Z#DEBUG#dde23164-2207-11f1-a1fb-eeee0a988291.OPERATION#flowable-async-job-executor-thread-72696#
Step "Bind Service to Application" finished#
#2026 03 17 13:48:04.449#Z#DEBUG#dde23164-2207-11f1-a1fb-eeee0a988291.OPERATION#flowable-async-job-executor-thread-61762#
[CheckServiceBindingOperationStep] Executing task "checkForServiceBindingOperationInProgress" of process "ebf17077-2207-11f1-a1fb-eeee0a988291"...#
#2026 03 17 13:48:04.449#Z#DEBUG#dde23164-2207-11f1-a1fb-eeee0a988291.OPERATION#flowable-async-job-executor-thread-61762#
[CheckServiceBindingOperationStep] Checking for service binding operation in progress between app "tutorial-srv" and service instance "tutorial-destination"#
#2026 03 17 13:48:04.449#Z#DEBUG#dde23164-2207-11f1-a1fb-eeee0a988291.OPERATION#flowable-async-job-executor-thread-61762#
[CheckServiceBindingOperationStep] Getting application guid "tutorial-srv"...#
#2026 03 17 13:48:04.516#Z#DEBUG#dde23164-2207-11f1-a1fb-eeee0a988291.OPERATION#flowable-async-job-executor-thread-61762#
[CheckServiceBindingOperationStep] Getting GUID of required service instance "tutorial-destination"...#
#2026 03 17 13:48:04.566#Z#DEBUG#dde23164-2207-11f1-a1fb-eeee0a988291.OPERATION#flowable-async-job-executor-thread-61762#
[CheckServiceBindingOperationStep] Getting binding of service instance "ded49e3b-1d59-4bed-88ed-16a23a17c4d8" with application "0f5b824e-db22-40f0-abab-31460280faf8"...#
#2026 03 17 13:48:04.599#Z#DEBUG#dde23164-2207-11f1-a1fb-eeee0a988291.OPERATION#flowable-async-job-executor-thread-61762#
Step "Check For Service Binding Operation In Progress" finished#
#2026 03 17 13:48:04.702#Z#DEBUG#dde23164-2207-11f1-a1fb-eeee0a988291.OPERATION#flowable-async-job-executor-thread-61770#
[ProcessDescriptorStep] Executing task "reprocessDescriptorTask" of process "ec0f587a-2207-11f1-a1fb-eeee0a988291"...#
#2026 03 17 13:48:04.704#Z#DEBUG#dde23164-2207-11f1-a1fb-eeee0a988291.OPERATION#flowable-async-job-executor-thread-61770#
[ProcessDescriptorStep] Resolving properties and parameters in merged descriptor...#
#2026 03 17 13:48:04.710#Z#DEBUG#dde23164-2207-11f1-a1fb-eeee0a988291.OPERATION#flowable-async-job-executor-thread-61770#
[ProcessDescriptorStep] Subscriptions: [ ]#
#2026 03 17 13:48:04.724#Z#DEBUG#dde23164-2207-11f1-a1fb-eeee0a988291.OPERATION#flowable-async-job-executor-thread-61770#
[ProcessDescriptorStep] MTA modules: [tutorial-srv, tutorial-destinations, tutorial-app-deployer, tutorial-db-deployer, tutorial]#
#2026 03 17 13:48:04.731#Z#DEBUG#dde23164-2207-11f1-a1fb-eeee0a988291.OPERATION#flowable-async-job-executor-thread-61770#
[ProcessDescriptorStep] Resolved deployment descriptor: {
  "majorSchemaVersion" : 3,
  "schemaVersion" : "3.3.0",
  "id" : "tutorial",
  "version" : "1.0.0",
  "modules" : [ {
    "majorSchemaVersion" : 3,
    "name" : "tutorial-srv",
    "type" : "javascript.nodejs",
    "path" : "tutorial-srv",
    "properties" : { },
    "parameters" : {
      "default-url" : "https://suportis-ag-demo-qs-59u9eftq-qs-tutorial-srv.cfapps.eu10-004.hana.ondemand.com",
      "default-app-name" : "tutorial-srv",
      "generated-password" : "********",
      "default-live-url" : "https://suportis-ag-demo-qs-59u9eftq-qs-tutorial-srv.cfapps.eu10-004.hana.ondemand.com",
      "default-uri" : "suportis-ag-demo-qs-59u9eftq-qs-tutorial-srv.cfapps.eu10-004.hana.ondemand.com",
      "default-instances" : 1,
      "default-live-host" : "suportis-ag-demo-qs-59u9eftq-qs-tutorial-srv",
      "instances" : 1,
      "buildpack" : "nodejs_buildpack",
      "default-host" : "suportis-ag-demo-qs-59u9eftq-qs-tutorial-srv",
      "app-name" : "tutorial-srv",
      "default-live-uri" : "suportis-ag-demo-qs-59u9eftq-qs-tutorial-srv.cfapps.eu10-004.hana.ondemand.com",
      "protocol" : "https",
      "default-live-app-name" : "tutorial-srv",
      "default-live-domain" : "cfapps.eu10-004.hana.ondemand.com",
      "domain" : "cfapps.eu10-004.hana.ondemand.com",
      "host" : "suportis-ag-demo-qs-59u9eftq-qs-tutorial-srv",
      "generated-user" : "********"
    },
    "requiredDependencies" : [ {
      "majorSchemaVersion" : 3,
      "name" : "********",
      "properties" : { },
      "parameters" : { },
      "propertiesMetadata" : {
        "metadata" : { }
      },
      "parametersMetadata" : {
        "metadata" : { }
      }
    }, {
      "majorSchemaVersion" : 3,
      "name" : "tutorial-db",
      "properties" : { },
      "parameters" : { },
      "propertiesMetadata" : {
        "metadata" : { }
      },
      "parametersMetadata" : {
        "metadata" : { }
      }
    }, {
      "majorSchemaVersion" : 3,
      "name" : "tutorial-destination",
      "properties" : { },
      "parameters" : { },
      "propertiesMetadata" : {
        "metadata" : { }
      },
      "parametersMetadata" : {
        "metadata" : { }
      }
    } ],
    "providedDependencies" : [ {
      "majorSchemaVersion" : 3,
      "name" : "srv-api",
      "isPublic" : false,
      "properties" : {
        "srv-url" : "https://suportis-ag-demo-qs-59u9eftq-qs-tutorial-srv.cfapps.eu10-004.hana.ondemand.com"
      },
      "parameters" : { },
      "propertiesMetadata" : {
        "metadata" : { }
      },
      "parametersMetadata" : {
        "metadata" : { }
      }
    }, {
      "majorSchemaVersion" : 3,
      "name" : "tutorial-srv",
      "isPublic" : false,
      "properties" : { },
      "parameters" : { },
      "propertiesMetadata" : {
        "metadata" : { }
      },
      "parametersMetadata" : {
        "metadata" : { }
      }
    } ],
    "propertiesMetadata" : {
      "metadata" : { }
    },
    "parametersMetadata" : {
      "metadata" : { }
    },
    "hooks" : [ ]
  }, {
    "majorSchemaVersion" : 3,
    "name" : "tutorial-db-deployer",
    "type" : "com.sap.xs.hdi",
    "path" : "tutorial-db-deployer",
    "properties" : {
      "EXIT" : 1
    },
    "parameters" : {
      "default-url" : "https://suportis-ag-demo-qs-59u9eftq-qs-tutorial-db-deployer.cfapps.eu10-004.hana.ondemand.com",
      "default-app-name" : "tutorial-db-deployer",
      "generated-password" : "********",
      "default-live-url" : "https://suportis-ag-demo-qs-59u9eftq-qs-tutorial-db-deployer.cfapps.eu10-004.hana.ondemand.com",
      "default-uri" : "suportis-ag-demo-qs-59u9eftq-qs-tutorial-db-deployer.cfapps.eu10-004.hana.ondemand.com",
      "memory" : "256M",
      "default-instances" : 1,
      "no-route" : true,
      "default-live-host" : "suportis-ag-demo-qs-59u9eftq-qs-tutorial-db-deployer",
      "instances" : 1,
      "buildpack" : "nodejs_buildpack",
      "default-host" : "suportis-ag-demo-qs-59u9eftq-qs-tutorial-db-deployer",
      "app-name" : "tutorial-db-deployer",
      "default-live-uri" : "suportis-ag-demo-qs-59u9eftq-qs-tutorial-db-deployer.cfapps.eu10-004.hana.ondemand.com",
      "protocol" : "https",
      "default-live-app-name" : "tutorial-db-deployer",
      "default-live-domain" : "cfapps.eu10-004.hana.ondemand.com",
      "dependency-type" : "hard",
      "domain" : "cfapps.eu10-004.hana.ondemand.com",
      "host" : "suportis-ag-demo-qs-59u9eftq-qs-tutorial-db-deployer",
      "generated-user" : "********",
      "tasks" : [ {
        "command" : "npm start",
        "memory" : "256M",
        "name" : "deploy"
      } ],
      "no-start" : true
    },
    "requiredDependencies" : [ {
      "majorSchemaVersion" : 3,
      "name" : "tutorial-db",
      "properties" : { },
      "parameters" : { },
      "propertiesMetadata" : {
        "metadata" : { }
      },
      "parametersMetadata" : {
        "metadata" : { }
      }
    } ],
    "providedDependencies" : [ {
      "majorSchemaVersion" : 3,
      "name" : "tutorial-db-deployer",
      "isPublic" : false,
      "properties" : { },
      "parameters" : { },
      "propertiesMetadata" : {
        "metadata" : { }
      },
      "parametersMetadata" : {
        "metadata" : { }
      }
    } ],
    "propertiesMetadata" : {
      "metadata" : { }
    },
    "parametersMetadata" : {
      "metadata" : { }
    },
    "hooks" : [ ]
  }, {
    "majorSchemaVersion" : 3,
    "name" : "tutorial-app-deployer",
    "type" : "com.sap.application.content",
    "path" : "tutorial-app-deployer",
    "properties" : { },
    "parameters" : {
      "default-url" : "https://suportis-ag-demo-qs-59u9eftq-qs-tutorial-app-deployer.cfapps.eu10-004.hana.ondemand.com",
      "default-app-name" : "tutorial-app-deployer",
      "generated-password" : "********",
      "default-live-url" : "https://suportis-ag-demo-qs-59u9eftq-qs-tutorial-app-deployer.cfapps.eu10-004.hana.ondemand.com",
      "default-uri" : "suportis-ag-demo-qs-59u9eftq-qs-tutorial-app-deployer.cfapps.eu10-004.hana.ondemand.com",
      "default-instances" : 1,
      "default-live-host" : "suportis-ag-demo-qs-59u9eftq-qs-tutorial-app-deployer",
      "instances" : 1,
      "default-host" : "suportis-ag-demo-qs-59u9eftq-qs-tutorial-app-deployer",
      "app-name" : "tutorial-app-deployer",
      "default-live-uri" : "suportis-ag-demo-qs-59u9eftq-qs-tutorial-app-deployer.cfapps.eu10-004.hana.ondemand.com",
      "protocol" : "https",
      "default-live-app-name" : "tutorial-app-deployer",
      "default-live-domain" : "cfapps.eu10-004.hana.ondemand.com",
      "domain" : "cfapps.eu10-004.hana.ondemand.com",
      "host" : "suportis-ag-demo-qs-59u9eftq-qs-tutorial-app-deployer",
      "generated-user" : "********"
    },
    "requiredDependencies" : [ {
      "majorSchemaVersion" : 3,
      "name" : "********",
      "properties" : { },
      "parameters" : { },
      "propertiesMetadata" : {
        "metadata" : { }
      },
      "parametersMetadata" : {
        "metadata" : { }
      }
    }, {
      "majorSchemaVersion" : 3,
      "name" : "srv-api",
      "properties" : { },
      "parameters" : { },
      "propertiesMetadata" : {
        "metadata" : { }
      },
      "parametersMetadata" : {
        "metadata" : { }
      }
    }, {
      "majorSchemaVersion" : 3,
      "name" : "tutorial-html5-repo-host",
      "properties" : { },
      "parameters" : {
        "config" : {
          "HTML5Runtime_enabled" : true
        },
        "content-target" : true
      },
      "propertiesMetadata" : {
        "metadata" : { }
      },
      "parametersMetadata" : {
        "metadata" : { }
      }
    } ],
    "providedDependencies" : [ {
      "majorSchemaVersion" : 3,
      "name" : "tutorial-app-deployer",
      "isPublic" : false,
      "properties" : { },
      "parameters" : { },
      "propertiesMetadata" : {
        "metadata" : { }
      },
      "parametersMetadata" : {
        "metadata" : { }
      }
    } ],
    "propertiesMetadata" : {
      "metadata" : { }
    },
    "parametersMetadata" : {
      "metadata" : { }
    },
    "hooks" : [ ]
  }, {
    "majorSchemaVersion" : 3,
    "name" : "tutorial-destinations",
    "type" : "com.sap.application.content",
    "properties" : { },
    "parameters" : {
      "default-url" : "https://suportis-ag-demo-qs-59u9eftq-qs-tutorial-destinations.cfapps.eu10-004.hana.ondemand.com",
      "default-app-name" : "tutorial-destinations",
      "generated-password" : "********",
      "default-live-url" : "https://suportis-ag-demo-qs-59u9eftq-qs-tutorial-destinations.cfapps.eu10-004.hana.ondemand.com",
      "default-uri" : "suportis-ag-demo-qs-59u9eftq-qs-tutorial-destinations.cfapps.eu10-004.hana.ondemand.com",
      "default-instances" : 1,
      "default-live-host" : "suportis-ag-demo-qs-59u9eftq-qs-tutorial-destinations",
      "instances" : 1,
      "default-host" : "suportis-ag-demo-qs-59u9eftq-qs-tutorial-destinations",
      "content" : {
        "instance" : {
          "destinations" : [ {
            "Name" : "tutorial-html5-repository",
            "ServiceInstanceName" : "tutorial-html5-repo-host",
            "ServiceKeyName" : "********",
            "sap.cloud.service" : "tutorial.service"
          }, {
            "Authentication" : "********",
            "Name" : "********",
            "ServiceInstanceName" : "********",
            "ServiceKeyName" : "********",
            "sap.cloud.service" : "tutorial.service"
          } ],
          "existing_destinations_policy" : "update"
        }
      },
      "app-name" : "tutorial-destinations",
      "default-live-uri" : "suportis-ag-demo-qs-59u9eftq-qs-tutorial-destinations.cfapps.eu10-004.hana.ondemand.com",
      "protocol" : "https",
      "default-live-app-name" : "tutorial-destinations",
      "default-live-domain" : "cfapps.eu10-004.hana.ondemand.com",
      "domain" : "cfapps.eu10-004.hana.ondemand.com",
      "host" : "suportis-ag-demo-qs-59u9eftq-qs-tutorial-destinations",
      "generated-user" : "********"
    },
    "requiredDependencies" : [ {
      "majorSchemaVersion" : 3,
      "name" : "********",
      "properties" : { },
      "parameters" : {
        "service-key" : "********"
      },
      "propertiesMetadata" : {
        "metadata" : { }
      },
      "parametersMetadata" : {
        "metadata" : { }
      }
    }, {
      "majorSchemaVersion" : 3,
      "name" : "tutorial-html5-repo-host",
      "properties" : { },
      "parameters" : {
        "service-key" : "********"
      },
      "propertiesMetadata" : {
        "metadata" : { }
      },
      "parametersMetadata" : {
        "metadata" : { }
      }
    }, {
      "majorSchemaVersion" : 3,
      "name" : "srv-api",
      "properties" : { },
      "parameters" : { },
      "propertiesMetadata" : {
        "metadata" : { }
      },
      "parametersMetadata" : {
        "metadata" : { }
      }
    }, {
      "majorSchemaVersion" : 3,
      "name" : "tutorial-destination",
      "properties" : { },
      "parameters" : {
        "content-target" : true
      },
      "propertiesMetadata" : {
        "metadata" : { }
      },
      "parametersMetadata" : {
        "metadata" : { }
      }
    } ],
    "providedDependencies" : [ {
      "majorSchemaVersion" : 3,
      "name" : "tutorial-destinations",
      "isPublic" : false,
      "properties" : { },
      "parameters" : { },
      "propertiesMetadata" : {
        "metadata" : { }
      },
      "parametersMetadata" : {
        "metadata" : { }
      }
    } ],
    "propertiesMetadata" : {
      "metadata" : { }
    },
    "parametersMetadata" : {
      "metadata" : { }
    },
    "hooks" : [ ]
  }, {
    "majorSchemaVersion" : 3,
    "name" : "tutorial",
    "type" : "javascript.nodejs",
    "path" : "tutorial",
    "properties" : { },
    "parameters" : {
      "default-url" : "https://suportis-ag-demo-qs-59u9eftq-qs-tutorial.cfapps.eu10-004.hana.ondemand.com",
      "default-app-name" : "tutorial",
      "generated-password" : "********",
      "default-live-url" : "https://suportis-ag-demo-qs-59u9eftq-qs-tutorial.cfapps.eu10-004.hana.ondemand.com",
      "default-uri" : "suportis-ag-demo-qs-59u9eftq-qs-tutorial.cfapps.eu10-004.hana.ondemand.com",
      "memory" : "256M",
      "default-instances" : 1,
      "default-live-host" : "suportis-ag-demo-qs-59u9eftq-qs-tutorial",
      "instances" : 1,
      "default-host" : "suportis-ag-demo-qs-59u9eftq-qs-tutorial",
      "keep-existing-routes" : true,
      "app-name" : "tutorial",
      "default-live-uri" : "suportis-ag-demo-qs-59u9eftq-qs-tutorial.cfapps.eu10-004.hana.ondemand.com",
      "protocol" : "https",
      "default-live-app-name" : "tutorial",
      "default-live-domain" : "cfapps.eu10-004.hana.ondemand.com",
      "disk-quota" : "256M",
      "domain" : "cfapps.eu10-004.hana.ondemand.com",
      "host" : "suportis-ag-demo-qs-59u9eftq-qs-tutorial",
      "generated-user" : "********"
    },
    "requiredDependencies" : [ {
      "majorSchemaVersion" : 3,
      "name" : "srv-api",
      "group" : "destinations",
      "properties" : {
        "name" : "srv-api",
        "forwardAuthToken" : "********",
        "url" : "https://suportis-ag-demo-qs-59u9eftq-qs-tutorial-srv.cfapps.eu10-004.hana.ondemand.com"
      },
      "parameters" : { },
      "propertiesMetadata" : {
        "metadata" : { }
      },
      "parametersMetadata" : {
        "metadata" : { }
      }
    }, {
      "majorSchemaVersion" : 3,
      "name" : "********",
      "properties" : { },
      "parameters" : { },
      "propertiesMetadata" : {
        "metadata" : { }
      },
      "parametersMetadata" : {
        "metadata" : { }
      }
    }, {
      "majorSchemaVersion" : 3,
      "name" : "tutorial-destination",
      "properties" : { },
      "parameters" : { },
      "propertiesMetadata" : {
        "metadata" : { }
      },
      "parametersMetadata" : {
        "metadata" : { }
      }
    }, {
      "majorSchemaVersion" : 3,
      "name" : "tutorial-html5-runtime",
      "properties" : { },
      "parameters" : { },
      "propertiesMetadata" : {
        "metadata" : { }
      },
      "parametersMetadata" : {
        "metadata" : { }
      }
    } ],
    "providedDependencies" : [ {
      "majorSchemaVersion" : 3,
      "name" : "app-api",
      "isPublic" : false,
      "properties" : {
        "app-protocol" : "https",
        "app-uri" : "suportis-ag-demo-qs-59u9eftq-qs-tutorial.cfapps.eu10-004.hana.ondemand.com"
      },
      "parameters" : { },
      "propertiesMetadata" : {
        "metadata" : { }
      },
      "parametersMetadata" : {
        "metadata" : { }
      }
    }, {
      "majorSchemaVersion" : 3,
      "name" : "tutorial",
      "isPublic" : false,
      "properties" : { },
      "parameters" : { },
      "propertiesMetadata" : {
        "metadata" : { }
      },
      "parametersMetadata" : {
        "metadata" : { }
      }
    } ],
    "propertiesMetadata" : {
      "metadata" : { }
    },
    "parametersMetadata" : {
      "metadata" : { }
    },
    "hooks" : [ ]
  } ],
  "resources" : [ {
    "majorSchemaVersion" : 3,
    "name" : "********",
    "type" : "org.cloudfoundry.managed-service",
    "properties" : { },
    "parameters" : {
      "generated-password" : "********",
      "path" : "./xs-security.json",
      "service-name" : "********",
      "service-plan" : "application",
      "service" : "xsuaa",
      "generated-user" : "********",
      "default-xsappname" : "********",
      "type" : "managed-service",
      "config" : {
        "oauth2-configuration" : "********",
        "tenant-mode" : "dedicated",
        "xsappname" : "tutorial-SUPORTIS_AG_demo-qs-59u9eftq-qs"
      },
      "default-service-name" : "********",
      "default-container-name" : "********"
    },
    "isActive" : true,
    "isOptional" : false,
    "propertiesMetadata" : {
      "metadata" : { }
    },
    "parametersMetadata" : {
      "metadata" : { }
    },
    "requiredDependencies" : [ {
      "majorSchemaVersion" : 3,
      "name" : "app-api",
      "properties" : { },
      "parameters" : { },
      "propertiesMetadata" : {
        "metadata" : { }
      },
      "parametersMetadata" : {
        "metadata" : { }
      }
    } ],
    "processedAfter" : [ ]
  }, {
    "majorSchemaVersion" : 3,
    "name" : "tutorial-db",
    "type" : "com.sap.xs.hdi-container",
    "properties" : { },
    "parameters" : {
      "generated-password" : "********",
      "service-name" : "tutorial-db",
      "service-plan" : "hdi-shared",
      "service" : "hana",
      "generated-user" : "********",
      "default-xsappname" : "tutorial-db",
      "type" : "managed-service",
      "default-service-name" : "tutorial-db",
      "default-container-name" : "SUPORTIS_AG_DEMO_QS_59U9EFTQ_QS_TUTORIAL_DB"
    },
    "isActive" : true,
    "isOptional" : false,
    "propertiesMetadata" : {
      "metadata" : { }
    },
    "parametersMetadata" : {
      "metadata" : { }
    },
    "requiredDependencies" : [ ],
    "processedAfter" : [ ]
  }, {
    "majorSchemaVersion" : 3,
    "name" : "tutorial-html5-repo-host",
    "type" : "org.cloudfoundry.managed-service",
    "properties" : { },
    "parameters" : {
      "generated-password" : "********",
      "service-name" : "tutorial-html5-repo-host",
      "service-plan" : "app-host",
      "service" : "html5-apps-repo",
      "generated-user" : "********",
      "default-xsappname" : "tutorial-html5-repo-host",
      "type" : "managed-service",
      "default-service-name" : "tutorial-html5-repo-host",
      "default-container-name" : "SUPORTIS_AG_DEMO_QS_59U9EFTQ_QS_TUTORIAL_HTML5_REPO_HOST"
    },
    "isActive" : true,
    "isOptional" : false,
    "propertiesMetadata" : {
      "metadata" : { }
    },
    "parametersMetadata" : {
      "metadata" : { }
    },
    "requiredDependencies" : [ ],
    "processedAfter" : [ ]
  }, {
    "majorSchemaVersion" : 3,
    "name" : "tutorial-destination",
    "type" : "org.cloudfoundry.managed-service",
    "properties" : { },
    "parameters" : {
      "generated-password" : "********",
      "service-name" : "tutorial-destination",
      "service-plan" : "lite",
      "service" : "destination",
      "generated-user" : "********",
      "default-xsappname" : "tutorial-destination",
      "type" : "managed-service",
      "config" : {
        "HTML5Runtime_enabled" : true,
        "init_data" : {
          "instance" : {
            "destinations" : [ {
              "Authentication" : "********",
              "HTML5.DynamicDestination" : true,
              "HTML5.ForwardAuthToken" : "********",
              "Name" : "srv-api",
              "ProxyType" : "Internet",
              "Type" : "HTTP",
              "URL" : "https://suportis-ag-demo-qs-59u9eftq-qs-tutorial-srv.cfapps.eu10-004.hana.ondemand.com"
            } ],
            "existing_destinations_policy" : "update"
          }
        }
      },
      "default-service-name" : "tutorial-destination",
      "default-container-name" : "SUPORTIS_AG_DEMO_QS_59U9EFTQ_QS_TUTORIAL_DESTINATION"
    },
    "isActive" : true,
    "isOptional" : false,
    "propertiesMetadata" : {
      "metadata" : { }
    },
    "parametersMetadata" : {
      "metadata" : { }
    },
    "requiredDependencies" : [ {
      "majorSchemaVersion" : 3,
      "name" : "srv-api",
      "properties" : { },
      "parameters" : { },
      "propertiesMetadata" : {
        "metadata" : { }
      },
      "parametersMetadata" : {
        "metadata" : { }
      }
    } ],
    "processedAfter" : [ ]
  }, {
    "majorSchemaVersion" : 3,
    "name" : "tutorial-html5-runtime",
    "type" : "org.cloudfoundry.managed-service",
    "properties" : { },
    "parameters" : {
      "generated-password" : "********",
      "service-name" : "tutorial-html5-runtime",
      "service-plan" : "app-runtime",
      "service" : "html5-apps-repo",
      "generated-user" : "********",
      "default-xsappname" : "tutorial-html5-runtime",
      "type" : "managed-service",
      "default-service-name" : "tutorial-html5-runtime",
      "default-container-name" : "SUPORTIS_AG_DEMO_QS_59U9EFTQ_QS_TUTORIAL_HTML5_RUNTIME"
    },
    "isActive" : true,
    "isOptional" : false,
    "propertiesMetadata" : {
      "metadata" : { }
    },
    "parametersMetadata" : {
      "metadata" : { }
    },
    "requiredDependencies" : [ ],
    "processedAfter" : [ ]
  } ],
  "parameters" : {
    "deploy_mode" : "html5-repo",
    "mta-id" : "tutorial",
    "authorization-url" : "********",
    "org-guid" : "0f84b19e-e7b5-482f-8f7b-8dc020a3b0c2",
    "org" : "SUPORTIS_AG_demo-qs-59u9eftq",
    "deploy-target" : "SUPORTIS_AG_demo-qs-59u9eftq qs",
    "enable-parallel-deployments" : true,
    "region-primary-domain" : "eu10.hana.ondemand.com",
    "space" : "qs",
    "region-domain" : "eu10-004.hana.ondemand.com",
    "xs-api-url" : "https://api.cf.eu10-004.hana.ondemand.com",
    "deploy-url" : "deploy-service.cfapps.eu10-004.hana.ondemand.com",
    "xs-type" : "CF",
    "default-domain" : "cfapps.eu10-004.hana.ondemand.com",
    "mta-version" : "1.0.0",
    "xs-auth-url" : "********",
    "space-guid" : "190179fa-25dc-444e-b7b2-a3816c974671",
    "user" : "********",
    "controller-url" : "https://api.cf.eu10-004.hana.ondemand.com",
    "timestamp" : "20260317134740"
  },
  "parametersMetadata" : {
    "metadata" : { }
  }
}#
#2026 03 17 13:48:04.731#Z#DEBUG#dde23164-2207-11f1-a1fb-eeee0a988291.OPERATION#flowable-async-job-executor-thread-61770#
[ProcessDescriptorStep] Merged descriptor properties and parameters resolved#
#2026 03 17 13:48:04.731#Z#DEBUG#dde23164-2207-11f1-a1fb-eeee0a988291.OPERATION#flowable-async-job-executor-thread-61770#
Step "Re-Process Descriptor Step" finished#
#2026 03 17 13:48:04.666#Z#DEBUG#dde23164-2207-11f1-a1fb-eeee0a988291.OPERATION#flowable-async-job-executor-thread-61769#
[DetermineApplicationServiceBindingActionsStep] Executing task "determineApplicationServiceBindingActionsTask" of process "ebf17077-2207-11f1-a1fb-eeee0a988291"...#
#2026 03 17 13:48:04.669#Z#DEBUG#dde23164-2207-11f1-a1fb-eeee0a988291.OPERATION#flowable-async-job-executor-thread-61769#
[DetermineApplicationServiceBindingActionsStep] Determine bind/unbind operations of application "tutorial-srv" to service instance "tutorial-destination"#
#2026 03 17 13:48:04.669#Z#DEBUG#dde23164-2207-11f1-a1fb-eeee0a988291.OPERATION#flowable-async-job-executor-thread-61769#
[DetermineApplicationServiceBindingActionsStep] Getting application "tutorial-srv"...#
#2026 03 17 13:48:04.731#Z#DEBUG#dde23164-2207-11f1-a1fb-eeee0a988291.OPERATION#flowable-async-job-executor-thread-61769#
[DetermineApplicationServiceBindingActionsStep] Binding parameters for application "tutorial-srv": { }#
#2026 03 17 13:48:04.772#Z#DEBUG#dde23164-2207-11f1-a1fb-eeee0a988291.OPERATION#flowable-async-job-executor-thread-61769#
[DetermineApplicationServiceBindingActionsStep] Calculated binding operations between application "tutorial-srv" and service instance "tutorial-destination": unbind - false bind - true#
#2026 03 17 13:48:04.772#Z#DEBUG#dde23164-2207-11f1-a1fb-eeee0a988291.OPERATION#flowable-async-job-executor-thread-61769#
Step "Determine Application Service Binding Actions" finished#
#2026 03 17 13:48:04.792#Z#DEBUG#dde23164-2207-11f1-a1fb-eeee0a988291.OPERATION#flowable-async-job-executor-thread-61772#
[BuildApplicationDeployModelStep] Executing task "buildApplicationDeployModelTask" of process "ec0f587a-2207-11f1-a1fb-eeee0a988291"...#
#2026 03 17 13:48:04.794#Z#DEBUG#dde23164-2207-11f1-a1fb-eeee0a988291.OPERATION#flowable-async-job-executor-thread-61772#
[BuildApplicationDeployModelStep] Building cloud deployment model for application "tutorial"...#
#2026 03 17 13:48:04.803#Z#DEBUG#dde23164-2207-11f1-a1fb-eeee0a988291.OPERATION#flowable-async-job-executor-thread-61772#
[BuildApplicationDeployModelStep] No health-check-type is specified. Setting default type: port#
#2026 03 17 13:48:04.804#Z#INFO#dde23164-2207-11f1-a1fb-eeee0a988291.OPERATION#flowable-async-job-executor-thread-61772#
[BuildApplicationDeployModelStep] Building configuration entries for org SUPORTIS_AG_demo-qs-59u9eftq, space qs, spaceId 190179fa-25dc-444e-b7b2-a3816c974671 and namespace null!#
#2026 03 17 13:48:04.806#Z#DEBUG#dde23164-2207-11f1-a1fb-eeee0a988291.OPERATION#flowable-async-job-executor-thread-61772#
[BuildApplicationDeployModelStep] Configuration entries to publish: [ ]#
#2026 03 17 13:48:04.806#Z#DEBUG#dde23164-2207-11f1-a1fb-eeee0a988291.OPERATION#flowable-async-job-executor-thread-61772#
[BuildApplicationDeployModelStep] Cloud deployment model for application built#
#2026 03 17 13:48:04.806#Z#DEBUG#dde23164-2207-11f1-a1fb-eeee0a988291.OPERATION#flowable-async-job-executor-thread-61772#
Step "Build Application Deploy Model" finished#
#2026 03 17 13:48:04.373#Z#DEBUG#dde23164-2207-11f1-a1fb-eeee0a988291.OPERATION#flowable-async-job-executor-thread-61019#
[CheckServiceBindingOperationStep] Executing task "checkForServiceBindingOperationInProgress" of process "ebdd7292-2207-11f1-84bd-eeee0a87e7d0"...#
#2026 03 17 13:48:04.373#Z#DEBUG#dde23164-2207-11f1-a1fb-eeee0a988291.OPERATION#flowable-async-job-executor-thread-61019#
[CheckServiceBindingOperationStep] Checking for service binding operation in progress between app "tutorial-srv" and service instance "tutorial-db"#
#2026 03 17 13:48:04.536#Z#DEBUG#dde23164-2207-11f1-a1fb-eeee0a988291.OPERATION#flowable-async-job-executor-thread-61019#
[CheckServiceBindingOperationStep] Getting application guid "tutorial-srv"...#
#2026 03 17 13:48:04.690#Z#DEBUG#dde23164-2207-11f1-a1fb-eeee0a988291.OPERATION#flowable-async-job-executor-thread-61019#
[CheckServiceBindingOperationStep] Getting GUID of required service instance "tutorial-db"...#
#2026 03 17 13:48:04.756#Z#DEBUG#dde23164-2207-11f1-a1fb-eeee0a988291.OPERATION#flowable-async-job-executor-thread-61019#
[CheckServiceBindingOperationStep] Getting binding of service instance "4b302800-b746-413d-914c-be1d7ddf59cd" with application "0f5b824e-db22-40f0-abab-31460280faf8"...#
#2026 03 17 13:48:04.823#Z#DEBUG#dde23164-2207-11f1-a1fb-eeee0a988291.OPERATION#flowable-async-job-executor-thread-61019#
Step "Check For Service Binding Operation In Progress" finished#
#2026 03 17 13:48:05.003#Z#DEBUG#dde23164-2207-11f1-a1fb-eeee0a988291.OPERATION#flowable-async-job-executor-thread-71898#
[ProcessDescriptorStep] Executing task "reprocessDescriptorTask" of process "ec424fcd-2207-11f1-9c1b-eeee0a91fcc2"...#
#2026 03 17 13:48:05.004#Z#DEBUG#dde23164-2207-11f1-a1fb-eeee0a988291.OPERATION#flowable-async-job-executor-thread-71898#
[ProcessDescriptorStep] Resolving properties and parameters in merged descriptor...#
#2026 03 17 13:48:05.009#Z#DEBUG#dde23164-2207-11f1-a1fb-eeee0a988291.OPERATION#flowable-async-job-executor-thread-71898#
[ProcessDescriptorStep] Subscriptions: [ ]#
#2026 03 17 13:48:05.018#Z#DEBUG#dde23164-2207-11f1-a1fb-eeee0a988291.OPERATION#flowable-async-job-executor-thread-71898#
[ProcessDescriptorStep] MTA modules: [tutorial-srv, tutorial-destinations, tutorial-app-deployer, tutorial-db-deployer, tutorial]#
#2026 03 17 13:48:05.023#Z#DEBUG#dde23164-2207-11f1-a1fb-eeee0a988291.OPERATION#flowable-async-job-executor-thread-71898#
[ProcessDescriptorStep] Resolved deployment descriptor: {
  "majorSchemaVersion" : 3,
  "schemaVersion" : "3.3.0",
  "id" : "tutorial",
  "version" : "1.0.0",
  "modules" : [ {
    "majorSchemaVersion" : 3,
    "name" : "tutorial-srv",
    "type" : "javascript.nodejs",
    "path" : "tutorial-srv",
    "properties" : { },
    "parameters" : {
      "default-url" : "https://suportis-ag-demo-qs-59u9eftq-qs-tutorial-srv.cfapps.eu10-004.hana.ondemand.com",
      "default-app-name" : "tutorial-srv",
      "generated-password" : "********",
      "default-live-url" : "https://suportis-ag-demo-qs-59u9eftq-qs-tutorial-srv.cfapps.eu10-004.hana.ondemand.com",
      "default-uri" : "suportis-ag-demo-qs-59u9eftq-qs-tutorial-srv.cfapps.eu10-004.hana.ondemand.com",
      "default-instances" : 1,
      "default-live-host" : "suportis-ag-demo-qs-59u9eftq-qs-tutorial-srv",
      "instances" : 1,
      "buildpack" : "nodejs_buildpack",
      "default-host" : "suportis-ag-demo-qs-59u9eftq-qs-tutorial-srv",
      "app-name" : "tutorial-srv",
      "default-live-uri" : "suportis-ag-demo-qs-59u9eftq-qs-tutorial-srv.cfapps.eu10-004.hana.ondemand.com",
      "protocol" : "https",
      "default-live-app-name" : "tutorial-srv",
      "default-live-domain" : "cfapps.eu10-004.hana.ondemand.com",
      "domain" : "cfapps.eu10-004.hana.ondemand.com",
      "host" : "suportis-ag-demo-qs-59u9eftq-qs-tutorial-srv",
      "generated-user" : "********"
    },
    "requiredDependencies" : [ {
      "majorSchemaVersion" : 3,
      "name" : "********",
      "properties" : { },
      "parameters" : { },
      "propertiesMetadata" : {
        "metadata" : { }
      },
      "parametersMetadata" : {
        "metadata" : { }
      }
    }, {
      "majorSchemaVersion" : 3,
      "name" : "tutorial-db",
      "properties" : { },
      "parameters" : { },
      "propertiesMetadata" : {
        "metadata" : { }
      },
      "parametersMetadata" : {
        "metadata" : { }
      }
    }, {
      "majorSchemaVersion" : 3,
      "name" : "tutorial-destination",
      "properties" : { },
      "parameters" : { },
      "propertiesMetadata" : {
        "metadata" : { }
      },
      "parametersMetadata" : {
        "metadata" : { }
      }
    } ],
    "providedDependencies" : [ {
      "majorSchemaVersion" : 3,
      "name" : "srv-api",
      "isPublic" : false,
      "properties" : {
        "srv-url" : "https://suportis-ag-demo-qs-59u9eftq-qs-tutorial-srv.cfapps.eu10-004.hana.ondemand.com"
      },
      "parameters" : { },
      "propertiesMetadata" : {
        "metadata" : { }
      },
      "parametersMetadata" : {
        "metadata" : { }
      }
    }, {
      "majorSchemaVersion" : 3,
      "name" : "tutorial-srv",
      "isPublic" : false,
      "properties" : { },
      "parameters" : { },
      "propertiesMetadata" : {
        "metadata" : { }
      },
      "parametersMetadata" : {
        "metadata" : { }
      }
    } ],
    "propertiesMetadata" : {
      "metadata" : { }
    },
    "parametersMetadata" : {
      "metadata" : { }
    },
    "hooks" : [ ]
  }, {
    "majorSchemaVersion" : 3,
    "name" : "tutorial-db-deployer",
    "type" : "com.sap.xs.hdi",
    "path" : "tutorial-db-deployer",
    "properties" : {
      "EXIT" : 1
    },
    "parameters" : {
      "default-url" : "https://suportis-ag-demo-qs-59u9eftq-qs-tutorial-db-deployer.cfapps.eu10-004.hana.ondemand.com",
      "default-app-name" : "tutorial-db-deployer",
      "generated-password" : "********",
      "default-live-url" : "https://suportis-ag-demo-qs-59u9eftq-qs-tutorial-db-deployer.cfapps.eu10-004.hana.ondemand.com",
      "default-uri" : "suportis-ag-demo-qs-59u9eftq-qs-tutorial-db-deployer.cfapps.eu10-004.hana.ondemand.com",
      "memory" : "256M",
      "default-instances" : 1,
      "no-route" : true,
      "default-live-host" : "suportis-ag-demo-qs-59u9eftq-qs-tutorial-db-deployer",
      "instances" : 1,
      "buildpack" : "nodejs_buildpack",
      "default-host" : "suportis-ag-demo-qs-59u9eftq-qs-tutorial-db-deployer",
      "app-name" : "tutorial-db-deployer",
      "default-live-uri" : "suportis-ag-demo-qs-59u9eftq-qs-tutorial-db-deployer.cfapps.eu10-004.hana.ondemand.com",
      "protocol" : "https",
      "default-live-app-name" : "tutorial-db-deployer",
      "default-live-domain" : "cfapps.eu10-004.hana.ondemand.com",
      "dependency-type" : "hard",
      "domain" : "cfapps.eu10-004.hana.ondemand.com",
      "host" : "suportis-ag-demo-qs-59u9eftq-qs-tutorial-db-deployer",
      "generated-user" : "********",
      "tasks" : [ {
        "command" : "npm start",
        "memory" : "256M",
        "name" : "deploy"
      } ],
      "no-start" : true
    },
    "requiredDependencies" : [ {
      "majorSchemaVersion" : 3,
      "name" : "tutorial-db",
      "properties" : { },
      "parameters" : { },
      "propertiesMetadata" : {
        "metadata" : { }
      },
      "parametersMetadata" : {
        "metadata" : { }
      }
    } ],
    "providedDependencies" : [ {
      "majorSchemaVersion" : 3,
      "name" : "tutorial-db-deployer",
      "isPublic" : false,
      "properties" : { },
      "parameters" : { },
      "propertiesMetadata" : {
        "metadata" : { }
      },
      "parametersMetadata" : {
        "metadata" : { }
      }
    } ],
    "propertiesMetadata" : {
      "metadata" : { }
    },
    "parametersMetadata" : {
      "metadata" : { }
    },
    "hooks" : [ ]
  }, {
    "majorSchemaVersion" : 3,
    "name" : "tutorial-app-deployer",
    "type" : "com.sap.application.content",
    "path" : "tutorial-app-deployer",
    "properties" : { },
    "parameters" : {
      "default-url" : "https://suportis-ag-demo-qs-59u9eftq-qs-tutorial-app-deployer.cfapps.eu10-004.hana.ondemand.com",
      "default-app-name" : "tutorial-app-deployer",
      "generated-password" : "********",
      "default-live-url" : "https://suportis-ag-demo-qs-59u9eftq-qs-tutorial-app-deployer.cfapps.eu10-004.hana.ondemand.com",
      "default-uri" : "suportis-ag-demo-qs-59u9eftq-qs-tutorial-app-deployer.cfapps.eu10-004.hana.ondemand.com",
      "default-instances" : 1,
      "default-live-host" : "suportis-ag-demo-qs-59u9eftq-qs-tutorial-app-deployer",
      "instances" : 1,
      "default-host" : "suportis-ag-demo-qs-59u9eftq-qs-tutorial-app-deployer",
      "app-name" : "tutorial-app-deployer",
      "default-live-uri" : "suportis-ag-demo-qs-59u9eftq-qs-tutorial-app-deployer.cfapps.eu10-004.hana.ondemand.com",
      "protocol" : "https",
      "default-live-app-name" : "tutorial-app-deployer",
      "default-live-domain" : "cfapps.eu10-004.hana.ondemand.com",
      "domain" : "cfapps.eu10-004.hana.ondemand.com",
      "host" : "suportis-ag-demo-qs-59u9eftq-qs-tutorial-app-deployer",
      "generated-user" : "********"
    },
    "requiredDependencies" : [ {
      "majorSchemaVersion" : 3,
      "name" : "********",
      "properties" : { },
      "parameters" : { },
      "propertiesMetadata" : {
        "metadata" : { }
      },
      "parametersMetadata" : {
        "metadata" : { }
      }
    }, {
      "majorSchemaVersion" : 3,
      "name" : "srv-api",
      "properties" : { },
      "parameters" : { },
      "propertiesMetadata" : {
        "metadata" : { }
      },
      "parametersMetadata" : {
        "metadata" : { }
      }
    }, {
      "majorSchemaVersion" : 3,
      "name" : "tutorial-html5-repo-host",
      "properties" : { },
      "parameters" : {
        "config" : {
          "HTML5Runtime_enabled" : true
        },
        "content-target" : true
      },
      "propertiesMetadata" : {
        "metadata" : { }
      },
      "parametersMetadata" : {
        "metadata" : { }
      }
    } ],
    "providedDependencies" : [ {
      "majorSchemaVersion" : 3,
      "name" : "tutorial-app-deployer",
      "isPublic" : false,
      "properties" : { },
      "parameters" : { },
      "propertiesMetadata" : {
        "metadata" : { }
      },
      "parametersMetadata" : {
        "metadata" : { }
      }
    } ],
    "propertiesMetadata" : {
      "metadata" : { }
    },
    "parametersMetadata" : {
      "metadata" : { }
    },
    "hooks" : [ ]
  }, {
    "majorSchemaVersion" : 3,
    "name" : "tutorial-destinations",
    "type" : "com.sap.application.content",
    "properties" : { },
    "parameters" : {
      "default-url" : "https://suportis-ag-demo-qs-59u9eftq-qs-tutorial-destinations.cfapps.eu10-004.hana.ondemand.com",
      "default-app-name" : "tutorial-destinations",
      "generated-password" : "********",
      "default-live-url" : "https://suportis-ag-demo-qs-59u9eftq-qs-tutorial-destinations.cfapps.eu10-004.hana.ondemand.com",
      "default-uri" : "suportis-ag-demo-qs-59u9eftq-qs-tutorial-destinations.cfapps.eu10-004.hana.ondemand.com",
      "default-instances" : 1,
      "default-live-host" : "suportis-ag-demo-qs-59u9eftq-qs-tutorial-destinations",
      "instances" : 1,
      "default-host" : "suportis-ag-demo-qs-59u9eftq-qs-tutorial-destinations",
      "content" : {
        "instance" : {
          "destinations" : [ {
            "Name" : "tutorial-html5-repository",
            "ServiceInstanceName" : "tutorial-html5-repo-host",
            "ServiceKeyName" : "********",
            "sap.cloud.service" : "tutorial.service"
          }, {
            "Authentication" : "********",
            "Name" : "********",
            "ServiceInstanceName" : "********",
            "ServiceKeyName" : "********",
            "sap.cloud.service" : "tutorial.service"
          } ],
          "existing_destinations_policy" : "update"
        }
      },
      "app-name" : "tutorial-destinations",
      "default-live-uri" : "suportis-ag-demo-qs-59u9eftq-qs-tutorial-destinations.cfapps.eu10-004.hana.ondemand.com",
      "protocol" : "https",
      "default-live-app-name" : "tutorial-destinations",
      "default-live-domain" : "cfapps.eu10-004.hana.ondemand.com",
      "domain" : "cfapps.eu10-004.hana.ondemand.com",
      "host" : "suportis-ag-demo-qs-59u9eftq-qs-tutorial-destinations",
      "generated-user" : "********"
    },
    "requiredDependencies" : [ {
      "majorSchemaVersion" : 3,
      "name" : "********",
      "properties" : { },
      "parameters" : {
        "service-key" : "********"
      },
      "propertiesMetadata" : {
        "metadata" : { }
      },
      "parametersMetadata" : {
        "metadata" : { }
      }
    }, {
      "majorSchemaVersion" : 3,
      "name" : "tutorial-html5-repo-host",
      "properties" : { },
      "parameters" : {
        "service-key" : "********"
      },
      "propertiesMetadata" : {
        "metadata" : { }
      },
      "parametersMetadata" : {
        "metadata" : { }
      }
    }, {
      "majorSchemaVersion" : 3,
      "name" : "srv-api",
      "properties" : { },
      "parameters" : { },
      "propertiesMetadata" : {
        "metadata" : { }
      },
      "parametersMetadata" : {
        "metadata" : { }
      }
    }, {
      "majorSchemaVersion" : 3,
      "name" : "tutorial-destination",
      "properties" : { },
      "parameters" : {
        "content-target" : true
      },
      "propertiesMetadata" : {
        "metadata" : { }
      },
      "parametersMetadata" : {
        "metadata" : { }
      }
    } ],
    "providedDependencies" : [ {
      "majorSchemaVersion" : 3,
      "name" : "tutorial-destinations",
      "isPublic" : false,
      "properties" : { },
      "parameters" : { },
      "propertiesMetadata" : {
        "metadata" : { }
      },
      "parametersMetadata" : {
        "metadata" : { }
      }
    } ],
    "propertiesMetadata" : {
      "metadata" : { }
    },
    "parametersMetadata" : {
      "metadata" : { }
    },
    "hooks" : [ ]
  }, {
    "majorSchemaVersion" : 3,
    "name" : "tutorial",
    "type" : "javascript.nodejs",
    "path" : "tutorial",
    "properties" : { },
    "parameters" : {
      "default-url" : "https://suportis-ag-demo-qs-59u9eftq-qs-tutorial.cfapps.eu10-004.hana.ondemand.com",
      "default-app-name" : "tutorial",
      "generated-password" : "********",
      "default-live-url" : "https://suportis-ag-demo-qs-59u9eftq-qs-tutorial.cfapps.eu10-004.hana.ondemand.com",
      "default-uri" : "suportis-ag-demo-qs-59u9eftq-qs-tutorial.cfapps.eu10-004.hana.ondemand.com",
      "memory" : "256M",
      "default-instances" : 1,
      "default-live-host" : "suportis-ag-demo-qs-59u9eftq-qs-tutorial",
      "instances" : 1,
      "default-host" : "suportis-ag-demo-qs-59u9eftq-qs-tutorial",
      "keep-existing-routes" : true,
      "app-name" : "tutorial",
      "default-live-uri" : "suportis-ag-demo-qs-59u9eftq-qs-tutorial.cfapps.eu10-004.hana.ondemand.com",
      "protocol" : "https",
      "default-live-app-name" : "tutorial",
      "default-live-domain" : "cfapps.eu10-004.hana.ondemand.com",
      "disk-quota" : "256M",
      "domain" : "cfapps.eu10-004.hana.ondemand.com",
      "host" : "suportis-ag-demo-qs-59u9eftq-qs-tutorial",
      "generated-user" : "********"
    },
    "requiredDependencies" : [ {
      "majorSchemaVersion" : 3,
      "name" : "srv-api",
      "group" : "destinations",
      "properties" : {
        "name" : "srv-api",
        "forwardAuthToken" : "********",
        "url" : "https://suportis-ag-demo-qs-59u9eftq-qs-tutorial-srv.cfapps.eu10-004.hana.ondemand.com"
      },
      "parameters" : { },
      "propertiesMetadata" : {
        "metadata" : { }
      },
      "parametersMetadata" : {
        "metadata" : { }
      }
    }, {
      "majorSchemaVersion" : 3,
      "name" : "********",
      "properties" : { },
      "parameters" : { },
      "propertiesMetadata" : {
        "metadata" : { }
      },
      "parametersMetadata" : {
        "metadata" : { }
      }
    }, {
      "majorSchemaVersion" : 3,
      "name" : "tutorial-destination",
      "properties" : { },
      "parameters" : { },
      "propertiesMetadata" : {
        "metadata" : { }
      },
      "parametersMetadata" : {
        "metadata" : { }
      }
    }, {
      "majorSchemaVersion" : 3,
      "name" : "tutorial-html5-runtime",
      "properties" : { },
      "parameters" : { },
      "propertiesMetadata" : {
        "metadata" : { }
      },
      "parametersMetadata" : {
        "metadata" : { }
      }
    } ],
    "providedDependencies" : [ {
      "majorSchemaVersion" : 3,
      "name" : "app-api",
      "isPublic" : false,
      "properties" : {
        "app-protocol" : "https",
        "app-uri" : "suportis-ag-demo-qs-59u9eftq-qs-tutorial.cfapps.eu10-004.hana.ondemand.com"
      },
      "parameters" : { },
      "propertiesMetadata" : {
        "metadata" : { }
      },
      "parametersMetadata" : {
        "metadata" : { }
      }
    }, {
      "majorSchemaVersion" : 3,
      "name" : "tutorial",
      "isPublic" : false,
      "properties" : { },
      "parameters" : { },
      "propertiesMetadata" : {
        "metadata" : { }
      },
      "parametersMetadata" : {
        "metadata" : { }
      }
    } ],
    "propertiesMetadata" : {
      "metadata" : { }
    },
    "parametersMetadata" : {
      "metadata" : { }
    },
    "hooks" : [ ]
  } ],
  "resources" : [ {
    "majorSchemaVersion" : 3,
    "name" : "********",
    "type" : "org.cloudfoundry.managed-service",
    "properties" : { },
    "parameters" : {
      "generated-password" : "********",
      "path" : "./xs-security.json",
      "service-name" : "********",
      "service-plan" : "application",
      "service" : "xsuaa",
      "generated-user" : "********",
      "default-xsappname" : "********",
      "type" : "managed-service",
      "config" : {
        "oauth2-configuration" : "********",
        "tenant-mode" : "dedicated",
        "xsappname" : "tutorial-SUPORTIS_AG_demo-qs-59u9eftq-qs"
      },
      "default-service-name" : "********",
      "default-container-name" : "********"
    },
    "isActive" : true,
    "isOptional" : false,
    "propertiesMetadata" : {
      "metadata" : { }
    },
    "parametersMetadata" : {
      "metadata" : { }
    },
    "requiredDependencies" : [ {
      "majorSchemaVersion" : 3,
      "name" : "app-api",
      "properties" : { },
      "parameters" : { },
      "propertiesMetadata" : {
        "metadata" : { }
      },
      "parametersMetadata" : {
        "metadata" : { }
      }
    } ],
    "processedAfter" : [ ]
  }, {
    "majorSchemaVersion" : 3,
    "name" : "tutorial-db",
    "type" : "com.sap.xs.hdi-container",
    "properties" : { },
    "parameters" : {
      "generated-password" : "********",
      "service-name" : "tutorial-db",
      "service-plan" : "hdi-shared",
      "service" : "hana",
      "generated-user" : "********",
      "default-xsappname" : "tutorial-db",
      "type" : "managed-service",
      "default-service-name" : "tutorial-db",
      "default-container-name" : "SUPORTIS_AG_DEMO_QS_59U9EFTQ_QS_TUTORIAL_DB"
    },
    "isActive" : true,
    "isOptional" : false,
    "propertiesMetadata" : {
      "metadata" : { }
    },
    "parametersMetadata" : {
      "metadata" : { }
    },
    "requiredDependencies" : [ ],
    "processedAfter" : [ ]
  }, {
    "majorSchemaVersion" : 3,
    "name" : "tutorial-html5-repo-host",
    "type" : "org.cloudfoundry.managed-service",
    "properties" : { },
    "parameters" : {
      "generated-password" : "********",
      "service-name" : "tutorial-html5-repo-host",
      "service-plan" : "app-host",
      "service" : "html5-apps-repo",
      "generated-user" : "********",
      "default-xsappname" : "tutorial-html5-repo-host",
      "type" : "managed-service",
      "default-service-name" : "tutorial-html5-repo-host",
      "default-container-name" : "SUPORTIS_AG_DEMO_QS_59U9EFTQ_QS_TUTORIAL_HTML5_REPO_HOST"
    },
    "isActive" : true,
    "isOptional" : false,
    "propertiesMetadata" : {
      "metadata" : { }
    },
    "parametersMetadata" : {
      "metadata" : { }
    },
    "requiredDependencies" : [ ],
    "processedAfter" : [ ]
  }, {
    "majorSchemaVersion" : 3,
    "name" : "tutorial-destination",
    "type" : "org.cloudfoundry.managed-service",
    "properties" : { },
    "parameters" : {
      "generated-password" : "********",
      "service-name" : "tutorial-destination",
      "service-plan" : "lite",
      "service" : "destination",
      "generated-user" : "********",
      "default-xsappname" : "tutorial-destination",
      "type" : "managed-service",
      "config" : {
        "HTML5Runtime_enabled" : true,
        "init_data" : {
          "instance" : {
            "destinations" : [ {
              "Authentication" : "********",
              "HTML5.DynamicDestination" : true,
              "HTML5.ForwardAuthToken" : "********",
              "Name" : "srv-api",
              "ProxyType" : "Internet",
              "Type" : "HTTP",
              "URL" : "https://suportis-ag-demo-qs-59u9eftq-qs-tutorial-srv.cfapps.eu10-004.hana.ondemand.com"
            } ],
            "existing_destinations_policy" : "update"
          }
        }
      },
      "default-service-name" : "tutorial-destination",
      "default-container-name" : "SUPORTIS_AG_DEMO_QS_59U9EFTQ_QS_TUTORIAL_DESTINATION"
    },
    "isActive" : true,
    "isOptional" : false,
    "propertiesMetadata" : {
      "metadata" : { }
    },
    "parametersMetadata" : {
      "metadata" : { }
    },
    "requiredDependencies" : [ {
      "majorSchemaVersion" : 3,
      "name" : "srv-api",
      "properties" : { },
      "parameters" : { },
      "propertiesMetadata" : {
        "metadata" : { }
      },
      "parametersMetadata" : {
        "metadata" : { }
      }
    } ],
    "processedAfter" : [ ]
  }, {
    "majorSchemaVersion" : 3,
    "name" : "tutorial-html5-runtime",
    "type" : "org.cloudfoundry.managed-service",
    "properties" : { },
    "parameters" : {
      "generated-password" : "********",
      "service-name" : "tutorial-html5-runtime",
      "service-plan" : "app-runtime",
      "service" : "html5-apps-repo",
      "generated-user" : "********",
      "default-xsappname" : "tutorial-html5-runtime",
      "type" : "managed-service",
      "default-service-name" : "tutorial-html5-runtime",
      "default-container-name" : "SUPORTIS_AG_DEMO_QS_59U9EFTQ_QS_TUTORIAL_HTML5_RUNTIME"
    },
    "isActive" : true,
    "isOptional" : false,
    "propertiesMetadata" : {
      "metadata" : { }
    },
    "parametersMetadata" : {
      "metadata" : { }
    },
    "requiredDependencies" : [ ],
    "processedAfter" : [ ]
  } ],
  "parameters" : {
    "deploy_mode" : "html5-repo",
    "mta-id" : "tutorial",
    "authorization-url" : "********",
    "org-guid" : "0f84b19e-e7b5-482f-8f7b-8dc020a3b0c2",
    "org" : "SUPORTIS_AG_demo-qs-59u9eftq",
    "deploy-target" : "SUPORTIS_AG_demo-qs-59u9eftq qs",
    "enable-parallel-deployments" : true,
    "region-primary-domain" : "eu10.hana.ondemand.com",
    "space" : "qs",
    "region-domain" : "eu10-004.hana.ondemand.com",
    "xs-api-url" : "https://api.cf.eu10-004.hana.ondemand.com",
    "deploy-url" : "deploy-service.cfapps.eu10-004.hana.ondemand.com",
    "xs-type" : "CF",
    "default-domain" : "cfapps.eu10-004.hana.ondemand.com",
    "mta-version" : "1.0.0",
    "xs-auth-url" : "********",
    "space-guid" : "190179fa-25dc-444e-b7b2-a3816c974671",
    "user" : "********",
    "controller-url" : "https://api.cf.eu10-004.hana.ondemand.com",
    "timestamp" : "20260317134740"
  },
  "parametersMetadata" : {
    "metadata" : { }
  }
}#
#2026 03 17 13:48:05.023#Z#DEBUG#dde23164-2207-11f1-a1fb-eeee0a988291.OPERATION#flowable-async-job-executor-thread-71898#
[ProcessDescriptorStep] Merged descriptor properties and parameters resolved#
#2026 03 17 13:48:05.023#Z#DEBUG#dde23164-2207-11f1-a1fb-eeee0a988291.OPERATION#flowable-async-job-executor-thread-71898#
Step "Re-Process Descriptor Step" finished#
#2026 03 17 13:48:04.847#Z#DEBUG#dde23164-2207-11f1-a1fb-eeee0a988291.OPERATION#flowable-async-job-executor-thread-61773#
[BindServiceToApplicationStep] Executing task "bindServiceToApplicationTask" of process "ebf17077-2207-11f1-a1fb-eeee0a988291"...#
#2026 03 17 13:48:04.850#Z#INFO#dde23164-2207-11f1-a1fb-eeee0a988291.OPERATION#flowable-async-job-executor-thread-61773#
[BindServiceToApplicationStep] Binding service instance "tutorial-destination" to application "tutorial-srv"...#
#2026 03 17 13:48:04.859#Z#DEBUG#dde23164-2207-11f1-a1fb-eeee0a988291.OPERATION#flowable-async-job-executor-thread-61773#
[BindServiceToApplicationStep] Binding service instance "tutorial-destination" to application "tutorial-srv" with parameters: { }#
#2026 03 17 13:48:05.039#Z#DEBUG#dde23164-2207-11f1-a1fb-eeee0a988291.OPERATION#flowable-async-job-executor-thread-61773#
Step "Bind Service to Application" finished#
#2026 03 17 13:48:05.077#Z#DEBUG#dde23164-2207-11f1-a1fb-eeee0a988291.OPERATION#flowable-async-job-executor-thread-71899#
[BuildApplicationDeployModelStep] Executing task "buildApplicationDeployModelTask" of process "ec424fcd-2207-11f1-9c1b-eeee0a91fcc2"...#
#2026 03 17 13:48:05.080#Z#DEBUG#dde23164-2207-11f1-a1fb-eeee0a988291.OPERATION#flowable-async-job-executor-thread-71899#
[BuildApplicationDeployModelStep] Building cloud deployment model for application "tutorial-db-deployer"...#
#2026 03 17 13:48:05.087#Z#DEBUG#dde23164-2207-11f1-a1fb-eeee0a988291.OPERATION#flowable-async-job-executor-thread-71899#
[BuildApplicationDeployModelStep] No health-check-type is specified. Setting default type: port#
#2026 03 17 13:48:05.087#Z#INFO#dde23164-2207-11f1-a1fb-eeee0a988291.OPERATION#flowable-async-job-executor-thread-71899#
[BuildApplicationDeployModelStep] Building configuration entries for org SUPORTIS_AG_demo-qs-59u9eftq, space qs, spaceId 190179fa-25dc-444e-b7b2-a3816c974671 and namespace null!#
#2026 03 17 13:48:05.088#Z#DEBUG#dde23164-2207-11f1-a1fb-eeee0a988291.OPERATION#flowable-async-job-executor-thread-71899#
[BuildApplicationDeployModelStep] Configuration entries to publish: [ ]#
#2026 03 17 13:48:05.088#Z#DEBUG#dde23164-2207-11f1-a1fb-eeee0a988291.OPERATION#flowable-async-job-executor-thread-71899#
[BuildApplicationDeployModelStep] Cloud deployment model for application built#
#2026 03 17 13:48:05.088#Z#DEBUG#dde23164-2207-11f1-a1fb-eeee0a988291.OPERATION#flowable-async-job-executor-thread-71899#
Step "Build Application Deploy Model" finished#
#2026 03 17 13:48:04.964#Z#DEBUG#dde23164-2207-11f1-a1fb-eeee0a988291.OPERATION#flowable-async-job-executor-thread-61023#
[DetermineApplicationServiceBindingActionsStep] Executing task "determineApplicationServiceBindingActionsTask" of process "ebdd7292-2207-11f1-84bd-eeee0a87e7d0"...#
#2026 03 17 13:48:04.966#Z#DEBUG#dde23164-2207-11f1-a1fb-eeee0a988291.OPERATION#flowable-async-job-executor-thread-61023#
[DetermineApplicationServiceBindingActionsStep] Determine bind/unbind operations of application "tutorial-srv" to service instance "tutorial-db"#
#2026 03 17 13:48:04.966#Z#DEBUG#dde23164-2207-11f1-a1fb-eeee0a988291.OPERATION#flowable-async-job-executor-thread-61023#
[DetermineApplicationServiceBindingActionsStep] Getting application "tutorial-srv"...#
#2026 03 17 13:48:05.053#Z#DEBUG#dde23164-2207-11f1-a1fb-eeee0a988291.OPERATION#flowable-async-job-executor-thread-61023#
[DetermineApplicationServiceBindingActionsStep] Binding parameters for application "tutorial-srv": { }#
#2026 03 17 13:48:05.127#Z#DEBUG#dde23164-2207-11f1-a1fb-eeee0a988291.OPERATION#flowable-async-job-executor-thread-61023#
[DetermineApplicationServiceBindingActionsStep] Calculated binding operations between application "tutorial-srv" and service instance "tutorial-db": unbind - false bind - true#
#2026 03 17 13:48:05.127#Z#DEBUG#dde23164-2207-11f1-a1fb-eeee0a988291.OPERATION#flowable-async-job-executor-thread-61023#
Step "Determine Application Service Binding Actions" finished#
#2026 03 17 13:48:04.884#Z#DEBUG#dde23164-2207-11f1-a1fb-eeee0a988291.OPERATION#flowable-async-job-executor-thread-61774#
[CreateOrUpdateAppStep] Executing task "createAppTask" of process "ec0f587a-2207-11f1-a1fb-eeee0a988291"...#
#2026 03 17 13:48:04.885#Z#DEBUG#dde23164-2207-11f1-a1fb-eeee0a988291.OPERATION#flowable-async-job-executor-thread-61774#
[CreateOrUpdateAppStep] Getting application "tutorial"...#
#2026 03 17 13:48:04.930#Z#INFO#dde23164-2207-11f1-a1fb-eeee0a988291.OPERATION#flowable-async-job-executor-thread-61774#
[CreateOrUpdateAppStep] Creating application "tutorial" from MTA module "tutorial"...#
#2026 03 17 13:48:04.941#Z#DEBUG#dde23164-2207-11f1-a1fb-eeee0a988291.OPERATION#flowable-async-job-executor-thread-61774#
[CreateOrUpdateAppStep] Creating application "tutorial" with disk "256" memory "256", URIs "suportis-ag-demo-qs-59u9eftq-qs-tutorial.cfapps.eu10-004.hana.ondemand.com" and staging: "{
  "isReadinessHealthCheckEnabled" : true,
  "buildpacks" : [ ],
  "healthCheckType" : "port",
  "appFeatures" : { }
}"#
#2026 03 17 13:48:05.496#Z#DEBUG#dde23164-2207-11f1-a1fb-eeee0a988291.OPERATION#flowable-async-job-executor-thread-61774#
[CreateOrUpdateAppStep] Application "tutorial" created#
#2026 03 17 13:48:05.496#Z#DEBUG#dde23164-2207-11f1-a1fb-eeee0a988291.OPERATION#flowable-async-job-executor-thread-61774#
Step "Create App" finished#
#2026 03 17 13:48:05.148#Z#DEBUG#dde23164-2207-11f1-a1fb-eeee0a988291.OPERATION#flowable-async-job-executor-thread-71900#
[CreateOrUpdateAppStep] Executing task "createAppTask" of process "ec424fcd-2207-11f1-9c1b-eeee0a91fcc2"...#
#2026 03 17 13:48:05.149#Z#DEBUG#dde23164-2207-11f1-a1fb-eeee0a988291.OPERATION#flowable-async-job-executor-thread-71900#
[CreateOrUpdateAppStep] Getting application "tutorial-db-deployer"...#
#2026 03 17 13:48:05.220#Z#INFO#dde23164-2207-11f1-a1fb-eeee0a988291.OPERATION#flowable-async-job-executor-thread-71900#
[CreateOrUpdateAppStep] Creating application "tutorial-db-deployer" from MTA module "tutorial-db-deployer"...#
#2026 03 17 13:48:05.230#Z#DEBUG#dde23164-2207-11f1-a1fb-eeee0a988291.OPERATION#flowable-async-job-executor-thread-71900#
[CreateOrUpdateAppStep] Creating application "tutorial-db-deployer" with disk "null" memory "256", URIs "" and staging: "{
  "isReadinessHealthCheckEnabled" : true,
  "buildpacks" : [ "nodejs_buildpack" ],
  "healthCheckType" : "port",
  "appFeatures" : { }
}"#
#2026 03 17 13:48:05.535#Z#DEBUG#dde23164-2207-11f1-a1fb-eeee0a988291.OPERATION#flowable-async-job-executor-thread-71900#
[CreateOrUpdateAppStep] Application "tutorial-db-deployer" created#
#2026 03 17 13:48:05.535#Z#DEBUG#dde23164-2207-11f1-a1fb-eeee0a988291.OPERATION#flowable-async-job-executor-thread-71900#
Step "Create App" finished#
#2026 03 17 13:48:05.345#Z#DEBUG#dde23164-2207-11f1-a1fb-eeee0a988291.OPERATION#flowable-async-job-executor-thread-61024#
[BindServiceToApplicationStep] Executing task "bindServiceToApplicationTask" of process "ebdd7292-2207-11f1-84bd-eeee0a87e7d0"...#
#2026 03 17 13:48:05.393#Z#INFO#dde23164-2207-11f1-a1fb-eeee0a988291.OPERATION#flowable-async-job-executor-thread-61024#
[BindServiceToApplicationStep] Binding service instance "tutorial-db" to application "tutorial-srv"...#
#2026 03 17 13:48:05.419#Z#DEBUG#dde23164-2207-11f1-a1fb-eeee0a988291.OPERATION#flowable-async-job-executor-thread-61024#
[BindServiceToApplicationStep] Binding service instance "tutorial-db" to application "tutorial-srv" with parameters: { }#
#2026 03 17 13:48:05.727#Z#DEBUG#dde23164-2207-11f1-a1fb-eeee0a988291.OPERATION#flowable-async-job-executor-thread-61024#
Step "Bind Service to Application" finished#
#2026 03 17 13:48:05.658#Z#DEBUG#dde23164-2207-11f1-a1fb-eeee0a988291.OPERATION#flowable-async-job-executor-thread-61779#
[CheckServiceBindingOperationStep] Executing task "checkForServiceBindingOperationInProgress" of process "ecaad4ad-2207-11f1-a1fb-eeee0a988291"...#
#2026 03 17 13:48:05.658#Z#DEBUG#dde23164-2207-11f1-a1fb-eeee0a988291.OPERATION#flowable-async-job-executor-thread-61779#
[CheckServiceBindingOperationStep] Checking for service binding operation in progress between app "tutorial" and service instance "tutorial-destination"#
#2026 03 17 13:48:05.658#Z#DEBUG#dde23164-2207-11f1-a1fb-eeee0a988291.OPERATION#flowable-async-job-executor-thread-61779#
[CheckServiceBindingOperationStep] Getting application guid "tutorial"...#
#2026 03 17 13:48:05.705#Z#DEBUG#dde23164-2207-11f1-a1fb-eeee0a988291.OPERATION#flowable-async-job-executor-thread-61779#
[CheckServiceBindingOperationStep] Getting GUID of required service instance "tutorial-destination"...#
#2026 03 17 13:48:05.746#Z#DEBUG#dde23164-2207-11f1-a1fb-eeee0a988291.OPERATION#flowable-async-job-executor-thread-61779#
[CheckServiceBindingOperationStep] Getting binding of service instance "ded49e3b-1d59-4bed-88ed-16a23a17c4d8" with application "d8fab115-9946-497e-818d-add170ae4d9f"...#
#2026 03 17 13:48:05.775#Z#DEBUG#dde23164-2207-11f1-a1fb-eeee0a988291.OPERATION#flowable-async-job-executor-thread-61779#
Step "Check For Service Binding Operation In Progress" finished#
#2026 03 17 13:48:05.659#Z#DEBUG#dde23164-2207-11f1-a1fb-eeee0a988291.OPERATION#flowable-async-job-executor-thread-71903#
[CheckServiceBindingOperationStep] Executing task "checkForServiceBindingOperationInProgress" of process "ecaca9a8-2207-11f1-9c1b-eeee0a91fcc2"...#
#2026 03 17 13:48:05.659#Z#DEBUG#dde23164-2207-11f1-a1fb-eeee0a988291.OPERATION#flowable-async-job-executor-thread-71903#
[CheckServiceBindingOperationStep] Checking for service binding operation in progress between app "tutorial-db-deployer" and service instance "tutorial-db"#
#2026 03 17 13:48:05.659#Z#DEBUG#dde23164-2207-11f1-a1fb-eeee0a988291.OPERATION#flowable-async-job-executor-thread-71903#
[CheckServiceBindingOperationStep] Getting application guid "tutorial-db-deployer"...#
#2026 03 17 13:48:05.731#Z#DEBUG#dde23164-2207-11f1-a1fb-eeee0a988291.OPERATION#flowable-async-job-executor-thread-71903#
[CheckServiceBindingOperationStep] Getting GUID of required service instance "tutorial-db"...#
#2026 03 17 13:48:05.781#Z#DEBUG#dde23164-2207-11f1-a1fb-eeee0a988291.OPERATION#flowable-async-job-executor-thread-71903#
[CheckServiceBindingOperationStep] Getting binding of service instance "4b302800-b746-413d-914c-be1d7ddf59cd" with application "547a7e90-00f1-4690-a147-5a07cb11b23a"...#
#2026 03 17 13:48:05.823#Z#DEBUG#dde23164-2207-11f1-a1fb-eeee0a988291.OPERATION#flowable-async-job-executor-thread-71903#
Step "Check For Service Binding Operation In Progress" finished#
#2026 03 17 13:48:05.825#Z#DEBUG#dde23164-2207-11f1-a1fb-eeee0a988291.OPERATION#flowable-async-job-executor-thread-61780#
[DetermineApplicationServiceBindingActionsStep] Executing task "determineApplicationServiceBindingActionsTask" of process "ecaad4ad-2207-11f1-a1fb-eeee0a988291"...#
#2026 03 17 13:48:05.827#Z#DEBUG#dde23164-2207-11f1-a1fb-eeee0a988291.OPERATION#flowable-async-job-executor-thread-61780#
[DetermineApplicationServiceBindingActionsStep] Determine bind/unbind operations of application "tutorial" to service instance "tutorial-destination"#
#2026 03 17 13:48:05.827#Z#DEBUG#dde23164-2207-11f1-a1fb-eeee0a988291.OPERATION#flowable-async-job-executor-thread-61780#
[DetermineApplicationServiceBindingActionsStep] Getting application "tutorial"...#
#2026 03 17 13:48:05.884#Z#DEBUG#dde23164-2207-11f1-a1fb-eeee0a988291.OPERATION#flowable-async-job-executor-thread-61780#
[DetermineApplicationServiceBindingActionsStep] Binding parameters for application "tutorial": { }#
#2026 03 17 13:48:05.910#Z#DEBUG#dde23164-2207-11f1-a1fb-eeee0a988291.OPERATION#flowable-async-job-executor-thread-61780#
[DetermineApplicationServiceBindingActionsStep] Calculated binding operations between application "tutorial" and service instance "tutorial-destination": unbind - false bind - true#
#2026 03 17 13:48:05.910#Z#DEBUG#dde23164-2207-11f1-a1fb-eeee0a988291.OPERATION#flowable-async-job-executor-thread-61780#
Step "Determine Application Service Binding Actions" finished#
#2026 03 17 13:48:05.886#Z#DEBUG#dde23164-2207-11f1-a1fb-eeee0a988291.OPERATION#flowable-async-job-executor-thread-71904#
[DetermineApplicationServiceBindingActionsStep] Executing task "determineApplicationServiceBindingActionsTask" of process "ecaca9a8-2207-11f1-9c1b-eeee0a91fcc2"...#
#2026 03 17 13:48:05.889#Z#DEBUG#dde23164-2207-11f1-a1fb-eeee0a988291.OPERATION#flowable-async-job-executor-thread-71904#
[DetermineApplicationServiceBindingActionsStep] Determine bind/unbind operations of application "tutorial-db-deployer" to service instance "tutorial-db"#
#2026 03 17 13:48:05.889#Z#DEBUG#dde23164-2207-11f1-a1fb-eeee0a988291.OPERATION#flowable-async-job-executor-thread-71904#
[DetermineApplicationServiceBindingActionsStep] Getting application "tutorial-db-deployer"...#
#2026 03 17 13:48:05.949#Z#DEBUG#dde23164-2207-11f1-a1fb-eeee0a988291.OPERATION#flowable-async-job-executor-thread-71904#
[DetermineApplicationServiceBindingActionsStep] Binding parameters for application "tutorial-db-deployer": { }#
#2026 03 17 13:48:05.976#Z#DEBUG#dde23164-2207-11f1-a1fb-eeee0a988291.OPERATION#flowable-async-job-executor-thread-71904#
[DetermineApplicationServiceBindingActionsStep] Calculated binding operations between application "tutorial-db-deployer" and service instance "tutorial-db": unbind - false bind - true#
#2026 03 17 13:48:05.976#Z#DEBUG#dde23164-2207-11f1-a1fb-eeee0a988291.OPERATION#flowable-async-job-executor-thread-71904#
Step "Determine Application Service Binding Actions" finished#
#2026 03 17 13:48:05.971#Z#DEBUG#dde23164-2207-11f1-a1fb-eeee0a988291.OPERATION#flowable-async-job-executor-thread-61781#
[BindServiceToApplicationStep] Executing task "bindServiceToApplicationTask" of process "ecaad4ad-2207-11f1-a1fb-eeee0a988291"...#
#2026 03 17 13:48:05.975#Z#INFO#dde23164-2207-11f1-a1fb-eeee0a988291.OPERATION#flowable-async-job-executor-thread-61781#
[BindServiceToApplicationStep] Binding service instance "tutorial-destination" to application "tutorial"...#
#2026 03 17 13:48:05.985#Z#DEBUG#dde23164-2207-11f1-a1fb-eeee0a988291.OPERATION#flowable-async-job-executor-thread-61781#
[BindServiceToApplicationStep] Binding service instance "tutorial-destination" to application "tutorial" with parameters: { }#
#2026 03 17 13:48:06.148#Z#DEBUG#dde23164-2207-11f1-a1fb-eeee0a988291.OPERATION#flowable-async-job-executor-thread-61781#
Step "Bind Service to Application" finished#
#2026 03 17 13:48:06.032#Z#DEBUG#dde23164-2207-11f1-a1fb-eeee0a988291.OPERATION#flowable-async-job-executor-thread-71905#
[BindServiceToApplicationStep] Executing task "bindServiceToApplicationTask" of process "ecaca9a8-2207-11f1-9c1b-eeee0a91fcc2"...#
#2026 03 17 13:48:06.034#Z#INFO#dde23164-2207-11f1-a1fb-eeee0a988291.OPERATION#flowable-async-job-executor-thread-71905#
[BindServiceToApplicationStep] Binding service instance "tutorial-db" to application "tutorial-db-deployer"...#
#2026 03 17 13:48:06.042#Z#DEBUG#dde23164-2207-11f1-a1fb-eeee0a988291.OPERATION#flowable-async-job-executor-thread-71905#
[BindServiceToApplicationStep] Binding service instance "tutorial-db" to application "tutorial-db-deployer" with parameters: { }#
#2026 03 17 13:48:06.220#Z#DEBUG#dde23164-2207-11f1-a1fb-eeee0a988291.OPERATION#flowable-async-job-executor-thread-71905#
Step "Bind Service to Application" finished#
#2026 03 17 13:48:04.498#Z#DEBUG#dde23164-2207-11f1-a1fb-eeee0a988291.OPERATION#flowable-async-job-executor-thread-61021#
[BuildContentDeploymentConfigurationStep] Executing task "buildContentDeploymentConfigurationTask" of process "ebf0d441-2207-11f1-84bd-eeee0a87e7d0"...#
#2026 03 17 13:48:04.726#Z#DEBUG#dde23164-2207-11f1-a1fb-eeee0a988291.OPERATION#ForkJoinPool-160-worker-1#
[BuildContentDeploymentConfigurationStep] Getting service key "tutorial-destinations-tutorial-destination-credentials" for service instance "tutorial-destination"...#
#2026 03 17 13:48:04.726#Z#DEBUG#dde23164-2207-11f1-a1fb-eeee0a988291.OPERATION#ForkJoinPool-160-worker-2#
[BuildContentDeploymentConfigurationStep] Getting service key "tutorial-html5-repo-host-key" for service instance "tutorial-html5-repo-host"...#
#2026 03 17 13:48:04.731#Z#DEBUG#dde23164-2207-11f1-a1fb-eeee0a988291.OPERATION#ForkJoinPool-160-worker-3#
[BuildContentDeploymentConfigurationStep] Getting service key "tutorial-auth-key" for service instance "tutorial-auth"...#
#2026 03 17 13:48:05.067#Z#INFO#dde23164-2207-11f1-a1fb-eeee0a988291.OPERATION#ForkJoinPool-160-worker-1#
[BuildContentDeploymentConfigurationStep] Creating service key "tutorial-destinations-tutorial-destination-credentials" for service instance "tutorial-destination"...#
#2026 03 17 13:48:05.125#Z#DEBUG#dde23164-2207-11f1-a1fb-eeee0a988291.OPERATION#ForkJoinPool-160-worker-1#
[BuildContentDeploymentConfigurationStep] Creating service key "tutorial-destinations-tutorial-destination-credentials" for service instance "tutorial-destination" with parameters: {
  "service_key_type" : "********"
}#
#2026 03 17 13:48:05.139#Z#INFO#dde23164-2207-11f1-a1fb-eeee0a988291.OPERATION#ForkJoinPool-160-worker-2#
[BuildContentDeploymentConfigurationStep] Creating service key "tutorial-html5-repo-host-key" for service instance "tutorial-html5-repo-host"...#
#2026 03 17 13:48:05.147#Z#INFO#dde23164-2207-11f1-a1fb-eeee0a988291.OPERATION#ForkJoinPool-160-worker-3#
[BuildContentDeploymentConfigurationStep] Creating service key "tutorial-auth-key" for service instance "tutorial-auth"...#
#2026 03 17 13:48:05.168#Z#DEBUG#dde23164-2207-11f1-a1fb-eeee0a988291.OPERATION#ForkJoinPool-160-worker-3#
[BuildContentDeploymentConfigurationStep] Creating service key "tutorial-auth-key" for service instance "tutorial-auth" with parameters: { }#
#2026 03 17 13:48:05.173#Z#DEBUG#dde23164-2207-11f1-a1fb-eeee0a988291.OPERATION#ForkJoinPool-160-worker-2#
[BuildContentDeploymentConfigurationStep] Creating service key "tutorial-html5-repo-host-key" for service instance "tutorial-html5-repo-host" with parameters: { }#
#2026 03 17 13:48:07.087#Z#DEBUG#dde23164-2207-11f1-a1fb-eeee0a988291.OPERATION#ForkJoinPool-160-worker-1#
[BuildContentDeploymentConfigurationStep] Service key "tutorial-destinations-tutorial-destination-credentials" created#
#2026 03 17 13:48:07.440#Z#DEBUG#dde23164-2207-11f1-a1fb-eeee0a988291.OPERATION#ForkJoinPool-160-worker-3#
[BuildContentDeploymentConfigurationStep] Service key "tutorial-auth-key" created#
#2026 03 17 13:48:07.466#Z#DEBUG#dde23164-2207-11f1-a1fb-eeee0a988291.OPERATION#ForkJoinPool-160-worker-2#
[BuildContentDeploymentConfigurationStep] Service key "tutorial-html5-repo-host-key" created#
#2026 03 17 13:48:07.467#Z#DEBUG#dde23164-2207-11f1-a1fb-eeee0a988291.OPERATION#flowable-async-job-executor-thread-61021#
Step "Build Content Deployment Configuration" finished#
#2026 03 17 13:48:07.618#Z#DEBUG#dde23164-2207-11f1-a1fb-eeee0a988291.OPERATION#flowable-async-job-executor-thread-61021#
[CreateContentDeployClientConfigurationStep] Executing task "createContentDeployClientConfigurationTask" of process "eddf0efc-2207-11f1-84bd-eeee0a87e7d0"...#
#2026 03 17 13:48:07.619#Z#DEBUG#dde23164-2207-11f1-a1fb-eeee0a988291.OPERATION#flowable-async-job-executor-thread-61021#
[CreateContentDeployClientConfigurationStep] Content deployer client configuration: {
  "contentDeployerUrl" : "https://destination-configuration.cfapps.eu10.hana.ondemand.com/destination-configuration/gacd",
  "uaaClientConfiguration" : {
    "url" : "********",
    "credentials" : "********",
    "authenticationStrategyType" : "********"
  },
  "httpRequestHeaders" : {
    "X-CorrelationID" : "dde23164-2207-11f1-a1fb-eeee0a988291"
  },
  "spaceId" : "190179fa-25dc-444e-b7b2-a3816c974671",
  "serviceName" : "tutorial-destination"
}#
#2026 03 17 13:48:07.994#Z#DEBUG#dde23164-2207-11f1-a1fb-eeee0a988291.OPERATION#flowable-async-job-executor-thread-61021#
Step "Create Content Deploy Client Configuration" finished#
#2026 03 17 13:48:08.111#Z#DEBUG#dde23164-2207-11f1-a1fb-eeee0a988291.OPERATION#flowable-async-job-executor-thread-61021#
[GetContentFromDeploymentDescriptorStep] Executing task "getContentFromDeploymentDescriptorTask" of process "eddf0efc-2207-11f1-84bd-eeee0a87e7d0"...#
#2026 03 17 13:48:08.111#Z#DEBUG#dde23164-2207-11f1-a1fb-eeee0a988291.OPERATION#flowable-async-job-executor-thread-61021#
[GetContentFromDeploymentDescriptorStep] Content for module: "tutorial-destinations" is: "{
  "id" : "578fc135-0974-4133-81a0-058b0c6e4d6f",
  "contentType" : "EMBEDDED",
  "content" : {
    "instance" : {
      "destinations" : [ {
        "Name" : "tutorial-html5-repository",
        "ServiceInstanceName" : "tutorial-html5-repo-host",
        "ServiceKeyName" : "********",
        "sap.cloud.service" : "tutorial.service"
      }, {
        "Authentication" : "********",
        "Name" : "********",
        "ServiceInstanceName" : "********",
        "ServiceKeyName" : "********",
        "sap.cloud.service" : "tutorial.service"
      } ],
      "existing_destinations_policy" : "update"
    }
  }
}"#
#2026 03 17 13:48:08.111#Z#DEBUG#dde23164-2207-11f1-a1fb-eeee0a988291.OPERATION#flowable-async-job-executor-thread-61021#
Step "Get Content From Deployment Descriptor" finished#
#2026 03 17 13:48:08.141#Z#DEBUG#dde23164-2207-11f1-a1fb-eeee0a988291.OPERATION#flowable-async-job-executor-thread-61021#
[SynchronousContentDeployStep] Executing task "synchronousContentDeployTask" of process "eddf0efc-2207-11f1-84bd-eeee0a87e7d0"...#
#2026 03 17 13:48:08.141#Z#INFO#dde23164-2207-11f1-a1fb-eeee0a988291.OPERATION#flowable-async-job-executor-thread-61021#
[SynchronousContentDeployStep] Deploying content module "tutorial-destinations" in target service "tutorial-destination"...#
#2026 03 17 13:48:08.384#Z#DEBUG#dde23164-2207-11f1-a1fb-eeee0a988291.OPERATION#flowable-async-job-executor-thread-61021#
[SynchronousContentDeployStep] Processing inline content upload for module: tutorial-destinations#
#2026 03 17 13:48:08.710#Z#DEBUG#dde23164-2207-11f1-a1fb-eeee0a988291.OPERATION#flowable-async-job-executor-thread-61021#
Step "Synchronous Deploy" finished#
#2026 03 17 13:48:08.974#Z#DEBUG#dde23164-2207-11f1-a1fb-eeee0a988291.OPERATION#flowable-async-job-executor-thread-71916#
[CheckServiceBindingOperationStep] Executing task "checkForServiceBindingOperationInProgress" of process "ee91e48a-2207-11f1-9c1b-eeee0a91fcc2"...#
#2026 03 17 13:48:08.974#Z#DEBUG#dde23164-2207-11f1-a1fb-eeee0a988291.OPERATION#flowable-async-job-executor-thread-71916#
[CheckServiceBindingOperationStep] Checking for service binding operation in progress between app "tutorial" and service instance "tutorial-html5-runtime"#
#2026 03 17 13:48:08.974#Z#DEBUG#dde23164-2207-11f1-a1fb-eeee0a988291.OPERATION#flowable-async-job-executor-thread-71916#
[CheckServiceBindingOperationStep] Getting application guid "tutorial"...#
#2026 03 17 13:48:09.050#Z#DEBUG#dde23164-2207-11f1-a1fb-eeee0a988291.OPERATION#flowable-async-job-executor-thread-71916#
[CheckServiceBindingOperationStep] Getting GUID of required service instance "tutorial-html5-runtime"...#
#2026 03 17 13:48:09.117#Z#DEBUG#dde23164-2207-11f1-a1fb-eeee0a988291.OPERATION#flowable-async-job-executor-thread-71916#
[CheckServiceBindingOperationStep] Getting binding of service instance "df146e4f-d48e-4fcc-a168-2dd362f3b3ac" with application "d8fab115-9946-497e-818d-add170ae4d9f"...#
#2026 03 17 13:48:09.174#Z#DEBUG#dde23164-2207-11f1-a1fb-eeee0a988291.OPERATION#flowable-async-job-executor-thread-71916#
Step "Check For Service Binding Operation In Progress" finished#
#2026 03 17 13:48:09.364#Z#DEBUG#dde23164-2207-11f1-a1fb-eeee0a988291.OPERATION#flowable-async-job-executor-thread-71916#
[DetermineApplicationServiceBindingActionsStep] Executing task "determineApplicationServiceBindingActionsTask" of process "ee91e48a-2207-11f1-9c1b-eeee0a91fcc2"...#
#2026 03 17 13:48:09.370#Z#DEBUG#dde23164-2207-11f1-a1fb-eeee0a988291.OPERATION#flowable-async-job-executor-thread-71916#
[DetermineApplicationServiceBindingActionsStep] Determine bind/unbind operations of application "tutorial" to service instance "tutorial-html5-runtime"#
#2026 03 17 13:48:09.370#Z#DEBUG#dde23164-2207-11f1-a1fb-eeee0a988291.OPERATION#flowable-async-job-executor-thread-71916#
[DetermineApplicationServiceBindingActionsStep] Getting application "tutorial"...#
#2026 03 17 13:48:09.468#Z#DEBUG#dde23164-2207-11f1-a1fb-eeee0a988291.OPERATION#flowable-async-job-executor-thread-71916#
[DetermineApplicationServiceBindingActionsStep] Binding parameters for application "tutorial": { }#
#2026 03 17 13:48:09.525#Z#DEBUG#dde23164-2207-11f1-a1fb-eeee0a988291.OPERATION#flowable-async-job-executor-thread-71916#
[DetermineApplicationServiceBindingActionsStep] Calculated binding operations between application "tutorial" and service instance "tutorial-html5-runtime": unbind - false bind - true#
#2026 03 17 13:48:09.525#Z#DEBUG#dde23164-2207-11f1-a1fb-eeee0a988291.OPERATION#flowable-async-job-executor-thread-71916#
Step "Determine Application Service Binding Actions" finished#
#2026 03 17 13:48:09.341#Z#DEBUG#dde23164-2207-11f1-a1fb-eeee0a988291.OPERATION#flowable-async-job-executor-thread-71919#
[CheckServiceBindingOperationStep] Executing task "checkForServiceBindingOperationInProgress" of process "eebc01e9-2207-11f1-9c1b-eeee0a91fcc2"...#
#2026 03 17 13:48:09.341#Z#DEBUG#dde23164-2207-11f1-a1fb-eeee0a988291.OPERATION#flowable-async-job-executor-thread-71919#
[CheckServiceBindingOperationStep] Checking for service binding operation in progress between app "tutorial" and service instance "tutorial-auth"#
#2026 03 17 13:48:09.341#Z#DEBUG#dde23164-2207-11f1-a1fb-eeee0a988291.OPERATION#flowable-async-job-executor-thread-71919#
[CheckServiceBindingOperationStep] Getting application guid "tutorial"...#
#2026 03 17 13:48:09.420#Z#DEBUG#dde23164-2207-11f1-a1fb-eeee0a988291.OPERATION#flowable-async-job-executor-thread-71919#
[CheckServiceBindingOperationStep] Getting GUID of required service instance "tutorial-auth"...#
#2026 03 17 13:48:09.487#Z#DEBUG#dde23164-2207-11f1-a1fb-eeee0a988291.OPERATION#flowable-async-job-executor-thread-71919#
[CheckServiceBindingOperationStep] Getting binding of service instance "16393a9c-d7c0-492d-a637-7fbe62700d2e" with application "d8fab115-9946-497e-818d-add170ae4d9f"...#
#2026 03 17 13:48:09.554#Z#DEBUG#dde23164-2207-11f1-a1fb-eeee0a988291.OPERATION#flowable-async-job-executor-thread-71919#
Step "Check For Service Binding Operation In Progress" finished#
#2026 03 17 13:48:09.743#Z#DEBUG#dde23164-2207-11f1-a1fb-eeee0a988291.OPERATION#flowable-async-job-executor-thread-71919#
[DetermineApplicationServiceBindingActionsStep] Executing task "determineApplicationServiceBindingActionsTask" of process "eebc01e9-2207-11f1-9c1b-eeee0a91fcc2"...#
#2026 03 17 13:48:09.754#Z#DEBUG#dde23164-2207-11f1-a1fb-eeee0a988291.OPERATION#flowable-async-job-executor-thread-71919#
[DetermineApplicationServiceBindingActionsStep] Determine bind/unbind operations of application "tutorial" to service instance "tutorial-auth"#
#2026 03 17 13:48:09.754#Z#DEBUG#dde23164-2207-11f1-a1fb-eeee0a988291.OPERATION#flowable-async-job-executor-thread-71919#
[DetermineApplicationServiceBindingActionsStep] Getting application "tutorial"...#
#2026 03 17 13:48:09.826#Z#DEBUG#dde23164-2207-11f1-a1fb-eeee0a988291.OPERATION#flowable-async-job-executor-thread-71919#
[DetermineApplicationServiceBindingActionsStep] Binding parameters for application "tutorial": { }#
#2026 03 17 13:48:09.878#Z#DEBUG#dde23164-2207-11f1-a1fb-eeee0a988291.OPERATION#flowable-async-job-executor-thread-71919#
[DetermineApplicationServiceBindingActionsStep] Calculated binding operations between application "tutorial" and service instance "tutorial-auth": unbind - false bind - true#
#2026 03 17 13:48:09.878#Z#DEBUG#dde23164-2207-11f1-a1fb-eeee0a988291.OPERATION#flowable-async-job-executor-thread-71919#
Step "Determine Application Service Binding Actions" finished#
#2026 03 17 13:48:09.775#Z#DEBUG#dde23164-2207-11f1-a1fb-eeee0a988291.OPERATION#flowable-async-job-executor-thread-71916#
[BindServiceToApplicationStep] Executing task "bindServiceToApplicationTask" of process "ee91e48a-2207-11f1-9c1b-eeee0a91fcc2"...#
#2026 03 17 13:48:09.783#Z#INFO#dde23164-2207-11f1-a1fb-eeee0a988291.OPERATION#flowable-async-job-executor-thread-71916#
[BindServiceToApplicationStep] Binding service instance "tutorial-html5-runtime" to application "tutorial"...#
#2026 03 17 13:48:09.813#Z#DEBUG#dde23164-2207-11f1-a1fb-eeee0a988291.OPERATION#flowable-async-job-executor-thread-71916#
[BindServiceToApplicationStep] Binding service instance "tutorial-html5-runtime" to application "tutorial" with parameters: { }#
#2026 03 17 13:48:10.041#Z#DEBUG#dde23164-2207-11f1-a1fb-eeee0a988291.OPERATION#flowable-async-job-executor-thread-71916#
Step "Bind Service to Application" finished#
#2026 03 17 13:48:10.120#Z#DEBUG#dde23164-2207-11f1-a1fb-eeee0a988291.OPERATION#flowable-async-job-executor-thread-72706#
[BindServiceToApplicationStep] Executing task "bindServiceToApplicationTask" of process "eb1c9467-2207-11f1-a4bc-eeee0a87df33"...#
#2026 03 17 13:48:10.121#Z#DEBUG#dde23164-2207-11f1-a1fb-eeee0a988291.OPERATION#flowable-async-job-executor-thread-72706#
[BindServiceToApplicationStep] Getting async job "21743002-abb1-4d66-a03b-1c2617a6c40b"#
#2026 03 17 13:48:10.161#Z#DEBUG#dde23164-2207-11f1-a1fb-eeee0a988291.OPERATION#flowable-async-job-executor-thread-72706#
[BindServiceToApplicationStep] Getting service instance "tutorial-auth"...#
#2026 03 17 13:48:10.335#Z#DEBUG#dde23164-2207-11f1-a1fb-eeee0a988291.OPERATION#flowable-async-job-executor-thread-72706#
[BindServiceToApplicationStep] Async service binding operation with id "21743002-abb1-4d66-a03b-1c2617a6c40b" finished#
#2026 03 17 13:48:10.338#Z#DEBUG#dde23164-2207-11f1-a1fb-eeee0a988291.OPERATION#flowable-async-job-executor-thread-72706#
Step "Bind Service to Application" finished#
#2026 03 17 13:48:10.084#Z#DEBUG#dde23164-2207-11f1-a1fb-eeee0a988291.OPERATION#flowable-async-job-executor-thread-71919#
[BindServiceToApplicationStep] Executing task "bindServiceToApplicationTask" of process "eebc01e9-2207-11f1-9c1b-eeee0a91fcc2"...#
#2026 03 17 13:48:10.094#Z#INFO#dde23164-2207-11f1-a1fb-eeee0a988291.OPERATION#flowable-async-job-executor-thread-71919#
[BindServiceToApplicationStep] Binding service instance "tutorial-auth" to application "tutorial"...#
#2026 03 17 13:48:10.116#Z#DEBUG#dde23164-2207-11f1-a1fb-eeee0a988291.OPERATION#flowable-async-job-executor-thread-71919#
[BindServiceToApplicationStep] Binding service instance "tutorial-auth" to application "tutorial" with parameters: { }#
#2026 03 17 13:48:10.341#Z#DEBUG#dde23164-2207-11f1-a1fb-eeee0a988291.OPERATION#flowable-async-job-executor-thread-71919#
Step "Bind Service to Application" finished#
#2026 03 17 13:48:10.157#Z#DEBUG#dde23164-2207-11f1-a1fb-eeee0a988291.OPERATION#flowable-async-job-executor-thread-76786#
[BindServiceToApplicationStep] Executing task "bindServiceToApplicationTask" of process "ebf17077-2207-11f1-a1fb-eeee0a988291"...#
#2026 03 17 13:48:10.249#Z#DEBUG#dde23164-2207-11f1-a1fb-eeee0a988291.OPERATION#flowable-async-job-executor-thread-76786#
[BindServiceToApplicationStep] Getting async job "382616e7-e134-4711-8f1d-e9bf9f798ecb"#
#2026 03 17 13:48:10.323#Z#DEBUG#dde23164-2207-11f1-a1fb-eeee0a988291.OPERATION#flowable-async-job-executor-thread-76786#
[BindServiceToApplicationStep] Getting service instance "tutorial-destination"...#
#2026 03 17 13:48:10.493#Z#DEBUG#dde23164-2207-11f1-a1fb-eeee0a988291.OPERATION#flowable-async-job-executor-thread-76786#
[BindServiceToApplicationStep] Async service binding operation with id "382616e7-e134-4711-8f1d-e9bf9f798ecb" finished#
#2026 03 17 13:48:10.497#Z#DEBUG#dde23164-2207-11f1-a1fb-eeee0a988291.OPERATION#flowable-async-job-executor-thread-76786#
Step "Bind Service to Application" finished#
#2026 03 17 13:48:09.431#Z#DEBUG#dde23164-2207-11f1-a1fb-eeee0a988291.OPERATION#flowable-async-job-executor-thread-71909#
[BuildContentDeploymentConfigurationStep] Executing task "buildContentDeploymentConfigurationTask" of process "ee96c740-2207-11f1-9c1b-eeee0a91fcc2"...#
#2026 03 17 13:48:09.478#Z#DEBUG#dde23164-2207-11f1-a1fb-eeee0a988291.OPERATION#ForkJoinPool-194-worker-1#
[BuildContentDeploymentConfigurationStep] Getting service key "tutorial-app-deployer-tutorial-auth-credentials" for service instance "tutorial-auth"...#
#2026 03 17 13:48:09.478#Z#DEBUG#dde23164-2207-11f1-a1fb-eeee0a988291.OPERATION#ForkJoinPool-194-worker-2#
[BuildContentDeploymentConfigurationStep] Getting service key "tutorial-app-deployer-tutorial-html5-repo-host-credentials" for service instance "tutorial-html5-repo-host"...#
#2026 03 17 13:48:09.754#Z#INFO#dde23164-2207-11f1-a1fb-eeee0a988291.OPERATION#ForkJoinPool-194-worker-1#
[BuildContentDeploymentConfigurationStep] Creating service key "tutorial-app-deployer-tutorial-auth-credentials" for service instance "tutorial-auth"...#
#2026 03 17 13:48:09.757#Z#INFO#dde23164-2207-11f1-a1fb-eeee0a988291.OPERATION#ForkJoinPool-194-worker-2#
[BuildContentDeploymentConfigurationStep] Creating service key "tutorial-app-deployer-tutorial-html5-repo-host-credentials" for service instance "tutorial-html5-repo-host"...#
#2026 03 17 13:48:09.778#Z#DEBUG#dde23164-2207-11f1-a1fb-eeee0a988291.OPERATION#ForkJoinPool-194-worker-1#
[BuildContentDeploymentConfigurationStep] Creating service key "tutorial-app-deployer-tutorial-auth-credentials" for service instance "tutorial-auth" with parameters: { }#
#2026 03 17 13:48:09.781#Z#DEBUG#dde23164-2207-11f1-a1fb-eeee0a988291.OPERATION#ForkJoinPool-194-worker-2#
[BuildContentDeploymentConfigurationStep] Creating service key "tutorial-app-deployer-tutorial-html5-repo-host-credentials" for service instance "tutorial-html5-repo-host" with parameters: {
  "service_key_type" : "********"
}#
#2026 03 17 13:48:11.277#Z#DEBUG#dde23164-2207-11f1-a1fb-eeee0a988291.OPERATION#ForkJoinPool-194-worker-1#
[BuildContentDeploymentConfigurationStep] Service key "tutorial-app-deployer-tutorial-auth-credentials" created#
#2026 03 17 13:48:11.295#Z#DEBUG#dde23164-2207-11f1-a1fb-eeee0a988291.OPERATION#ForkJoinPool-194-worker-2#
[BuildContentDeploymentConfigurationStep] Service key "tutorial-app-deployer-tutorial-html5-repo-host-credentials" created#
#2026 03 17 13:48:11.296#Z#DEBUG#dde23164-2207-11f1-a1fb-eeee0a988291.OPERATION#flowable-async-job-executor-thread-71909#
Step "Build Content Deployment Configuration" finished#
#2026 03 17 13:48:11.301#Z#DEBUG#dde23164-2207-11f1-a1fb-eeee0a988291.OPERATION#flowable-async-job-executor-thread-71909#
[CreateContentDeployClientConfigurationStep] Executing task "createContentDeployClientConfigurationTask" of process "f0117f7f-2207-11f1-9c1b-eeee0a91fcc2"...#
#2026 03 17 13:48:11.302#Z#DEBUG#dde23164-2207-11f1-a1fb-eeee0a988291.OPERATION#flowable-async-job-executor-thread-71909#
[CreateContentDeployClientConfigurationStep] Content deployer client configuration: {
  "contentDeployerUrl" : "https://html5-apps-repo-dt.cfapps.eu10.hana.ondemand.com",
  "uaaClientConfiguration" : {
    "url" : "********",
    "credentials" : "********",
    "authenticationStrategyType" : "********"
  },
  "httpRequestHeaders" : {
    "X-CorrelationID" : "dde23164-2207-11f1-a1fb-eeee0a988291"
  },
  "spaceId" : "190179fa-25dc-444e-b7b2-a3816c974671",
  "serviceName" : "tutorial-html5-repo-host"
}#
#2026 03 17 13:48:11.568#Z#DEBUG#dde23164-2207-11f1-a1fb-eeee0a988291.OPERATION#flowable-async-job-executor-thread-71909#
Step "Create Content Deploy Client Configuration" finished#
#2026 03 17 13:48:11.570#Z#DEBUG#dde23164-2207-11f1-a1fb-eeee0a988291.OPERATION#flowable-async-job-executor-thread-71909#
[GetContentFromDeploymentDescriptorStep] Executing task "getContentFromDeploymentDescriptorTask" of process "f0117f7f-2207-11f1-9c1b-eeee0a91fcc2"...#
#2026 03 17 13:48:11.570#Z#DEBUG#dde23164-2207-11f1-a1fb-eeee0a988291.OPERATION#flowable-async-job-executor-thread-71909#
Step "Get Content From Deployment Descriptor" finished#
#2026 03 17 13:48:11.572#Z#DEBUG#dde23164-2207-11f1-a1fb-eeee0a988291.OPERATION#flowable-async-job-executor-thread-71909#
[UploadContentStep] Executing task "uploadContentTask" of process "f0117f7f-2207-11f1-9c1b-eeee0a91fcc2"...#
#2026 03 17 13:48:11.572#Z#INFO#dde23164-2207-11f1-a1fb-eeee0a988291.OPERATION#flowable-async-job-executor-thread-71909#
[UploadContentStep] Uploading content module "tutorial-app-deployer" in target service "tutorial-html5-repo-host"...#
#2026 03 17 13:48:11.582#Z#DEBUG#dde23164-2207-11f1-a1fb-eeee0a988291.OPERATION#flowable-async-job-executor-thread-71909#
[UploadContentStep] Uploading file "tutorial-app-deployer/app/data.zip" for content module "tutorial-app-deployer" in service "tutorial-html5-repo-host"#
#2026 03 17 13:48:11.907#Z#INFO#dde23164-2207-11f1-a1fb-eeee0a988291.OPERATION#flowable-async-job-executor-thread-71909#
[UploadContentStep] Content to deploy size: 13,321 in bytes#
#2026 03 17 13:48:12.594#Z#DEBUG#dde23164-2207-11f1-a1fb-eeee0a988291.OPERATION#flowable-async-job-executor-thread-71909#
[UploadContentStep] Uploaded content: {
  "id" : "eba9dd1e-82e3-4841-a597-5bca468d2f84",
  "name" : "content.zip",
  "contentType" : "FILE"
}#
#2026 03 17 13:48:12.594#Z#DEBUG#dde23164-2207-11f1-a1fb-eeee0a988291.OPERATION#flowable-async-job-executor-thread-71909#
Step "Upload Content" finished#
#2026 03 17 13:48:12.599#Z#DEBUG#dde23164-2207-11f1-a1fb-eeee0a988291.OPERATION#flowable-async-job-executor-thread-71909#
[StartContentDeployStep] Executing task "startContentDeployTask" of process "f0117f7f-2207-11f1-9c1b-eeee0a91fcc2"...#
#2026 03 17 13:48:12.599#Z#INFO#dde23164-2207-11f1-a1fb-eeee0a988291.OPERATION#flowable-async-job-executor-thread-71909#
[StartContentDeployStep] Deploying content module "tutorial-app-deployer" in target service "tutorial-html5-repo-host"...#
#2026 03 17 13:48:12.901#Z#DEBUG#dde23164-2207-11f1-a1fb-eeee0a988291.OPERATION#flowable-async-job-executor-thread-71909#
Step "Start Content Deploy" finished#
#2026 03 17 13:48:20.418#Z#DEBUG#dde23164-2207-11f1-a1fb-eeee0a988291.OPERATION#flowable-async-job-executor-thread-61845#
[BindServiceToApplicationStep] Executing task "bindServiceToApplicationTask" of process "ecaad4ad-2207-11f1-a1fb-eeee0a988291"...#
#2026 03 17 13:48:20.420#Z#DEBUG#dde23164-2207-11f1-a1fb-eeee0a988291.OPERATION#flowable-async-job-executor-thread-61845#
[BindServiceToApplicationStep] Getting async job "511bbbe3-3586-4fb7-ba33-c902b631bc02"#
#2026 03 17 13:48:20.462#Z#DEBUG#dde23164-2207-11f1-a1fb-eeee0a988291.OPERATION#flowable-async-job-executor-thread-61845#
[BindServiceToApplicationStep] Getting service instance "tutorial-destination"...#
#2026 03 17 13:48:20.623#Z#DEBUG#dde23164-2207-11f1-a1fb-eeee0a988291.OPERATION#flowable-async-job-executor-thread-61845#
[BindServiceToApplicationStep] Async service binding operation with id "511bbbe3-3586-4fb7-ba33-c902b631bc02" finished#
#2026 03 17 13:48:20.628#Z#DEBUG#dde23164-2207-11f1-a1fb-eeee0a988291.OPERATION#flowable-async-job-executor-thread-61845#
Step "Bind Service to Application" finished#
#2026 03 17 13:48:20.471#Z#DEBUG#dde23164-2207-11f1-a1fb-eeee0a988291.OPERATION#flowable-async-job-executor-thread-72743#
[BindServiceToApplicationStep] Executing task "bindServiceToApplicationTask" of process "ee91e48a-2207-11f1-9c1b-eeee0a91fcc2"...#
#2026 03 17 13:48:20.473#Z#DEBUG#dde23164-2207-11f1-a1fb-eeee0a988291.OPERATION#flowable-async-job-executor-thread-72743#
[BindServiceToApplicationStep] Getting async job "36ca416d-c758-43e0-853b-23df69dcd252"#
#2026 03 17 13:48:20.513#Z#DEBUG#dde23164-2207-11f1-a1fb-eeee0a988291.OPERATION#flowable-async-job-executor-thread-72743#
[BindServiceToApplicationStep] Getting service instance "tutorial-html5-runtime"...#
#2026 03 17 13:48:20.643#Z#DEBUG#dde23164-2207-11f1-a1fb-eeee0a988291.OPERATION#flowable-async-job-executor-thread-72750#
[BindServiceToApplicationStep] Executing task "bindServiceToApplicationTask" of process "ebdd7292-2207-11f1-84bd-eeee0a87e7d0"...#
#2026 03 17 13:48:20.646#Z#DEBUG#dde23164-2207-11f1-a1fb-eeee0a988291.OPERATION#flowable-async-job-executor-thread-72750#
[BindServiceToApplicationStep] Getting async job "b8837d38-ae38-4e28-967f-26384467302b"#
#2026 03 17 13:48:20.677#Z#DEBUG#dde23164-2207-11f1-a1fb-eeee0a988291.OPERATION#flowable-async-job-executor-thread-72750#
[BindServiceToApplicationStep] Getting service instance "tutorial-db"...#
#2026 03 17 13:48:20.679#Z#DEBUG#dde23164-2207-11f1-a1fb-eeee0a988291.OPERATION#flowable-async-job-executor-thread-72743#
[BindServiceToApplicationStep] Async service binding operation with id "36ca416d-c758-43e0-853b-23df69dcd252" finished#
#2026 03 17 13:48:20.684#Z#DEBUG#dde23164-2207-11f1-a1fb-eeee0a988291.OPERATION#flowable-async-job-executor-thread-72743#
Step "Bind Service to Application" finished#
#2026 03 17 13:48:20.843#Z#DEBUG#dde23164-2207-11f1-a1fb-eeee0a988291.OPERATION#flowable-async-job-executor-thread-72750#
[BindServiceToApplicationStep] Async service binding operation with id "b8837d38-ae38-4e28-967f-26384467302b" finished#
#2026 03 17 13:48:20.848#Z#DEBUG#dde23164-2207-11f1-a1fb-eeee0a988291.OPERATION#flowable-async-job-executor-thread-72750#
Step "Bind Service to Application" finished#
#2026 03 17 13:48:20.600#Z#DEBUG#dde23164-2207-11f1-a1fb-eeee0a988291.OPERATION#flowable-async-job-executor-thread-61050#
[BindServiceToApplicationStep] Executing task "bindServiceToApplicationTask" of process "eebc01e9-2207-11f1-9c1b-eeee0a91fcc2"...#
#2026 03 17 13:48:20.602#Z#DEBUG#dde23164-2207-11f1-a1fb-eeee0a988291.OPERATION#flowable-async-job-executor-thread-61050#
[BindServiceToApplicationStep] Getting async job "c25e6534-26ac-496c-8853-81db301ff3c8"#
#2026 03 17 13:48:20.668#Z#DEBUG#dde23164-2207-11f1-a1fb-eeee0a988291.OPERATION#flowable-async-job-executor-thread-61050#
[BindServiceToApplicationStep] Getting service instance "tutorial-auth"...#
#2026 03 17 13:48:20.892#Z#DEBUG#dde23164-2207-11f1-a1fb-eeee0a988291.OPERATION#flowable-async-job-executor-thread-61050#
[BindServiceToApplicationStep] Async service binding operation with id "c25e6534-26ac-496c-8853-81db301ff3c8" finished#
#2026 03 17 13:48:20.894#Z#DEBUG#dde23164-2207-11f1-a1fb-eeee0a988291.OPERATION#flowable-async-job-executor-thread-61050#
Step "Bind Service to Application" finished#
#2026 03 17 13:48:20.755#Z#DEBUG#dde23164-2207-11f1-a1fb-eeee0a988291.OPERATION#flowable-async-job-executor-thread-66104#
[BindServiceToApplicationStep] Executing task "bindServiceToApplicationTask" of process "ecaca9a8-2207-11f1-9c1b-eeee0a91fcc2"...#
#2026 03 17 13:48:20.757#Z#DEBUG#dde23164-2207-11f1-a1fb-eeee0a988291.OPERATION#flowable-async-job-executor-thread-66104#
[BindServiceToApplicationStep] Getting async job "8c909fc4-d60a-47f7-8a50-0c1f7eb0068e"#
#2026 03 17 13:48:20.789#Z#DEBUG#dde23164-2207-11f1-a1fb-eeee0a988291.OPERATION#flowable-async-job-executor-thread-66104#
[BindServiceToApplicationStep] Getting service instance "tutorial-db"...#
#2026 03 17 13:48:20.931#Z#DEBUG#dde23164-2207-11f1-a1fb-eeee0a988291.OPERATION#flowable-async-job-executor-thread-66104#
[BindServiceToApplicationStep] Async service binding operation with id "8c909fc4-d60a-47f7-8a50-0c1f7eb0068e" finished#
#2026 03 17 13:48:20.934#Z#DEBUG#dde23164-2207-11f1-a1fb-eeee0a988291.OPERATION#flowable-async-job-executor-thread-66104#
Step "Bind Service to Application" finished#
#2026 03 17 13:48:20.418#Z#DEBUG#dde23164-2207-11f1-a1fb-eeee0a988291.OPERATION#flowable-async-job-executor-thread-65825#
[StartContentDeployStep] Executing task "startContentDeployTask" of process "f0117f7f-2207-11f1-9c1b-eeee0a91fcc2"...#
#2026 03 17 13:48:20.422#Z#DEBUG#dde23164-2207-11f1-a1fb-eeee0a988291.OPERATION#flowable-async-job-executor-thread-65825#
[StartContentDeployStep] Checking status of module content deployment "tutorial-app-deployer" in service "tutorial-html5-repo-host"...#
#2026 03 17 13:48:21.041#Z#DEBUG#dde23164-2207-11f1-a1fb-eeee0a988291.OPERATION#flowable-async-job-executor-thread-65825#
[StartContentDeployStep] Deleting content deployment resource "eba9dd1e-82e3-4841-a597-5bca468d2f84"...#
#2026 03 17 13:48:21.088#Z#DEBUG#dde23164-2207-11f1-a1fb-eeee0a988291.OPERATION#flowable-async-job-executor-thread-65825#
Step "Start Content Deploy" finished#
#2026 03 17 13:48:21.091#Z#DEBUG#dde23164-2207-11f1-a1fb-eeee0a988291.OPERATION#flowable-async-job-executor-thread-72757#
[DetermineVcapServicesPropertiesChangedStep] Executing task "determineVcapServicesPropertiesChangedTask" of process "f5d999b7-2207-11f1-a4bc-eeee0a87df33"...#
#2026 03 17 13:48:21.094#Z#DEBUG#dde23164-2207-11f1-a1fb-eeee0a988291.OPERATION#flowable-async-job-executor-thread-72757#
[DetermineVcapServicesPropertiesChangedStep] VCAP_SERVICES properties for application "tutorial-srv" changed: true#
#2026 03 17 13:48:21.095#Z#DEBUG#dde23164-2207-11f1-a1fb-eeee0a988291.OPERATION#flowable-async-job-executor-thread-72757#
Step "Determine vcap services properties changed" finished#
#2026 03 17 13:48:21.168#Z#DEBUG#dde23164-2207-11f1-a1fb-eeee0a988291.OPERATION#flowable-async-job-executor-thread-66114#
[DetermineVcapServicesPropertiesChangedStep] Executing task "determineVcapServicesPropertiesChangedTask" of process "f5e4bd5d-2207-11f1-a1ae-eeee0a91d01a"...#
#2026 03 17 13:48:21.173#Z#DEBUG#dde23164-2207-11f1-a1fb-eeee0a988291.OPERATION#flowable-async-job-executor-thread-66114#
[DetermineVcapServicesPropertiesChangedStep] VCAP_SERVICES properties for application "tutorial-db-deployer" changed: true#
#2026 03 17 13:48:21.173#Z#DEBUG#dde23164-2207-11f1-a1fb-eeee0a988291.OPERATION#flowable-async-job-executor-thread-66114#
Step "Determine vcap services properties changed" finished#
#2026 03 17 13:48:21.255#Z#DEBUG#dde23164-2207-11f1-a1fb-eeee0a988291.OPERATION#flowable-async-job-executor-thread-66115#
[UploadAppStep] Executing task "uploadAppTask" of process "f5e4bd5d-2207-11f1-a1ae-eeee0a91d01a"...#
#2026 03 17 13:48:21.259#Z#DEBUG#dde23164-2207-11f1-a1fb-eeee0a988291.OPERATION#flowable-async-job-executor-thread-66115#
[UploadAppStep] Application upload timeout is default one: 3,600 seconds#
#2026 03 17 13:48:21.259#Z#INFO#dde23164-2207-11f1-a1fb-eeee0a988291.OPERATION#flowable-async-job-executor-thread-66115#
[UploadAppStep] Uploading application "tutorial-db-deployer"...#
#2026 03 17 13:48:21.267#Z#DEBUG#dde23164-2207-11f1-a1fb-eeee0a988291.OPERATION#flowable-async-job-executor-thread-66115#
[UploadAppStep] Getting application "tutorial-db-deployer"...#
#2026 03 17 13:48:21.327#Z#DEBUG#dde23164-2207-11f1-a1fb-eeee0a988291.OPERATION#flowable-async-job-executor-thread-66115#
[UploadAppStep] Getting environment of application "547a7e90-00f1-4690-a147-5a07cb11b23a"...#
#2026 03 17 13:48:21.380#Z#INFO#dde23164-2207-11f1-a1fb-eeee0a988291.OPERATION#flowable-async-job-executor-thread-66115#
[UploadAppStep] Calculating application digest: "tutorial-db-deployer"#
#2026 03 17 13:48:21.548#Z#DEBUG#dde23164-2207-11f1-a1fb-eeee0a988291.OPERATION#flowable-async-job-executor-thread-66115#
Step "Upload App" finished#
#2026 03 17 13:48:22.685#Z#DEBUG#dde23164-2207-11f1-a1fb-eeee0a988291.OPERATION#flowable-async-job-executor-thread-71239#
[DetermineVcapServicesPropertiesChangedStep] Executing task "determineVcapServicesPropertiesChangedTask" of process "f6cf9276-2207-11f1-b67d-eeee0a8eeeea"...#
#2026 03 17 13:48:22.688#Z#DEBUG#dde23164-2207-11f1-a1fb-eeee0a988291.OPERATION#flowable-async-job-executor-thread-71239#
[DetermineVcapServicesPropertiesChangedStep] VCAP_SERVICES properties for application "tutorial" changed: true#
#2026 03 17 13:48:22.688#Z#DEBUG#dde23164-2207-11f1-a1fb-eeee0a988291.OPERATION#flowable-async-job-executor-thread-71239#
Step "Determine vcap services properties changed" finished#
#2026 03 17 13:48:22.736#Z#DEBUG#dde23164-2207-11f1-a1fb-eeee0a988291.OPERATION#flowable-async-job-executor-thread-71240#
[UploadAppStep] Executing task "uploadAppTask" of process "f6cf9276-2207-11f1-b67d-eeee0a8eeeea"...#
#2026 03 17 13:48:22.739#Z#DEBUG#dde23164-2207-11f1-a1fb-eeee0a988291.OPERATION#flowable-async-job-executor-thread-71240#
[UploadAppStep] Application upload timeout is default one: 3,600 seconds#
#2026 03 17 13:48:22.739#Z#INFO#dde23164-2207-11f1-a1fb-eeee0a988291.OPERATION#flowable-async-job-executor-thread-71240#
[UploadAppStep] Uploading application "tutorial"...#
#2026 03 17 13:48:22.746#Z#DEBUG#dde23164-2207-11f1-a1fb-eeee0a988291.OPERATION#flowable-async-job-executor-thread-71240#
[UploadAppStep] Getting application "tutorial"...#
#2026 03 17 13:48:22.803#Z#DEBUG#dde23164-2207-11f1-a1fb-eeee0a988291.OPERATION#flowable-async-job-executor-thread-71240#
[UploadAppStep] Getting environment of application "d8fab115-9946-497e-818d-add170ae4d9f"...#
#2026 03 17 13:48:22.850#Z#INFO#dde23164-2207-11f1-a1fb-eeee0a988291.OPERATION#flowable-async-job-executor-thread-71240#
[UploadAppStep] Calculating application digest: "tutorial"#
#2026 03 17 13:48:22.906#Z#DEBUG#dde23164-2207-11f1-a1fb-eeee0a988291.OPERATION#flowable-async-job-executor-thread-71240#
Step "Upload App" finished#
#2026 03 17 13:48:21.150#Z#DEBUG#dde23164-2207-11f1-a1fb-eeee0a988291.OPERATION#flowable-async-job-executor-thread-72758#
[UploadAppStep] Executing task "uploadAppTask" of process "f5d999b7-2207-11f1-a4bc-eeee0a87df33"...#
#2026 03 17 13:48:21.156#Z#DEBUG#dde23164-2207-11f1-a1fb-eeee0a988291.OPERATION#flowable-async-job-executor-thread-72758#
[UploadAppStep] Application upload timeout is default one: 3,600 seconds#
#2026 03 17 13:48:21.156#Z#INFO#dde23164-2207-11f1-a1fb-eeee0a988291.OPERATION#flowable-async-job-executor-thread-72758#
[UploadAppStep] Uploading application "tutorial-srv"...#
#2026 03 17 13:48:21.166#Z#DEBUG#dde23164-2207-11f1-a1fb-eeee0a988291.OPERATION#flowable-async-job-executor-thread-72758#
[UploadAppStep] Getting application "tutorial-srv"...#
#2026 03 17 13:48:21.221#Z#DEBUG#dde23164-2207-11f1-a1fb-eeee0a988291.OPERATION#flowable-async-job-executor-thread-72758#
[UploadAppStep] Getting environment of application "0f5b824e-db22-40f0-abab-31460280faf8"...#
#2026 03 17 13:48:21.270#Z#INFO#dde23164-2207-11f1-a1fb-eeee0a988291.OPERATION#flowable-async-job-executor-thread-72758#
[UploadAppStep] Calculating application digest: "tutorial-srv"#
#2026 03 17 13:48:23.138#Z#DEBUG#dde23164-2207-11f1-a1fb-eeee0a988291.OPERATION#flowable-async-job-executor-thread-72758#
Step "Upload App" finished#
#2026 03 17 13:48:31.181#Z#DEBUG#dde23164-2207-11f1-a1fb-eeee0a988291.OPERATION#flowable-async-job-executor-thread-72791#
[UploadAppStep] Executing task "uploadAppTask" of process "f6cf9276-2207-11f1-b67d-eeee0a8eeeea"...#
#2026 03 17 13:48:31.189#Z#DEBUG#dde23164-2207-11f1-a1fb-eeee0a988291.OPERATION#flowable-async-job-executor-thread-72791#
[UploadAppStep] Application upload timeout is default one: 3,600 seconds#
#2026 03 17 13:48:31.191#Z#DEBUG#dde23164-2207-11f1-a1fb-eeee0a988291.OPERATION#pool-20-thread-5#
[UploadAppStep] Upload of application: tutorial started on instance: 6#
#2026 03 17 13:48:31.191#Z#DEBUG#dde23164-2207-11f1-a1fb-eeee0a988291.OPERATION#pool-20-thread-5#
[UploadAppStep] Uploading file "tutorial/data.zip" for application "tutorial"#
#2026 03 17 13:48:31.223#Z#INFO#dde23164-2207-11f1-a1fb-eeee0a988291.OPERATION#pool-20-thread-5#
[UploadAppStep] Time elapsed for app binary download: 32 in millis#
#2026 03 17 13:48:31.223#Z#INFO#dde23164-2207-11f1-a1fb-eeee0a988291.OPERATION#pool-20-thread-5#
[UploadAppStep] Size of app tutorial is 773 bytes#
#2026 03 17 13:48:31.223#Z#DEBUG#dde23164-2207-11f1-a1fb-eeee0a988291.OPERATION#pool-20-thread-5#
[UploadAppStep] Asynchronously uploading binaries for application "tutorial"...#
#2026 03 17 13:48:31.464#Z#INFO#dde23164-2207-11f1-a1fb-eeee0a988291.OPERATION#pool-20-thread-5#
[UploadAppStep] Started async upload of application "tutorial"#
#2026 03 17 13:48:31.473#Z#INFO#dde23164-2207-11f1-a1fb-eeee0a988291.OPERATION#flowable-async-job-executor-thread-72791#
[UploadAppStep] Time elapsed for upload: 283 in millis#
#2026 03 17 13:48:31.474#Z#DEBUG#dde23164-2207-11f1-a1fb-eeee0a988291.OPERATION#flowable-async-job-executor-thread-72791#
[UploadAppStep] Getting application "tutorial"...#
#2026 03 17 13:48:31.499#Z#DEBUG#dde23164-2207-11f1-a1fb-eeee0a988291.OPERATION#App upload monitor: 9d9c6160-4f6c-4b06-a29b-ab3b5f471e93#
[UploadAppStep] Upload status: PROCESSING_UPLOAD#
#2026 03 17 13:48:31.527#Z#DEBUG#dde23164-2207-11f1-a1fb-eeee0a988291.OPERATION#flowable-async-job-executor-thread-72791#
[UploadAppStep] Getting environment of application "d8fab115-9946-497e-818d-add170ae4d9f"...#
#2026 03 17 13:48:31.591#Z#DEBUG#dde23164-2207-11f1-a1fb-eeee0a988291.OPERATION#flowable-async-job-executor-thread-72791#
[UploadAppStep] Updating environment of application "tutorial"#
#2026 03 17 13:48:31.715#Z#DEBUG#dde23164-2207-11f1-a1fb-eeee0a988291.OPERATION#flowable-async-job-executor-thread-72791#
Step "Upload App" finished#
#2026 03 17 13:48:31.271#Z#DEBUG#dde23164-2207-11f1-a1fb-eeee0a988291.OPERATION#flowable-async-job-executor-thread-65870#
[UploadAppStep] Executing task "uploadAppTask" of process "f5e4bd5d-2207-11f1-a1ae-eeee0a91d01a"...#
#2026 03 17 13:48:31.287#Z#DEBUG#dde23164-2207-11f1-a1fb-eeee0a988291.OPERATION#flowable-async-job-executor-thread-65870#
[UploadAppStep] Application upload timeout is default one: 3,600 seconds#
#2026 03 17 13:48:31.292#Z#DEBUG#dde23164-2207-11f1-a1fb-eeee0a988291.OPERATION#pool-20-thread-3#
[UploadAppStep] Upload of application: tutorial-db-deployer started on instance: 5#
#2026 03 17 13:48:31.292#Z#DEBUG#dde23164-2207-11f1-a1fb-eeee0a988291.OPERATION#pool-20-thread-3#
[UploadAppStep] Uploading file "tutorial-db-deployer/data.zip" for application "tutorial-db-deployer"#
#2026 03 17 13:48:31.562#Z#INFO#dde23164-2207-11f1-a1fb-eeee0a988291.OPERATION#pool-20-thread-3#
[UploadAppStep] Time elapsed for app binary download: 269 in millis#
#2026 03 17 13:48:31.563#Z#INFO#dde23164-2207-11f1-a1fb-eeee0a988291.OPERATION#pool-20-thread-3#
[UploadAppStep] Size of app tutorial-db-deployer is 2,413,165 bytes#
#2026 03 17 13:48:31.563#Z#DEBUG#dde23164-2207-11f1-a1fb-eeee0a988291.OPERATION#pool-20-thread-3#
[UploadAppStep] Asynchronously uploading binaries for application "tutorial-db-deployer"...#
#2026 03 17 13:48:32.050#Z#INFO#dde23164-2207-11f1-a1fb-eeee0a988291.OPERATION#pool-20-thread-3#
[UploadAppStep] Started async upload of application "tutorial-db-deployer"#
#2026 03 17 13:48:32.062#Z#INFO#dde23164-2207-11f1-a1fb-eeee0a988291.OPERATION#flowable-async-job-executor-thread-65870#
[UploadAppStep] Time elapsed for upload: 774 in millis#
#2026 03 17 13:48:32.062#Z#DEBUG#dde23164-2207-11f1-a1fb-eeee0a988291.OPERATION#flowable-async-job-executor-thread-65870#
[UploadAppStep] Getting application "tutorial-db-deployer"...#
#2026 03 17 13:48:32.095#Z#DEBUG#dde23164-2207-11f1-a1fb-eeee0a988291.OPERATION#App upload monitor: 31226ded-a7a4-4093-b85a-2b15486057b8#
[UploadAppStep] Upload status: PROCESSING_UPLOAD#
#2026 03 17 13:48:32.113#Z#DEBUG#dde23164-2207-11f1-a1fb-eeee0a988291.OPERATION#flowable-async-job-executor-thread-65870#
[UploadAppStep] Getting environment of application "547a7e90-00f1-4690-a147-5a07cb11b23a"...#
#2026 03 17 13:48:32.159#Z#DEBUG#dde23164-2207-11f1-a1fb-eeee0a988291.OPERATION#flowable-async-job-executor-thread-65870#
[UploadAppStep] Updating environment of application "tutorial-db-deployer"#
#2026 03 17 13:48:32.291#Z#DEBUG#dde23164-2207-11f1-a1fb-eeee0a988291.OPERATION#flowable-async-job-executor-thread-65870#
Step "Upload App" finished#
#2026 03 17 13:48:36.546#Z#DEBUG#dde23164-2207-11f1-a1fb-eeee0a988291.OPERATION#App upload monitor: 9d9c6160-4f6c-4b06-a29b-ab3b5f471e93#
[UploadAppStep] Upload status: READY#
#2026 03 17 13:48:37.131#Z#DEBUG#dde23164-2207-11f1-a1fb-eeee0a988291.OPERATION#App upload monitor: 31226ded-a7a4-4093-b85a-2b15486057b8#
[UploadAppStep] Upload status: READY#
#2026 03 17 13:48:30.868#Z#DEBUG#dde23164-2207-11f1-a1fb-eeee0a988291.OPERATION#flowable-async-job-executor-thread-76815#
[UploadAppStep] Executing task "uploadAppTask" of process "f5d999b7-2207-11f1-a4bc-eeee0a87df33"...#
#2026 03 17 13:48:30.874#Z#DEBUG#dde23164-2207-11f1-a1fb-eeee0a988291.OPERATION#flowable-async-job-executor-thread-76815#
[UploadAppStep] Application upload timeout is default one: 3,600 seconds#
#2026 03 17 13:48:30.877#Z#DEBUG#dde23164-2207-11f1-a1fb-eeee0a988291.OPERATION#pool-20-thread-6#
[UploadAppStep] Upload of application: tutorial-srv started on instance: 3#
#2026 03 17 13:48:30.877#Z#DEBUG#dde23164-2207-11f1-a1fb-eeee0a988291.OPERATION#pool-20-thread-6#
[UploadAppStep] Uploading file "tutorial-srv/data.zip" for application "tutorial-srv"#
#2026 03 17 13:48:32.584#Z#INFO#dde23164-2207-11f1-a1fb-eeee0a988291.OPERATION#pool-20-thread-6#
[UploadAppStep] Time elapsed for app binary download: 1,706 in millis#
#2026 03 17 13:48:32.584#Z#INFO#dde23164-2207-11f1-a1fb-eeee0a988291.OPERATION#pool-20-thread-6#
[UploadAppStep] Size of app tutorial-srv is 80,812,513 bytes#
#2026 03 17 13:48:32.584#Z#DEBUG#dde23164-2207-11f1-a1fb-eeee0a988291.OPERATION#pool-20-thread-6#
[UploadAppStep] Asynchronously uploading binaries for application "tutorial-srv"...#
#2026 03 17 13:48:38.729#Z#INFO#dde23164-2207-11f1-a1fb-eeee0a988291.OPERATION#pool-20-thread-6#
[UploadAppStep] Started async upload of application "tutorial-srv"#
#2026 03 17 13:48:38.737#Z#INFO#dde23164-2207-11f1-a1fb-eeee0a988291.OPERATION#flowable-async-job-executor-thread-76815#
[UploadAppStep] Time elapsed for upload: 7,862 in millis#
#2026 03 17 13:48:38.737#Z#DEBUG#dde23164-2207-11f1-a1fb-eeee0a988291.OPERATION#flowable-async-job-executor-thread-76815#
[UploadAppStep] Getting application "tutorial-srv"...#
#2026 03 17 13:48:38.790#Z#DEBUG#dde23164-2207-11f1-a1fb-eeee0a988291.OPERATION#App upload monitor: 074f3983-13e2-40bd-ab5e-7cd0ad9002fc#
[UploadAppStep] Upload status: PROCESSING_UPLOAD#
#2026 03 17 13:48:38.797#Z#DEBUG#dde23164-2207-11f1-a1fb-eeee0a988291.OPERATION#flowable-async-job-executor-thread-76815#
[UploadAppStep] Getting environment of application "0f5b824e-db22-40f0-abab-31460280faf8"...#
#2026 03 17 13:48:38.844#Z#DEBUG#dde23164-2207-11f1-a1fb-eeee0a988291.OPERATION#flowable-async-job-executor-thread-76815#
[UploadAppStep] Updating environment of application "tutorial-srv"#
#2026 03 17 13:48:38.954#Z#DEBUG#dde23164-2207-11f1-a1fb-eeee0a988291.OPERATION#flowable-async-job-executor-thread-76815#
Step "Upload App" finished#
#2026 03 17 13:48:41.216#Z#DEBUG#dde23164-2207-11f1-a1fb-eeee0a988291.OPERATION#flowable-async-job-executor-thread-76846#
[UploadAppStep] Executing task "uploadAppTask" of process "f6cf9276-2207-11f1-b67d-eeee0a8eeeea"...#
#2026 03 17 13:48:41.220#Z#DEBUG#dde23164-2207-11f1-a1fb-eeee0a988291.OPERATION#flowable-async-job-executor-thread-76846#
[UploadAppStep] Application upload timeout is default one: 3,600 seconds#
#2026 03 17 13:48:41.220#Z#DEBUG#dde23164-2207-11f1-a1fb-eeee0a988291.OPERATION#flowable-async-job-executor-thread-76846#
[UploadAppStep] Checking upload status of application "tutorial"...#
#2026 03 17 13:48:41.220#Z#DEBUG#dde23164-2207-11f1-a1fb-eeee0a988291.OPERATION#flowable-async-job-executor-thread-76846#
[UploadAppStep] Getting package "9d9c6160-4f6c-4b06-a29b-ab3b5f471e93"...#
#2026 03 17 13:48:41.255#Z#DEBUG#dde23164-2207-11f1-a1fb-eeee0a988291.OPERATION#flowable-async-job-executor-thread-76846#
[UploadAppStep] Application "tutorial" uploaded#
#2026 03 17 13:48:41.260#Z#DEBUG#dde23164-2207-11f1-a1fb-eeee0a988291.OPERATION#flowable-async-job-executor-thread-76846#
Step "Upload App" finished#
#2026 03 17 13:48:41.261#Z#DEBUG#dde23164-2207-11f1-a1fb-eeee0a988291.OPERATION#flowable-async-job-executor-thread-65937#
[UploadAppStep] Executing task "uploadAppTask" of process "f5e4bd5d-2207-11f1-a1ae-eeee0a91d01a"...#
#2026 03 17 13:48:41.267#Z#DEBUG#dde23164-2207-11f1-a1fb-eeee0a988291.OPERATION#flowable-async-job-executor-thread-65937#
[UploadAppStep] Application upload timeout is default one: 3,600 seconds#
#2026 03 17 13:48:41.268#Z#DEBUG#dde23164-2207-11f1-a1fb-eeee0a988291.OPERATION#flowable-async-job-executor-thread-65937#
[UploadAppStep] Checking upload status of application "tutorial-db-deployer"...#
#2026 03 17 13:48:41.268#Z#DEBUG#dde23164-2207-11f1-a1fb-eeee0a988291.OPERATION#flowable-async-job-executor-thread-65937#
[UploadAppStep] Getting package "31226ded-a7a4-4093-b85a-2b15486057b8"...#
#2026 03 17 13:48:41.305#Z#DEBUG#dde23164-2207-11f1-a1fb-eeee0a988291.OPERATION#flowable-async-job-executor-thread-65937#
[UploadAppStep] Application "tutorial-db-deployer" uploaded#
#2026 03 17 13:48:41.309#Z#DEBUG#dde23164-2207-11f1-a1fb-eeee0a988291.OPERATION#flowable-async-job-executor-thread-65937#
Step "Upload App" finished#
#2026 03 17 13:48:41.340#Z#DEBUG#dde23164-2207-11f1-a1fb-eeee0a988291.OPERATION#flowable-async-job-executor-thread-76856#
[ScaleAppStep] Executing task "scaleAppTask" of process "f6cf9276-2207-11f1-b67d-eeee0a8eeeea"...#
#2026 03 17 13:48:41.344#Z#DEBUG#dde23164-2207-11f1-a1fb-eeee0a988291.OPERATION#flowable-async-job-executor-thread-76856#
[ScaleAppStep] Scaling application "tutorial"...#
#2026 03 17 13:48:41.344#Z#DEBUG#dde23164-2207-11f1-a1fb-eeee0a988291.OPERATION#flowable-async-job-executor-thread-76856#
[ScaleAppStep] Application "tutorial" scaled#
#2026 03 17 13:48:41.344#Z#DEBUG#dde23164-2207-11f1-a1fb-eeee0a988291.OPERATION#flowable-async-job-executor-thread-76856#
Step "Scale App" finished#
#2026 03 17 13:48:41.417#Z#DEBUG#dde23164-2207-11f1-a1fb-eeee0a988291.OPERATION#flowable-async-job-executor-thread-65940#
[ScaleAppStep] Executing task "scaleAppTask" of process "f5e4bd5d-2207-11f1-a1ae-eeee0a91d01a"...#
#2026 03 17 13:48:41.420#Z#DEBUG#dde23164-2207-11f1-a1fb-eeee0a988291.OPERATION#flowable-async-job-executor-thread-65940#
[ScaleAppStep] Scaling application "tutorial-db-deployer"...#
#2026 03 17 13:48:41.420#Z#DEBUG#dde23164-2207-11f1-a1fb-eeee0a988291.OPERATION#flowable-async-job-executor-thread-65940#
[ScaleAppStep] Application "tutorial-db-deployer" scaled#
#2026 03 17 13:48:41.420#Z#DEBUG#dde23164-2207-11f1-a1fb-eeee0a988291.OPERATION#flowable-async-job-executor-thread-65940#
Step "Scale App" finished#
#2026 03 17 13:48:41.483#Z#DEBUG#dde23164-2207-11f1-a1fb-eeee0a988291.OPERATION#flowable-async-job-executor-thread-76861#
[DetermineDesiredStateAchievingActionsStep] Executing task "determineDesiredStateAchievingActionsTask" of process "f6cf9276-2207-11f1-b67d-eeee0a8eeeea"...#
#2026 03 17 13:48:41.485#Z#DEBUG#dde23164-2207-11f1-a1fb-eeee0a988291.OPERATION#flowable-async-job-executor-thread-76861#
[DetermineDesiredStateAchievingActionsStep] Getting application "tutorial"...#
#2026 03 17 13:48:41.541#Z#DEBUG#dde23164-2207-11f1-a1fb-eeee0a988291.OPERATION#flowable-async-job-executor-thread-76861#
[DetermineDesiredStateAchievingActionsStep] Getting instances for application "tutorial"...#
#2026 03 17 13:48:41.541#Z#DEBUG#dde23164-2207-11f1-a1fb-eeee0a988291.OPERATION#flowable-async-job-executor-thread-76861#
[DetermineDesiredStateAchievingActionsStep] Getting environment of application "d8fab115-9946-497e-818d-add170ae4d9f"...#
#2026 03 17 13:48:41.591#Z#DEBUG#dde23164-2207-11f1-a1fb-eeee0a988291.OPERATION#flowable-async-job-executor-thread-76861#
[DetermineDesiredStateAchievingActionsStep] Current state of application tutorial: STOPPED#
#2026 03 17 13:48:41.591#Z#DEBUG#dde23164-2207-11f1-a1fb-eeee0a988291.OPERATION#flowable-async-job-executor-thread-76861#
[DetermineDesiredStateAchievingActionsStep] Desired state of application tutorial: STARTED#
#2026 03 17 13:48:41.591#Z#DEBUG#dde23164-2207-11f1-a1fb-eeee0a988291.OPERATION#flowable-async-job-executor-thread-76861#
[DetermineDesiredStateAchievingActionsStep] Actions that should be executed on application tutorial: [STAGE, START]#
#2026 03 17 13:48:41.591#Z#DEBUG#dde23164-2207-11f1-a1fb-eeee0a988291.OPERATION#flowable-async-job-executor-thread-76861#
Step "Determine Desired State Achieving Actions" finished#
#2026 03 17 13:48:41.517#Z#DEBUG#dde23164-2207-11f1-a1fb-eeee0a988291.OPERATION#flowable-async-job-executor-thread-65941#
[DetermineDesiredStateAchievingActionsStep] Executing task "determineDesiredStateAchievingActionsTask" of process "f5e4bd5d-2207-11f1-a1ae-eeee0a91d01a"...#
#2026 03 17 13:48:41.519#Z#DEBUG#dde23164-2207-11f1-a1fb-eeee0a988291.OPERATION#flowable-async-job-executor-thread-65941#
[DetermineDesiredStateAchievingActionsStep] Getting application "tutorial-db-deployer"...#
#2026 03 17 13:48:41.577#Z#DEBUG#dde23164-2207-11f1-a1fb-eeee0a988291.OPERATION#flowable-async-job-executor-thread-65941#
[DetermineDesiredStateAchievingActionsStep] Getting instances for application "tutorial-db-deployer"...#
#2026 03 17 13:48:41.577#Z#DEBUG#dde23164-2207-11f1-a1fb-eeee0a988291.OPERATION#flowable-async-job-executor-thread-65941#
[DetermineDesiredStateAchievingActionsStep] Getting environment of application "547a7e90-00f1-4690-a147-5a07cb11b23a"...#
#2026 03 17 13:48:41.622#Z#DEBUG#dde23164-2207-11f1-a1fb-eeee0a988291.OPERATION#flowable-async-job-executor-thread-65941#
[DetermineDesiredStateAchievingActionsStep] Current state of application tutorial-db-deployer: STOPPED#
#2026 03 17 13:48:41.622#Z#DEBUG#dde23164-2207-11f1-a1fb-eeee0a988291.OPERATION#flowable-async-job-executor-thread-65941#
[DetermineDesiredStateAchievingActionsStep] Desired state of application tutorial-db-deployer: STOPPED#
#2026 03 17 13:48:41.622#Z#DEBUG#dde23164-2207-11f1-a1fb-eeee0a988291.OPERATION#flowable-async-job-executor-thread-65941#
[DetermineDesiredStateAchievingActionsStep] Actions that should be executed on application tutorial-db-deployer: [STAGE]#
#2026 03 17 13:48:41.622#Z#DEBUG#dde23164-2207-11f1-a1fb-eeee0a988291.OPERATION#flowable-async-job-executor-thread-65941#
Step "Determine Desired State Achieving Actions" finished#
#2026 03 17 13:48:41.742#Z#DEBUG#dde23164-2207-11f1-a1fb-eeee0a988291.OPERATION#flowable-async-job-executor-thread-65944#
[StageAppStep] Executing task "stageAppTask" of process "f5e4bd5d-2207-11f1-a1ae-eeee0a91d01a"...#
#2026 03 17 13:48:41.750#Z#DEBUG#dde23164-2207-11f1-a1fb-eeee0a988291.OPERATION#flowable-async-job-executor-thread-65944#
[StageAppStep] Application stage timeout is default one: 3,600 seconds#
#2026 03 17 13:48:41.755#Z#INFO#dde23164-2207-11f1-a1fb-eeee0a988291.OPERATION#flowable-async-job-executor-thread-65944#
[StageAppStep] Staging application "tutorial-db-deployer"...#
#2026 03 17 13:48:41.767#Z#DEBUG#dde23164-2207-11f1-a1fb-eeee0a988291.OPERATION#flowable-async-job-executor-thread-65944#
[StageAppStep] Creating build for package "31226ded-a7a4-4093-b85a-2b15486057b8"...#
#2026 03 17 13:48:42.567#Z#DEBUG#dde23164-2207-11f1-a1fb-eeee0a988291.OPERATION#flowable-async-job-executor-thread-65944#
Step "Stage App" finished#
#2026 03 17 13:48:41.728#Z#DEBUG#dde23164-2207-11f1-a1fb-eeee0a988291.OPERATION#flowable-async-job-executor-thread-76872#
[StageAppStep] Executing task "stageAppTask" of process "f6cf9276-2207-11f1-b67d-eeee0a8eeeea"...#
#2026 03 17 13:48:41.737#Z#DEBUG#dde23164-2207-11f1-a1fb-eeee0a988291.OPERATION#flowable-async-job-executor-thread-76872#
[StageAppStep] Application stage timeout is default one: 3,600 seconds#
#2026 03 17 13:48:41.740#Z#INFO#dde23164-2207-11f1-a1fb-eeee0a988291.OPERATION#flowable-async-job-executor-thread-76872#
[StageAppStep] Staging application "tutorial"...#
#2026 03 17 13:48:41.770#Z#DEBUG#dde23164-2207-11f1-a1fb-eeee0a988291.OPERATION#flowable-async-job-executor-thread-76872#
[StageAppStep] Creating build for package "9d9c6160-4f6c-4b06-a29b-ab3b5f471e93"...#
#2026 03 17 13:48:42.663#Z#DEBUG#dde23164-2207-11f1-a1fb-eeee0a988291.OPERATION#flowable-async-job-executor-thread-76872#
Step "Stage App" finished#
#2026 03 17 13:48:43.837#Z#DEBUG#dde23164-2207-11f1-a1fb-eeee0a988291.OPERATION#App upload monitor: 074f3983-13e2-40bd-ab5e-7cd0ad9002fc#
[UploadAppStep] Upload status: PROCESSING_UPLOAD#
#2026 03 17 13:48:48.880#Z#DEBUG#dde23164-2207-11f1-a1fb-eeee0a988291.OPERATION#App upload monitor: 074f3983-13e2-40bd-ab5e-7cd0ad9002fc#
[UploadAppStep] Upload status: READY#
#2026 03 17 13:48:51.610#Z#DEBUG#dde23164-2207-11f1-a1fb-eeee0a988291.OPERATION#flowable-async-job-executor-thread-65969#
[StageAppStep] Executing task "stageAppTask" of process "f6cf9276-2207-11f1-b67d-eeee0a8eeeea"...#
#2026 03 17 13:48:51.615#Z#DEBUG#dde23164-2207-11f1-a1fb-eeee0a988291.OPERATION#flowable-async-job-executor-thread-65969#
[StageAppStep] Application stage timeout is default one: 3,600 seconds#
#2026 03 17 13:48:51.615#Z#DEBUG#dde23164-2207-11f1-a1fb-eeee0a988291.OPERATION#flowable-async-job-executor-thread-65969#
[StageAppStep] Checking status of application "tutorial"...#
#2026 03 17 13:48:51.615#Z#DEBUG#dde23164-2207-11f1-a1fb-eeee0a988291.OPERATION#flowable-async-job-executor-thread-65969#
[StageAppStep] Getting build "a9a47240-eae1-4f41-abd6-41ddd65f3ad7"...#
#2026 03 17 13:48:51.709#Z#DEBUG#dde23164-2207-11f1-a1fb-eeee0a988291.OPERATION#flowable-async-job-executor-thread-65969#
[StageAppStep] Staging status of application "tutorial": PENDING#
#2026 03 17 13:48:51.711#Z#DEBUG#dde23164-2207-11f1-a1fb-eeee0a988291.OPERATION#flowable-async-job-executor-thread-65969#
[StageAppStep] Getting application guid "tutorial"...#
#2026 03 17 13:48:51.857#Z#DEBUG#dde23164-2207-11f1-a1fb-eeee0a988291.OPERATION#flowable-async-job-executor-thread-65969#
Step "Stage App" finished#
#2026 03 17 13:48:51.840#Z#DEBUG#dde23164-2207-11f1-a1fb-eeee0a988291.OPERATION#flowable-async-job-executor-thread-72108#
[UploadAppStep] Executing task "uploadAppTask" of process "f5d999b7-2207-11f1-a4bc-eeee0a87df33"...#
#2026 03 17 13:48:51.843#Z#DEBUG#dde23164-2207-11f1-a1fb-eeee0a988291.OPERATION#flowable-async-job-executor-thread-72108#
[UploadAppStep] Application upload timeout is default one: 3,600 seconds#
#2026 03 17 13:48:51.843#Z#DEBUG#dde23164-2207-11f1-a1fb-eeee0a988291.OPERATION#flowable-async-job-executor-thread-72108#
[UploadAppStep] Checking upload status of application "tutorial-srv"...#
#2026 03 17 13:48:51.843#Z#DEBUG#dde23164-2207-11f1-a1fb-eeee0a988291.OPERATION#flowable-async-job-executor-thread-72108#
[UploadAppStep] Getting package "074f3983-13e2-40bd-ab5e-7cd0ad9002fc"...#
#2026 03 17 13:48:51.977#Z#DEBUG#dde23164-2207-11f1-a1fb-eeee0a988291.OPERATION#flowable-async-job-executor-thread-72108#
[UploadAppStep] Application "tutorial-srv" uploaded#
#2026 03 17 13:48:51.979#Z#DEBUG#dde23164-2207-11f1-a1fb-eeee0a988291.OPERATION#flowable-async-job-executor-thread-72108#
Step "Upload App" finished#
#2026 03 17 13:48:52.029#Z#DEBUG#dde23164-2207-11f1-a1fb-eeee0a988291.OPERATION#flowable-async-job-executor-thread-72110#
[ScaleAppStep] Executing task "scaleAppTask" of process "f5d999b7-2207-11f1-a4bc-eeee0a87df33"...#
#2026 03 17 13:48:52.030#Z#DEBUG#dde23164-2207-11f1-a1fb-eeee0a988291.OPERATION#flowable-async-job-executor-thread-72110#
[ScaleAppStep] Scaling application "tutorial-srv"...#
#2026 03 17 13:48:52.030#Z#DEBUG#dde23164-2207-11f1-a1fb-eeee0a988291.OPERATION#flowable-async-job-executor-thread-72110#
[ScaleAppStep] Application "tutorial-srv" scaled#
#2026 03 17 13:48:52.030#Z#DEBUG#dde23164-2207-11f1-a1fb-eeee0a988291.OPERATION#flowable-async-job-executor-thread-72110#
Step "Scale App" finished#
#2026 03 17 13:48:51.787#Z#DEBUG#dde23164-2207-11f1-a1fb-eeee0a988291.OPERATION#flowable-async-job-executor-thread-61936#
[StageAppStep] Executing task "stageAppTask" of process "f5e4bd5d-2207-11f1-a1ae-eeee0a91d01a"...#
#2026 03 17 13:48:51.792#Z#DEBUG#dde23164-2207-11f1-a1fb-eeee0a988291.OPERATION#flowable-async-job-executor-thread-61936#
[StageAppStep] Application stage timeout is default one: 3,600 seconds#
#2026 03 17 13:48:51.792#Z#DEBUG#dde23164-2207-11f1-a1fb-eeee0a988291.OPERATION#flowable-async-job-executor-thread-61936#
[StageAppStep] Checking status of application "tutorial-db-deployer"...#
#2026 03 17 13:48:51.792#Z#DEBUG#dde23164-2207-11f1-a1fb-eeee0a988291.OPERATION#flowable-async-job-executor-thread-61936#
[StageAppStep] Getting build "39a507a8-c950-4570-bd60-92979526177b"...#
#2026 03 17 13:48:51.907#Z#DEBUG#dde23164-2207-11f1-a1fb-eeee0a988291.OPERATION#flowable-async-job-executor-thread-61936#
[StageAppStep] Staging status of application "tutorial-db-deployer": PENDING#
#2026 03 17 13:48:51.908#Z#DEBUG#dde23164-2207-11f1-a1fb-eeee0a988291.OPERATION#flowable-async-job-executor-thread-61936#
[StageAppStep] Getting application guid "tutorial-db-deployer"...#
#2026 03 17 13:48:52.055#Z#DEBUG#dde23164-2207-11f1-a1fb-eeee0a988291.OPERATION#flowable-async-job-executor-thread-61936#
Step "Stage App" finished#
#2026 03 17 13:48:52.078#Z#DEBUG#dde23164-2207-11f1-a1fb-eeee0a988291.OPERATION#flowable-async-job-executor-thread-72112#
[DetermineDesiredStateAchievingActionsStep] Executing task "determineDesiredStateAchievingActionsTask" of process "f5d999b7-2207-11f1-a4bc-eeee0a87df33"...#
#2026 03 17 13:48:52.080#Z#DEBUG#dde23164-2207-11f1-a1fb-eeee0a988291.OPERATION#flowable-async-job-executor-thread-72112#
[DetermineDesiredStateAchievingActionsStep] Getting application "tutorial-srv"...#
#2026 03 17 13:48:52.137#Z#DEBUG#dde23164-2207-11f1-a1fb-eeee0a988291.OPERATION#flowable-async-job-executor-thread-72112#
[DetermineDesiredStateAchievingActionsStep] Getting instances for application "tutorial-srv"...#
#2026 03 17 13:48:52.137#Z#DEBUG#dde23164-2207-11f1-a1fb-eeee0a988291.OPERATION#flowable-async-job-executor-thread-72112#
[DetermineDesiredStateAchievingActionsStep] Getting environment of application "0f5b824e-db22-40f0-abab-31460280faf8"...#
#2026 03 17 13:48:52.197#Z#DEBUG#dde23164-2207-11f1-a1fb-eeee0a988291.OPERATION#flowable-async-job-executor-thread-72112#
[DetermineDesiredStateAchievingActionsStep] Current state of application tutorial-srv: STOPPED#
#2026 03 17 13:48:52.197#Z#DEBUG#dde23164-2207-11f1-a1fb-eeee0a988291.OPERATION#flowable-async-job-executor-thread-72112#
[DetermineDesiredStateAchievingActionsStep] Desired state of application tutorial-srv: STARTED#
#2026 03 17 13:48:52.197#Z#DEBUG#dde23164-2207-11f1-a1fb-eeee0a988291.OPERATION#flowable-async-job-executor-thread-72112#
[DetermineDesiredStateAchievingActionsStep] Actions that should be executed on application tutorial-srv: [STAGE, START]#
#2026 03 17 13:48:52.197#Z#DEBUG#dde23164-2207-11f1-a1fb-eeee0a988291.OPERATION#flowable-async-job-executor-thread-72112#
Step "Determine Desired State Achieving Actions" finished#
#2026 03 17 13:48:52.250#Z#DEBUG#dde23164-2207-11f1-a1fb-eeee0a988291.OPERATION#flowable-async-job-executor-thread-72113#
[StageAppStep] Executing task "stageAppTask" of process "f5d999b7-2207-11f1-a4bc-eeee0a87df33"...#
#2026 03 17 13:48:52.253#Z#DEBUG#dde23164-2207-11f1-a1fb-eeee0a988291.OPERATION#flowable-async-job-executor-thread-72113#
[StageAppStep] Application stage timeout is default one: 3,600 seconds#
#2026 03 17 13:48:52.254#Z#INFO#dde23164-2207-11f1-a1fb-eeee0a988291.OPERATION#flowable-async-job-executor-thread-72113#
[StageAppStep] Staging application "tutorial-srv"...#
#2026 03 17 13:48:52.262#Z#DEBUG#dde23164-2207-11f1-a1fb-eeee0a988291.OPERATION#flowable-async-job-executor-thread-72113#
[StageAppStep] Creating build for package "074f3983-13e2-40bd-ab5e-7cd0ad9002fc"...#
#2026 03 17 13:48:52.646#Z#DEBUG#dde23164-2207-11f1-a1fb-eeee0a988291.OPERATION#flowable-async-job-executor-thread-72113#
Step "Stage App" finished#
#2026 03 17 13:49:01.911#Z#DEBUG#dde23164-2207-11f1-a1fb-eeee0a988291.OPERATION#flowable-async-job-executor-thread-71370#
[StageAppStep] Executing task "stageAppTask" of process "f5d999b7-2207-11f1-a4bc-eeee0a87df33"...#
#2026 03 17 13:49:01.916#Z#DEBUG#dde23164-2207-11f1-a1fb-eeee0a988291.OPERATION#flowable-async-job-executor-thread-71370#
[StageAppStep] Application stage timeout is default one: 3,600 seconds#
#2026 03 17 13:49:01.916#Z#DEBUG#dde23164-2207-11f1-a1fb-eeee0a988291.OPERATION#flowable-async-job-executor-thread-71370#
[StageAppStep] Checking status of application "tutorial-srv"...#
#2026 03 17 13:49:01.916#Z#DEBUG#dde23164-2207-11f1-a1fb-eeee0a988291.OPERATION#flowable-async-job-executor-thread-71370#
[StageAppStep] Getting build "e74742c3-6c5d-488b-af97-38421e9d99c6"...#
#2026 03 17 13:49:01.963#Z#DEBUG#dde23164-2207-11f1-a1fb-eeee0a988291.OPERATION#flowable-async-job-executor-thread-71370#
[StageAppStep] Staging status of application "tutorial-srv": PENDING#
#2026 03 17 13:49:01.966#Z#DEBUG#dde23164-2207-11f1-a1fb-eeee0a988291.OPERATION#flowable-async-job-executor-thread-71370#
[StageAppStep] Getting application guid "tutorial-srv"...#
#2026 03 17 13:49:02.115#Z#DEBUG#dde23164-2207-11f1-a1fb-eeee0a988291.OPERATION#flowable-async-job-executor-thread-71370#
Step "Stage App" finished#
#2026 03 17 13:49:02.055#Z#DEBUG#dde23164-2207-11f1-a1fb-eeee0a988291.OPERATION#flowable-async-job-executor-thread-76927#
[StageAppStep] Executing task "stageAppTask" of process "f6cf9276-2207-11f1-b67d-eeee0a8eeeea"...#
#2026 03 17 13:49:02.059#Z#DEBUG#dde23164-2207-11f1-a1fb-eeee0a988291.OPERATION#flowable-async-job-executor-thread-76927#
[StageAppStep] Application stage timeout is default one: 3,600 seconds#
#2026 03 17 13:49:02.059#Z#DEBUG#dde23164-2207-11f1-a1fb-eeee0a988291.OPERATION#flowable-async-job-executor-thread-76927#
[StageAppStep] Checking status of application "tutorial"...#
#2026 03 17 13:49:02.059#Z#DEBUG#dde23164-2207-11f1-a1fb-eeee0a988291.OPERATION#flowable-async-job-executor-thread-76927#
[StageAppStep] Getting build "a9a47240-eae1-4f41-abd6-41ddd65f3ad7"...#
#2026 03 17 13:49:02.101#Z#DEBUG#dde23164-2207-11f1-a1fb-eeee0a988291.OPERATION#flowable-async-job-executor-thread-76927#
[StageAppStep] Staging status of application "tutorial": PENDING#
#2026 03 17 13:49:02.103#Z#DEBUG#dde23164-2207-11f1-a1fb-eeee0a988291.OPERATION#flowable-async-job-executor-thread-76927#
[StageAppStep] Getting application guid "tutorial"...#
#2026 03 17 13:49:02.247#Z#DEBUG#dde23164-2207-11f1-a1fb-eeee0a988291.OPERATION#flowable-async-job-executor-thread-76927#
Step "Stage App" finished#
#2026 03 17 13:49:02.135#Z#DEBUG#dde23164-2207-11f1-a1fb-eeee0a988291.OPERATION#flowable-async-job-executor-thread-72934#
[StageAppStep] Executing task "stageAppTask" of process "f5e4bd5d-2207-11f1-a1ae-eeee0a91d01a"...#
#2026 03 17 13:49:02.139#Z#DEBUG#dde23164-2207-11f1-a1fb-eeee0a988291.OPERATION#flowable-async-job-executor-thread-72934#
[StageAppStep] Application stage timeout is default one: 3,600 seconds#
#2026 03 17 13:49:02.139#Z#DEBUG#dde23164-2207-11f1-a1fb-eeee0a988291.OPERATION#flowable-async-job-executor-thread-72934#
[StageAppStep] Checking status of application "tutorial-db-deployer"...#
#2026 03 17 13:49:02.139#Z#DEBUG#dde23164-2207-11f1-a1fb-eeee0a988291.OPERATION#flowable-async-job-executor-thread-72934#
[StageAppStep] Getting build "39a507a8-c950-4570-bd60-92979526177b"...#
#2026 03 17 13:49:02.185#Z#DEBUG#dde23164-2207-11f1-a1fb-eeee0a988291.OPERATION#flowable-async-job-executor-thread-72934#
[StageAppStep] Staging status of application "tutorial-db-deployer": PENDING#
#2026 03 17 13:49:02.187#Z#DEBUG#dde23164-2207-11f1-a1fb-eeee0a988291.OPERATION#flowable-async-job-executor-thread-72934#
[StageAppStep] Getting application guid "tutorial-db-deployer"...#
#2026 03 17 13:49:02.346#Z#DEBUG#dde23164-2207-11f1-a1fb-eeee0a988291.OPERATION#flowable-async-job-executor-thread-72934#
Step "Stage App" finished#
#2026 03 17 13:49:12.181#Z#DEBUG#dde23164-2207-11f1-a1fb-eeee0a988291.OPERATION#flowable-async-job-executor-thread-72955#
[StageAppStep] Executing task "stageAppTask" of process "f5d999b7-2207-11f1-a4bc-eeee0a87df33"...#
#2026 03 17 13:49:12.186#Z#DEBUG#dde23164-2207-11f1-a1fb-eeee0a988291.OPERATION#flowable-async-job-executor-thread-72955#
[StageAppStep] Application stage timeout is default one: 3,600 seconds#
#2026 03 17 13:49:12.186#Z#DEBUG#dde23164-2207-11f1-a1fb-eeee0a988291.OPERATION#flowable-async-job-executor-thread-72955#
[StageAppStep] Checking status of application "tutorial-srv"...#
#2026 03 17 13:49:12.186#Z#DEBUG#dde23164-2207-11f1-a1fb-eeee0a988291.OPERATION#flowable-async-job-executor-thread-72955#
[StageAppStep] Getting build "e74742c3-6c5d-488b-af97-38421e9d99c6"...#
#2026 03 17 13:49:12.234#Z#DEBUG#dde23164-2207-11f1-a1fb-eeee0a988291.OPERATION#flowable-async-job-executor-thread-72955#
[StageAppStep] Staging status of application "tutorial-srv": PENDING#
#2026 03 17 13:49:12.236#Z#DEBUG#dde23164-2207-11f1-a1fb-eeee0a988291.OPERATION#flowable-async-job-executor-thread-72955#
[StageAppStep] Getting application guid "tutorial-srv"...#
#2026 03 17 13:49:12.390#Z#DEBUG#dde23164-2207-11f1-a1fb-eeee0a988291.OPERATION#flowable-async-job-executor-thread-72955#
Step "Stage App" finished#
#2026 03 17 13:49:12.309#Z#DEBUG#dde23164-2207-11f1-a1fb-eeee0a988291.OPERATION#flowable-async-job-executor-thread-66357#
[StageAppStep] Executing task "stageAppTask" of process "f6cf9276-2207-11f1-b67d-eeee0a8eeeea"...#
#2026 03 17 13:49:12.314#Z#DEBUG#dde23164-2207-11f1-a1fb-eeee0a988291.OPERATION#flowable-async-job-executor-thread-66357#
[StageAppStep] Application stage timeout is default one: 3,600 seconds#
#2026 03 17 13:49:12.314#Z#DEBUG#dde23164-2207-11f1-a1fb-eeee0a988291.OPERATION#flowable-async-job-executor-thread-66357#
[StageAppStep] Checking status of application "tutorial"...#
#2026 03 17 13:49:12.314#Z#DEBUG#dde23164-2207-11f1-a1fb-eeee0a988291.OPERATION#flowable-async-job-executor-thread-66357#
[StageAppStep] Getting build "a9a47240-eae1-4f41-abd6-41ddd65f3ad7"...#
#2026 03 17 13:49:12.360#Z#DEBUG#dde23164-2207-11f1-a1fb-eeee0a988291.OPERATION#flowable-async-job-executor-thread-66357#
[StageAppStep] Staging status of application "tutorial": STAGED#
#2026 03 17 13:49:12.363#Z#DEBUG#dde23164-2207-11f1-a1fb-eeee0a988291.OPERATION#flowable-async-job-executor-thread-66357#
[StageAppStep] Getting application guid "tutorial"...#
#2026 03 17 13:49:12.541#Z#DEBUG#dde23164-2207-11f1-a1fb-eeee0a988291.OPERATION#flowable-async-job-executor-thread-66357#
[StageAppStep] Getting build "a9a47240-eae1-4f41-abd6-41ddd65f3ad7"...#
#2026 03 17 13:49:12.592#Z#DEBUG#dde23164-2207-11f1-a1fb-eeee0a988291.OPERATION#flowable-async-job-executor-thread-66357#
[StageAppStep] Binding droplet "82f2b46b-5e9b-4e34-9a2b-bf14748759ca" to application "d8fab115-9946-497e-818d-add170ae4d9f"...#
#2026 03 17 13:49:12.658#Z#INFO#dde23164-2207-11f1-a1fb-eeee0a988291.OPERATION#flowable-async-job-executor-thread-66357#
[StageAppStep] Application "tutorial" staged#
#2026 03 17 13:49:12.675#Z#DEBUG#dde23164-2207-11f1-a1fb-eeee0a988291.OPERATION#flowable-async-job-executor-thread-66357#
Step "Stage App" finished#
#2026 03 17 13:49:12.282#Z#DEBUG#dde23164-2207-11f1-a1fb-eeee0a988291.OPERATION#flowable-async-job-executor-thread-74777#
[StageAppStep] Executing task "stageAppTask" of process "f5e4bd5d-2207-11f1-a1ae-eeee0a91d01a"...#
#2026 03 17 13:49:12.293#Z#DEBUG#dde23164-2207-11f1-a1fb-eeee0a988291.OPERATION#flowable-async-job-executor-thread-74777#
[StageAppStep] Application stage timeout is default one: 3,600 seconds#
#2026 03 17 13:49:12.293#Z#DEBUG#dde23164-2207-11f1-a1fb-eeee0a988291.OPERATION#flowable-async-job-executor-thread-74777#
[StageAppStep] Checking status of application "tutorial-db-deployer"...#
#2026 03 17 13:49:12.293#Z#DEBUG#dde23164-2207-11f1-a1fb-eeee0a988291.OPERATION#flowable-async-job-executor-thread-74777#
[StageAppStep] Getting build "39a507a8-c950-4570-bd60-92979526177b"...#
#2026 03 17 13:49:12.340#Z#DEBUG#dde23164-2207-11f1-a1fb-eeee0a988291.OPERATION#flowable-async-job-executor-thread-74777#
[StageAppStep] Staging status of application "tutorial-db-deployer": STAGED#
#2026 03 17 13:49:12.342#Z#DEBUG#dde23164-2207-11f1-a1fb-eeee0a988291.OPERATION#flowable-async-job-executor-thread-74777#
[StageAppStep] Getting application guid "tutorial-db-deployer"...#
#2026 03 17 13:49:12.513#Z#DEBUG#dde23164-2207-11f1-a1fb-eeee0a988291.OPERATION#flowable-async-job-executor-thread-74777#
[StageAppStep] Getting build "39a507a8-c950-4570-bd60-92979526177b"...#
#2026 03 17 13:49:12.596#Z#DEBUG#dde23164-2207-11f1-a1fb-eeee0a988291.OPERATION#flowable-async-job-executor-thread-74777#
[StageAppStep] Binding droplet "3ee1dace-dd98-439c-ac1e-6c6e2ca8c95d" to application "547a7e90-00f1-4690-a147-5a07cb11b23a"...#
#2026 03 17 13:49:12.668#Z#INFO#dde23164-2207-11f1-a1fb-eeee0a988291.OPERATION#flowable-async-job-executor-thread-74777#
[StageAppStep] Application "tutorial-db-deployer" staged#
#2026 03 17 13:49:12.683#Z#DEBUG#dde23164-2207-11f1-a1fb-eeee0a988291.OPERATION#flowable-async-job-executor-thread-74777#
Step "Stage App" finished#
#2026 03 17 13:49:12.874#Z#DEBUG#dde23164-2207-11f1-a1fb-eeee0a988291.OPERATION#flowable-async-job-executor-thread-74798#
[PrepareToExecuteTasksStep] Executing task "prepareToExecuteTasksTask" of process "14b9802f-2208-11f1-8b08-eeee0a83d179"...#
#2026 03 17 13:49:12.878#Z#DEBUG#dde23164-2207-11f1-a1fb-eeee0a988291.OPERATION#flowable-async-job-executor-thread-74798#
Step "Prepare To Execute Tasks" finished#
#2026 03 17 13:49:12.936#Z#DEBUG#dde23164-2207-11f1-a1fb-eeee0a988291.OPERATION#flowable-async-job-executor-thread-74799#
[ExecuteTaskStep] Executing task "executeTaskTask" of process "14b9802f-2208-11f1-8b08-eeee0a83d179"...#
#2026 03 17 13:49:12.945#Z#DEBUG#dde23164-2207-11f1-a1fb-eeee0a988291.OPERATION#flowable-async-job-executor-thread-74799#
[ExecuteTaskStep] Application task execution timeout is default one: 43,200 seconds#
#2026 03 17 13:49:12.947#Z#INFO#dde23164-2207-11f1-a1fb-eeee0a988291.OPERATION#flowable-async-job-executor-thread-74799#
[ExecuteTaskStep] Executing task "deploy" on application "tutorial-db-deployer"...#
#2026 03 17 13:49:12.954#Z#DEBUG#dde23164-2207-11f1-a1fb-eeee0a988291.OPERATION#flowable-async-job-executor-thread-74799#
[ExecuteTaskStep] Running task on application "tutorial-db-deployer": {
  "name" : "deploy",
  "command" : "npm start",
  "limits" : {
    "memory" : 256
  }
}#
#2026 03 17 13:49:13.259#Z#DEBUG#dde23164-2207-11f1-a1fb-eeee0a988291.OPERATION#flowable-async-job-executor-thread-74799#
Step "Execute Task" finished#
#2026 03 17 13:49:12.785#Z#DEBUG#dde23164-2207-11f1-a1fb-eeee0a988291.OPERATION#flowable-async-job-executor-thread-66362#
[RestartAppStep] Executing task "startAppTask" of process "f6cf9276-2207-11f1-b67d-eeee0a8eeeea"...#
#2026 03 17 13:49:12.795#Z#DEBUG#dde23164-2207-11f1-a1fb-eeee0a988291.OPERATION#flowable-async-job-executor-thread-66362#
[RestartAppStep] Application start timeout is default one: 3,600 seconds#
#2026 03 17 13:49:12.797#Z#DEBUG#dde23164-2207-11f1-a1fb-eeee0a988291.OPERATION#flowable-async-job-executor-thread-66362#
[RestartAppStep] Getting application "tutorial"...#
#2026 03 17 13:49:12.902#Z#INFO#dde23164-2207-11f1-a1fb-eeee0a988291.OPERATION#flowable-async-job-executor-thread-66362#
[RestartAppStep] Starting application "tutorial"...#
#2026 03 17 13:49:12.972#Z#DEBUG#dde23164-2207-11f1-a1fb-eeee0a988291.OPERATION#flowable-async-job-executor-thread-66362#
[RestartAppStep] Starting application "tutorial"...#
#2026 03 17 13:49:13.333#Z#DEBUG#dde23164-2207-11f1-a1fb-eeee0a988291.OPERATION#flowable-async-job-executor-thread-66362#
Step "Start App" finished#
#2026 03 17 13:49:22.553#Z#DEBUG#dde23164-2207-11f1-a1fb-eeee0a988291.OPERATION#flowable-async-job-executor-thread-72247#
[StageAppStep] Executing task "stageAppTask" of process "f5d999b7-2207-11f1-a4bc-eeee0a87df33"...#
#2026 03 17 13:49:22.558#Z#DEBUG#dde23164-2207-11f1-a1fb-eeee0a988291.OPERATION#flowable-async-job-executor-thread-72247#
[StageAppStep] Application stage timeout is default one: 3,600 seconds#
#2026 03 17 13:49:22.558#Z#DEBUG#dde23164-2207-11f1-a1fb-eeee0a988291.OPERATION#flowable-async-job-executor-thread-72247#
[StageAppStep] Checking status of application "tutorial-srv"...#
#2026 03 17 13:49:22.558#Z#DEBUG#dde23164-2207-11f1-a1fb-eeee0a988291.OPERATION#flowable-async-job-executor-thread-72247#
[StageAppStep] Getting build "e74742c3-6c5d-488b-af97-38421e9d99c6"...#
#2026 03 17 13:49:22.600#Z#DEBUG#dde23164-2207-11f1-a1fb-eeee0a988291.OPERATION#flowable-async-job-executor-thread-72247#
[StageAppStep] Staging status of application "tutorial-srv": PENDING#
#2026 03 17 13:49:22.601#Z#DEBUG#dde23164-2207-11f1-a1fb-eeee0a988291.OPERATION#flowable-async-job-executor-thread-72247#
[StageAppStep] Getting application guid "tutorial-srv"...#
#2026 03 17 13:49:22.759#Z#DEBUG#dde23164-2207-11f1-a1fb-eeee0a988291.OPERATION#flowable-async-job-executor-thread-72247#
Step "Stage App" finished#
#2026 03 17 13:49:22.681#Z#DEBUG#dde23164-2207-11f1-a1fb-eeee0a988291.OPERATION#flowable-async-job-executor-thread-74815#
[RestartAppStep] Executing task "startAppTask" of process "150c5b1f-2208-11f1-a1ae-eeee0a91d01a"...#
#2026 03 17 13:49:22.685#Z#DEBUG#dde23164-2207-11f1-a1fb-eeee0a988291.OPERATION#flowable-async-job-executor-thread-74815#
[RestartAppStep] Application start timeout is default one: 3,600 seconds#
#2026 03 17 13:49:22.685#Z#DEBUG#dde23164-2207-11f1-a1fb-eeee0a988291.OPERATION#flowable-async-job-executor-thread-74815#
[RestartAppStep] Checking status of application "tutorial"...#
#2026 03 17 13:49:22.685#Z#DEBUG#dde23164-2207-11f1-a1fb-eeee0a988291.OPERATION#flowable-async-job-executor-thread-74815#
[RestartAppStep] Getting application "tutorial"...#
#2026 03 17 13:49:22.744#Z#DEBUG#dde23164-2207-11f1-a1fb-eeee0a988291.OPERATION#flowable-async-job-executor-thread-74815#
[RestartAppStep] Getting instances for application "tutorial"...#
#2026 03 17 13:49:22.812#Z#DEBUG#dde23164-2207-11f1-a1fb-eeee0a988291.OPERATION#flowable-async-job-executor-thread-74815#
[RestartAppStep] Application "tutorial": 1 of 1 instances running (1 running)#
#2026 03 17 13:49:22.879#Z#DEBUG#dde23164-2207-11f1-a1fb-eeee0a988291.OPERATION#flowable-async-job-executor-thread-74815#
[RestartAppStep] Getting routes for application "d8fab115-9946-497e-818d-add170ae4d9f"...#
#2026 03 17 13:49:22.934#Z#INFO#dde23164-2207-11f1-a1fb-eeee0a988291.OPERATION#flowable-async-job-executor-thread-74815#
[RestartAppStep] Application "tutorial" started and available at "suportis-ag-demo-qs-59u9eftq-qs-tutorial.cfapps.eu10-004.hana.ondemand.com"#
#2026 03 17 13:49:22.947#Z#DEBUG#dde23164-2207-11f1-a1fb-eeee0a988291.OPERATION#flowable-async-job-executor-thread-74815#
Step "Start App" finished#
#2026 03 17 13:49:22.722#Z#DEBUG#dde23164-2207-11f1-a1fb-eeee0a988291.OPERATION#flowable-async-job-executor-thread-72253#
[ExecuteTaskStep] Executing task "executeTaskTask" of process "14b9802f-2208-11f1-8b08-eeee0a83d179"...#
#2026 03 17 13:49:22.732#Z#DEBUG#dde23164-2207-11f1-a1fb-eeee0a988291.OPERATION#flowable-async-job-executor-thread-72253#
[ExecuteTaskStep] Application task execution timeout is default one: 43,200 seconds#
#2026 03 17 13:49:22.733#Z#DEBUG#dde23164-2207-11f1-a1fb-eeee0a988291.OPERATION#flowable-async-job-executor-thread-72253#
[ExecuteTaskStep] Getting task "7eb9f58d-2ff4-4d1f-b820-364c3b2c0520"...#
#2026 03 17 13:49:22.779#Z#DEBUG#dde23164-2207-11f1-a1fb-eeee0a988291.OPERATION#flowable-async-job-executor-thread-72253#
[ExecuteTaskStep] Task execution status: succeeded#
#2026 03 17 13:49:22.781#Z#DEBUG#dde23164-2207-11f1-a1fb-eeee0a988291.OPERATION#flowable-async-job-executor-thread-72253#
[ExecuteTaskStep] Getting application guid "tutorial-db-deployer"...#
#2026 03 17 13:49:22.980#Z#DEBUG#dde23164-2207-11f1-a1fb-eeee0a988291.OPERATION#flowable-async-job-executor-thread-72253#
Step "Execute Task" finished#
#2026 03 17 13:49:23.029#Z#DEBUG#dde23164-2207-11f1-a1fb-eeee0a988291.OPERATION#flowable-async-job-executor-thread-72255#
[IncrementIndexStep] Executing task "incrementTaskIndexTask" of process "14b9802f-2208-11f1-8b08-eeee0a83d179"...#
#2026 03 17 13:49:23.032#Z#DEBUG#dde23164-2207-11f1-a1fb-eeee0a988291.OPERATION#flowable-async-job-executor-thread-72255#
Step "Increment Task Index" finished#
#2026 03 17 13:49:23.115#Z#DEBUG#dde23164-2207-11f1-a1fb-eeee0a988291.OPERATION#flowable-async-job-executor-thread-72257#
[PublishConfigurationEntriesStep] Executing task "publishProvidedDependenciesTask" of process "f5e4bd5d-2207-11f1-a1ae-eeee0a91d01a"...#
#2026 03 17 13:49:23.116#Z#DEBUG#dde23164-2207-11f1-a1fb-eeee0a988291.OPERATION#flowable-async-job-executor-thread-72257#
[PublishConfigurationEntriesStep] Publishing public provided dependencies for application "tutorial-db-deployer"...#
#2026 03 17 13:49:23.117#Z#DEBUG#dde23164-2207-11f1-a1fb-eeee0a988291.OPERATION#flowable-async-job-executor-thread-72257#
[PublishConfigurationEntriesStep] No public provided dependencies for publishing#
#2026 03 17 13:49:23.117#Z#DEBUG#dde23164-2207-11f1-a1fb-eeee0a988291.OPERATION#flowable-async-job-executor-thread-72257#
Step "Publish Provided Dependencies" finished#
#2026 03 17 13:49:23.171#Z#DEBUG#dde23164-2207-11f1-a1fb-eeee0a988291.OPERATION#flowable-async-job-executor-thread-72259#
[CreateOrUpdateServiceBrokerStep] Executing task "createOrUpdateServiceBrokerTask" of process "f5e4bd5d-2207-11f1-a1ae-eeee0a91d01a"...#
#2026 03 17 13:49:23.173#Z#DEBUG#dde23164-2207-11f1-a1fb-eeee0a988291.OPERATION#flowable-async-job-executor-thread-72259#
[CreateOrUpdateServiceBrokerStep] Creating service brokers...#
#2026 03 17 13:49:23.174#Z#DEBUG#dde23164-2207-11f1-a1fb-eeee0a988291.OPERATION#flowable-async-job-executor-thread-72259#
Step "Create Or Update Service Broker " finished#
#2026 03 17 13:49:32.881#Z#DEBUG#dde23164-2207-11f1-a1fb-eeee0a988291.OPERATION#flowable-async-job-executor-thread-74825#
[RestartAppStep] Executing task "startAppTask" of process "1ac72f77-2208-11f1-8b08-eeee0a83d179"...#
#2026 03 17 13:49:32.885#Z#DEBUG#dde23164-2207-11f1-a1fb-eeee0a988291.OPERATION#flowable-async-job-executor-thread-74825#
[RestartAppStep] Application start timeout is default one: 3,600 seconds#
#2026 03 17 13:49:32.889#Z#DEBUG#dde23164-2207-11f1-a1fb-eeee0a988291.OPERATION#flowable-async-job-executor-thread-74825#
Step "Start App" finished#
#2026 03 17 13:49:33.021#Z#DEBUG#dde23164-2207-11f1-a1fb-eeee0a988291.OPERATION#flowable-async-job-executor-thread-74829#
[PrepareToExecuteTasksStep] Executing task "prepareToExecuteTasksTask" of process "20be2149-2208-11f1-8b08-eeee0a83d179"...#
#2026 03 17 13:49:33.025#Z#DEBUG#dde23164-2207-11f1-a1fb-eeee0a988291.OPERATION#flowable-async-job-executor-thread-74829#
Step "Prepare To Execute Tasks" finished#
#2026 03 17 13:49:33.129#Z#DEBUG#dde23164-2207-11f1-a1fb-eeee0a988291.OPERATION#flowable-async-job-executor-thread-74831#
[PublishConfigurationEntriesStep] Executing task "publishProvidedDependenciesTask" of process "20b40ef6-2208-11f1-8b08-eeee0a83d179"...#
#2026 03 17 13:49:33.131#Z#DEBUG#dde23164-2207-11f1-a1fb-eeee0a988291.OPERATION#flowable-async-job-executor-thread-74831#
[PublishConfigurationEntriesStep] Publishing public provided dependencies for application "tutorial"...#
#2026 03 17 13:49:33.136#Z#DEBUG#dde23164-2207-11f1-a1fb-eeee0a988291.OPERATION#flowable-async-job-executor-thread-74831#
[PublishConfigurationEntriesStep] No public provided dependencies for publishing#
#2026 03 17 13:49:33.136#Z#DEBUG#dde23164-2207-11f1-a1fb-eeee0a988291.OPERATION#flowable-async-job-executor-thread-74831#
Step "Publish Provided Dependencies" finished#
#2026 03 17 13:49:33.209#Z#DEBUG#dde23164-2207-11f1-a1fb-eeee0a988291.OPERATION#flowable-async-job-executor-thread-74835#
[CreateOrUpdateServiceBrokerStep] Executing task "createOrUpdateServiceBrokerTask" of process "20b40ef6-2208-11f1-8b08-eeee0a83d179"...#
#2026 03 17 13:49:33.212#Z#DEBUG#dde23164-2207-11f1-a1fb-eeee0a988291.OPERATION#flowable-async-job-executor-thread-74835#
[CreateOrUpdateServiceBrokerStep] Creating service brokers...#
#2026 03 17 13:49:33.212#Z#DEBUG#dde23164-2207-11f1-a1fb-eeee0a988291.OPERATION#flowable-async-job-executor-thread-74835#
Step "Create Or Update Service Broker " finished#
#2026 03 17 13:49:32.998#Z#DEBUG#dde23164-2207-11f1-a1fb-eeee0a988291.OPERATION#flowable-async-job-executor-thread-66077#
[StageAppStep] Executing task "stageAppTask" of process "f5d999b7-2207-11f1-a4bc-eeee0a87df33"...#
#2026 03 17 13:49:33.015#Z#DEBUG#dde23164-2207-11f1-a1fb-eeee0a988291.OPERATION#flowable-async-job-executor-thread-66077#
[StageAppStep] Application stage timeout is default one: 3,600 seconds#
#2026 03 17 13:49:33.015#Z#DEBUG#dde23164-2207-11f1-a1fb-eeee0a988291.OPERATION#flowable-async-job-executor-thread-66077#
[StageAppStep] Checking status of application "tutorial-srv"...#
#2026 03 17 13:49:33.015#Z#DEBUG#dde23164-2207-11f1-a1fb-eeee0a988291.OPERATION#flowable-async-job-executor-thread-66077#
[StageAppStep] Getting build "e74742c3-6c5d-488b-af97-38421e9d99c6"...#
#2026 03 17 13:49:33.066#Z#DEBUG#dde23164-2207-11f1-a1fb-eeee0a988291.OPERATION#flowable-async-job-executor-thread-66077#
[StageAppStep] Staging status of application "tutorial-srv": PENDING#
#2026 03 17 13:49:33.068#Z#DEBUG#dde23164-2207-11f1-a1fb-eeee0a988291.OPERATION#flowable-async-job-executor-thread-66077#
[StageAppStep] Getting application guid "tutorial-srv"...#
#2026 03 17 13:49:33.280#Z#DEBUG#dde23164-2207-11f1-a1fb-eeee0a988291.OPERATION#flowable-async-job-executor-thread-66077#
Step "Stage App" finished#
#2026 03 17 13:49:43.121#Z#DEBUG#dde23164-2207-11f1-a1fb-eeee0a988291.OPERATION#flowable-async-job-executor-thread-61200#
[StageAppStep] Executing task "stageAppTask" of process "f5d999b7-2207-11f1-a4bc-eeee0a87df33"...#
#2026 03 17 13:49:43.128#Z#DEBUG#dde23164-2207-11f1-a1fb-eeee0a988291.OPERATION#flowable-async-job-executor-thread-61200#
[StageAppStep] Application stage timeout is default one: 3,600 seconds#
#2026 03 17 13:49:43.128#Z#DEBUG#dde23164-2207-11f1-a1fb-eeee0a988291.OPERATION#flowable-async-job-executor-thread-61200#
[StageAppStep] Checking status of application "tutorial-srv"...#
#2026 03 17 13:49:43.128#Z#DEBUG#dde23164-2207-11f1-a1fb-eeee0a988291.OPERATION#flowable-async-job-executor-thread-61200#
[StageAppStep] Getting build "e74742c3-6c5d-488b-af97-38421e9d99c6"...#
#2026 03 17 13:49:43.174#Z#DEBUG#dde23164-2207-11f1-a1fb-eeee0a988291.OPERATION#flowable-async-job-executor-thread-61200#
[StageAppStep] Staging status of application "tutorial-srv": STAGED#
#2026 03 17 13:49:43.176#Z#DEBUG#dde23164-2207-11f1-a1fb-eeee0a988291.OPERATION#flowable-async-job-executor-thread-61200#
[StageAppStep] Getting application guid "tutorial-srv"...#
#2026 03 17 13:49:43.361#Z#DEBUG#dde23164-2207-11f1-a1fb-eeee0a988291.OPERATION#flowable-async-job-executor-thread-61200#
[StageAppStep] Getting build "e74742c3-6c5d-488b-af97-38421e9d99c6"...#
#2026 03 17 13:49:43.432#Z#DEBUG#dde23164-2207-11f1-a1fb-eeee0a988291.OPERATION#flowable-async-job-executor-thread-61200#
[StageAppStep] Binding droplet "685c8d8e-4f6b-4001-939b-1d2fe6bcccda" to application "0f5b824e-db22-40f0-abab-31460280faf8"...#
#2026 03 17 13:49:43.512#Z#INFO#dde23164-2207-11f1-a1fb-eeee0a988291.OPERATION#flowable-async-job-executor-thread-61200#
[StageAppStep] Application "tutorial-srv" staged#
#2026 03 17 13:49:43.546#Z#DEBUG#dde23164-2207-11f1-a1fb-eeee0a988291.OPERATION#flowable-async-job-executor-thread-61200#
Step "Stage App" finished#
#2026 03 17 13:49:43.764#Z#DEBUG#dde23164-2207-11f1-a1fb-eeee0a988291.OPERATION#flowable-async-job-executor-thread-61208#
[RestartAppStep] Executing task "startAppTask" of process "f5d999b7-2207-11f1-a4bc-eeee0a87df33"...#
#2026 03 17 13:49:43.770#Z#DEBUG#dde23164-2207-11f1-a1fb-eeee0a988291.OPERATION#flowable-async-job-executor-thread-61208#
[RestartAppStep] Application start timeout is default one: 3,600 seconds#
#2026 03 17 13:49:43.780#Z#DEBUG#dde23164-2207-11f1-a1fb-eeee0a988291.OPERATION#flowable-async-job-executor-thread-61208#
[RestartAppStep] Getting application "tutorial-srv"...#
#2026 03 17 13:49:43.830#Z#INFO#dde23164-2207-11f1-a1fb-eeee0a988291.OPERATION#flowable-async-job-executor-thread-61208#
[RestartAppStep] Starting application "tutorial-srv"...#
#2026 03 17 13:49:43.844#Z#DEBUG#dde23164-2207-11f1-a1fb-eeee0a988291.OPERATION#flowable-async-job-executor-thread-61208#
[RestartAppStep] Starting application "tutorial-srv"...#
#2026 03 17 13:49:44.127#Z#DEBUG#dde23164-2207-11f1-a1fb-eeee0a988291.OPERATION#flowable-async-job-executor-thread-61208#
Step "Start App" finished#
#2026 03 17 13:49:53.345#Z#DEBUG#dde23164-2207-11f1-a1fb-eeee0a988291.OPERATION#flowable-async-job-executor-thread-71471#
[RestartAppStep] Executing task "startAppTask" of process "276725b1-2208-11f1-84bd-eeee0a87e7d0"...#
#2026 03 17 13:49:53.350#Z#DEBUG#dde23164-2207-11f1-a1fb-eeee0a988291.OPERATION#flowable-async-job-executor-thread-71471#
[RestartAppStep] Application start timeout is default one: 3,600 seconds#
#2026 03 17 13:49:53.350#Z#DEBUG#dde23164-2207-11f1-a1fb-eeee0a988291.OPERATION#flowable-async-job-executor-thread-71471#
[RestartAppStep] Checking status of application "tutorial-srv"...#
#2026 03 17 13:49:53.350#Z#DEBUG#dde23164-2207-11f1-a1fb-eeee0a988291.OPERATION#flowable-async-job-executor-thread-71471#
[RestartAppStep] Getting application "tutorial-srv"...#
#2026 03 17 13:49:53.414#Z#DEBUG#dde23164-2207-11f1-a1fb-eeee0a988291.OPERATION#flowable-async-job-executor-thread-71471#
[RestartAppStep] Getting instances for application "tutorial-srv"...#
#2026 03 17 13:49:53.496#Z#DEBUG#dde23164-2207-11f1-a1fb-eeee0a988291.OPERATION#flowable-async-job-executor-thread-71471#
[RestartAppStep] Application "tutorial-srv": 0 of 1 instances running (1 starting)#
#2026 03 17 13:49:53.604#Z#DEBUG#dde23164-2207-11f1-a1fb-eeee0a988291.OPERATION#flowable-async-job-executor-thread-71471#
Step "Start App" finished#
#2026 03 17 13:50:03.587#Z#DEBUG#dde23164-2207-11f1-a1fb-eeee0a988291.OPERATION#flowable-async-job-executor-thread-77010#
[RestartAppStep] Executing task "startAppTask" of process "2d0dd5f6-2208-11f1-b67d-eeee0a8eeeea"...#
#2026 03 17 13:50:03.592#Z#DEBUG#dde23164-2207-11f1-a1fb-eeee0a988291.OPERATION#flowable-async-job-executor-thread-77010#
[RestartAppStep] Application start timeout is default one: 3,600 seconds#
#2026 03 17 13:50:03.592#Z#DEBUG#dde23164-2207-11f1-a1fb-eeee0a988291.OPERATION#flowable-async-job-executor-thread-77010#
[RestartAppStep] Checking status of application "tutorial-srv"...#
#2026 03 17 13:50:03.593#Z#DEBUG#dde23164-2207-11f1-a1fb-eeee0a988291.OPERATION#flowable-async-job-executor-thread-77010#
[RestartAppStep] Getting instances for application "tutorial-srv"...#
#2026 03 17 13:50:03.639#Z#DEBUG#dde23164-2207-11f1-a1fb-eeee0a988291.OPERATION#flowable-async-job-executor-thread-77010#
[RestartAppStep] Application "tutorial-srv": 0 of 1 instances running (1 starting)#
#2026 03 17 13:50:03.737#Z#DEBUG#dde23164-2207-11f1-a1fb-eeee0a988291.OPERATION#flowable-async-job-executor-thread-77010#
Step "Start App" finished#
#2026 03 17 13:50:13.724#Z#DEBUG#dde23164-2207-11f1-a1fb-eeee0a988291.OPERATION#flowable-async-job-executor-thread-73064#
[RestartAppStep] Executing task "startAppTask" of process "3317b3df-2208-11f1-928c-eeee0a9ae512"...#
#2026 03 17 13:50:13.730#Z#DEBUG#dde23164-2207-11f1-a1fb-eeee0a988291.OPERATION#flowable-async-job-executor-thread-73064#
[RestartAppStep] Application start timeout is default one: 3,600 seconds#
#2026 03 17 13:50:13.730#Z#DEBUG#dde23164-2207-11f1-a1fb-eeee0a988291.OPERATION#flowable-async-job-executor-thread-73064#
[RestartAppStep] Checking status of application "tutorial-srv"...#
#2026 03 17 13:50:13.732#Z#DEBUG#dde23164-2207-11f1-a1fb-eeee0a988291.OPERATION#flowable-async-job-executor-thread-73064#
[RestartAppStep] Getting instances for application "tutorial-srv"...#
#2026 03 17 13:50:13.788#Z#DEBUG#dde23164-2207-11f1-a1fb-eeee0a988291.OPERATION#flowable-async-job-executor-thread-73064#
[RestartAppStep] Application "tutorial-srv": 0 of 1 instances running (1 starting)#
#2026 03 17 13:50:13.909#Z#DEBUG#dde23164-2207-11f1-a1fb-eeee0a988291.OPERATION#flowable-async-job-executor-thread-73064#
Step "Start App" finished#
#2026 03 17 13:50:23.953#Z#DEBUG#dde23164-2207-11f1-a1fb-eeee0a988291.OPERATION#flowable-async-job-executor-thread-62326#
[RestartAppStep] Executing task "startAppTask" of process "39282197-2208-11f1-a4bc-eeee0a87df33"...#
#2026 03 17 13:50:23.965#Z#DEBUG#dde23164-2207-11f1-a1fb-eeee0a988291.OPERATION#flowable-async-job-executor-thread-62326#
[RestartAppStep] Application start timeout is default one: 3,600 seconds#
#2026 03 17 13:50:23.965#Z#DEBUG#dde23164-2207-11f1-a1fb-eeee0a988291.OPERATION#flowable-async-job-executor-thread-62326#
[RestartAppStep] Checking status of application "tutorial-srv"...#
#2026 03 17 13:50:23.971#Z#DEBUG#dde23164-2207-11f1-a1fb-eeee0a988291.OPERATION#flowable-async-job-executor-thread-62326#
[RestartAppStep] Getting instances for application "tutorial-srv"...#
#2026 03 17 13:50:24.038#Z#DEBUG#dde23164-2207-11f1-a1fb-eeee0a988291.OPERATION#flowable-async-job-executor-thread-62326#
[RestartAppStep] Application "tutorial-srv": 0 of 1 instances running (1 starting)#
#2026 03 17 13:50:24.131#Z#DEBUG#dde23164-2207-11f1-a1fb-eeee0a988291.OPERATION#flowable-async-job-executor-thread-62326#
Step "Start App" finished#
#2026 03 17 13:50:34.087#Z#DEBUG#dde23164-2207-11f1-a1fb-eeee0a988291.OPERATION#flowable-async-job-executor-thread-73139#
[RestartAppStep] Executing task "startAppTask" of process "3f4030a6-2208-11f1-a1fb-eeee0a988291"...#
#2026 03 17 13:50:34.097#Z#DEBUG#dde23164-2207-11f1-a1fb-eeee0a988291.OPERATION#flowable-async-job-executor-thread-73139#
[RestartAppStep] Application start timeout is default one: 3,600 seconds#
#2026 03 17 13:50:34.097#Z#DEBUG#dde23164-2207-11f1-a1fb-eeee0a988291.OPERATION#flowable-async-job-executor-thread-73139#
[RestartAppStep] Checking status of application "tutorial-srv"...#
#2026 03 17 13:50:34.099#Z#DEBUG#dde23164-2207-11f1-a1fb-eeee0a988291.OPERATION#flowable-async-job-executor-thread-73139#
[RestartAppStep] Getting instances for application "tutorial-srv"...#
#2026 03 17 13:50:34.170#Z#DEBUG#dde23164-2207-11f1-a1fb-eeee0a988291.OPERATION#flowable-async-job-executor-thread-73139#
[RestartAppStep] Application "tutorial-srv": 0 of 1 instances running (1 crashed)#
#2026 03 17 13:50:34.243#Z#ERROR#dde23164-2207-11f1-a1fb-eeee0a988291.OPERATION#flowable-async-job-executor-thread-73139#
[RestartAppStep] Error starting application "tutorial-srv": Some instances have crashed. Check the logs of your application for more information.
Download the application logs via the dmol command and check them for more information.#
#2026 03 17 13:50:34.256#Z#ERROR#dde23164-2207-11f1-a1fb-eeee0a988291.OPERATION#flowable-async-job-executor-thread-73139#
Exception caught#
org.cloudfoundry.multiapps.common.SLException: A step of the process has failed. Retrying it may solve the issue.
	at org.cloudfoundry.multiapps.controller.process.steps.SyncFlowableStep.executeInternal(SyncFlowableStep.java:76)
	at org.cloudfoundry.multiapps.controller.process.steps.SyncFlowableStep.lambda$execute$0(SyncFlowableStep.java:64)
	at org.cloudfoundry.multiapps.controller.core.util.LoggingUtil.logWithCorrelationId(LoggingUtil.java:14)
	at org.cloudfoundry.multiapps.controller.process.steps.SyncFlowableStep.execute(SyncFlowableStep.java:64)
	at org.flowable.engine.impl.delegate.invocation.JavaDelegateInvocation.invoke(JavaDelegateInvocation.java:35)
	at org.flowable.engine.impl.delegate.invocation.DelegateInvocation.proceed(DelegateInvocation.java:32)
	at org.flowable.engine.impl.delegate.invocation.DefaultDelegateInterceptor.handleInvocation(DefaultDelegateInterceptor.java:26)
	at org.flowable.engine.impl.bpmn.behavior.ServiceTaskDelegateExpressionActivityBehavior.execute(ServiceTaskDelegateExpressionActivityBehavior.java:177)
	at org.flowable.engine.impl.agenda.ContinueProcessOperation.executeActivityBehavior(ContinueProcessOperation.java:298)
	at org.flowable.engine.impl.agenda.ContinueProcessOperation.executeSynchronous(ContinueProcessOperation.java:175)
	at org.flowable.engine.impl.agenda.ContinueProcessOperation.continueThroughFlowNode(ContinueProcessOperation.java:125)
	at org.flowable.engine.impl.agenda.ContinueProcessOperation.run(ContinueProcessOperation.java:88)
	at org.flowable.common.engine.impl.AbstractEngineConfiguration.lambda$new$0(AbstractEngineConfiguration.java:198)
	at org.flowable.engine.impl.interceptor.CommandInvoker.executeOperation(CommandInvoker.java:189)
	at org.flowable.engine.impl.interceptor.CommandInvoker.executeOperations(CommandInvoker.java:128)
	at org.flowable.engine.impl.interceptor.CommandInvoker.execute(CommandInvoker.java:80)
	at org.flowable.engine.impl.interceptor.BpmnOverrideContextInterceptor.execute(BpmnOverrideContextInterceptor.java:26)
	at org.flowable.common.engine.impl.interceptor.TransactionContextInterceptor.execute(TransactionContextInterceptor.java:53)
	at org.flowable.common.engine.impl.interceptor.CommandContextInterceptor.execute(CommandContextInterceptor.java:105)
	at org.flowable.common.spring.SpringTransactionInterceptor.lambda$execute$0(SpringTransactionInterceptor.java:57)
	at org.springframework.transaction.support.TransactionTemplate.execute(TransactionTemplate.java:140)
	at org.flowable.common.spring.SpringTransactionInterceptor.execute(SpringTransactionInterceptor.java:57)
	at org.flowable.common.engine.impl.interceptor.LogInterceptor.execute(LogInterceptor.java:30)
	at org.flowable.common.engine.impl.cfg.CommandExecutorImpl.execute(CommandExecutorImpl.java:56)
	at org.flowable.common.engine.impl.cfg.CommandExecutorImpl.execute(CommandExecutorImpl.java:51)
	at org.flowable.job.service.impl.asyncexecutor.ExecuteAsyncRunnable.handleTransactionalJob(ExecuteAsyncRunnable.java:177)
	at org.flowable.job.service.impl.asyncexecutor.ExecuteAsyncRunnable.executeJob(ExecuteAsyncRunnable.java:146)
	at org.flowable.job.service.impl.asyncexecutor.ExecuteAsyncRunnable.runInternally(ExecuteAsyncRunnable.java:122)
	at org.flowable.job.service.impl.asyncexecutor.ExecuteAsyncRunnable.run(ExecuteAsyncRunnable.java:96)
	at java.base/java.util.concurrent.ThreadPoolExecutor.runWorker(ThreadPoolExecutor.java:1136)
	at java.base/java.util.concurrent.ThreadPoolExecutor$Worker.run(ThreadPoolExecutor.java:635)
	at java.base/java.lang.Thread.run(Thread.java:840)
#2026 03 17 13:50:34.272#Z#DEBUG#dde23164-2207-11f1-a1fb-eeee0a988291.OPERATION#flowable-async-job-executor-thread-73139#
Step "Start App" finished#
#2026 03 17 13:50:35.238#Z#DEBUG#dde23164-2207-11f1-a1fb-eeee0a988291.OPERATION#flowable-async-job-executor-thread-62366#
[RestartAppStep] Executing task "startAppTask" of process "3f4030a6-2208-11f1-a1fb-eeee0a988291"...#
#2026 03 17 13:50:35.247#Z#DEBUG#dde23164-2207-11f1-a1fb-eeee0a988291.OPERATION#flowable-async-job-executor-thread-62366#
[RestartAppStep] Application start timeout is default one: 3,600 seconds#
#2026 03 17 13:50:35.262#Z#DEBUG#dde23164-2207-11f1-a1fb-eeee0a988291.OPERATION#flowable-async-job-executor-thread-62366#
[RestartAppStep] Getting application "tutorial-srv"...#
#2026 03 17 13:50:35.320#Z#INFO#dde23164-2207-11f1-a1fb-eeee0a988291.OPERATION#flowable-async-job-executor-thread-62366#
[RestartAppStep] Stopping application "tutorial-srv"...#
#2026 03 17 13:50:35.342#Z#DEBUG#dde23164-2207-11f1-a1fb-eeee0a988291.OPERATION#flowable-async-job-executor-thread-62366#
[RestartAppStep] Stopping application "tutorial-srv"...#
#2026 03 17 13:50:35.504#Z#INFO#dde23164-2207-11f1-a1fb-eeee0a988291.OPERATION#flowable-async-job-executor-thread-62366#
[RestartAppStep] Starting application "tutorial-srv"...#
#2026 03 17 13:50:35.517#Z#DEBUG#dde23164-2207-11f1-a1fb-eeee0a988291.OPERATION#flowable-async-job-executor-thread-62366#
[RestartAppStep] Starting application "tutorial-srv"...#
#2026 03 17 13:50:35.799#Z#DEBUG#dde23164-2207-11f1-a1fb-eeee0a988291.OPERATION#flowable-async-job-executor-thread-62366#
Step "Start App" finished#
#2026 03 17 13:50:44.612#Z#DEBUG#dde23164-2207-11f1-a1fb-eeee0a988291.OPERATION#flowable-async-job-executor-thread-72438#
[RestartAppStep] Executing task "startAppTask" of process "463383ea-2208-11f1-a1fb-eeee0a988291"...#
#2026 03 17 13:50:44.616#Z#DEBUG#dde23164-2207-11f1-a1fb-eeee0a988291.OPERATION#flowable-async-job-executor-thread-72438#
[RestartAppStep] Application start timeout is default one: 3,600 seconds#
#2026 03 17 13:50:44.616#Z#DEBUG#dde23164-2207-11f1-a1fb-eeee0a988291.OPERATION#flowable-async-job-executor-thread-72438#
[RestartAppStep] Checking status of application "tutorial-srv"...#
#2026 03 17 13:50:44.618#Z#DEBUG#dde23164-2207-11f1-a1fb-eeee0a988291.OPERATION#flowable-async-job-executor-thread-72438#
[RestartAppStep] Getting instances for application "tutorial-srv"...#
#2026 03 17 13:50:44.669#Z#DEBUG#dde23164-2207-11f1-a1fb-eeee0a988291.OPERATION#flowable-async-job-executor-thread-72438#
[RestartAppStep] Application "tutorial-srv": 0 of 1 instances running (1 starting)#
#2026 03 17 13:50:44.783#Z#DEBUG#dde23164-2207-11f1-a1fb-eeee0a988291.OPERATION#flowable-async-job-executor-thread-72438#
Step "Start App" finished#
#2026 03 17 13:50:54.801#Z#DEBUG#dde23164-2207-11f1-a1fb-eeee0a988291.OPERATION#flowable-async-job-executor-thread-75081#
[RestartAppStep] Executing task "startAppTask" of process "4b8e5db9-2208-11f1-9c1b-eeee0a91fcc2"...#
#2026 03 17 13:50:54.807#Z#DEBUG#dde23164-2207-11f1-a1fb-eeee0a988291.OPERATION#flowable-async-job-executor-thread-75081#
[RestartAppStep] Application start timeout is default one: 3,600 seconds#
#2026 03 17 13:50:54.807#Z#DEBUG#dde23164-2207-11f1-a1fb-eeee0a988291.OPERATION#flowable-async-job-executor-thread-75081#
[RestartAppStep] Checking status of application "tutorial-srv"...#
#2026 03 17 13:50:54.808#Z#DEBUG#dde23164-2207-11f1-a1fb-eeee0a988291.OPERATION#flowable-async-job-executor-thread-75081#
[RestartAppStep] Getting instances for application "tutorial-srv"...#
#2026 03 17 13:50:54.875#Z#DEBUG#dde23164-2207-11f1-a1fb-eeee0a988291.OPERATION#flowable-async-job-executor-thread-75081#
[RestartAppStep] Application "tutorial-srv": 0 of 1 instances running (1 starting)#
#2026 03 17 13:50:54.938#Z#DEBUG#dde23164-2207-11f1-a1fb-eeee0a988291.OPERATION#flowable-async-job-executor-thread-75081#
Step "Start App" finished#
#2026 03 17 13:51:05.071#Z#DEBUG#dde23164-2207-11f1-a1fb-eeee0a988291.OPERATION#flowable-async-job-executor-thread-75130#
[RestartAppStep] Executing task "startAppTask" of process "519c0c4b-2208-11f1-8b08-eeee0a83d179"...#
#2026 03 17 13:51:05.083#Z#DEBUG#dde23164-2207-11f1-a1fb-eeee0a988291.OPERATION#flowable-async-job-executor-thread-75130#
[RestartAppStep] Application start timeout is default one: 3,600 seconds#
#2026 03 17 13:51:05.083#Z#DEBUG#dde23164-2207-11f1-a1fb-eeee0a988291.OPERATION#flowable-async-job-executor-thread-75130#
[RestartAppStep] Checking status of application "tutorial-srv"...#
#2026 03 17 13:51:05.087#Z#DEBUG#dde23164-2207-11f1-a1fb-eeee0a988291.OPERATION#flowable-async-job-executor-thread-75130#
[RestartAppStep] Getting instances for application "tutorial-srv"...#
#2026 03 17 13:51:05.147#Z#DEBUG#dde23164-2207-11f1-a1fb-eeee0a988291.OPERATION#flowable-async-job-executor-thread-75130#
[RestartAppStep] Application "tutorial-srv": 0 of 1 instances running (1 starting)#
#2026 03 17 13:51:05.258#Z#DEBUG#dde23164-2207-11f1-a1fb-eeee0a988291.OPERATION#flowable-async-job-executor-thread-75130#
Step "Start App" finished#
#2026 03 17 13:51:16.608#Z#DEBUG#dde23164-2207-11f1-a1fb-eeee0a988291.OPERATION#flowable-async-job-executor-thread-72553#
[RestartAppStep] Executing task "startAppTask" of process "57c559c8-2208-11f1-8b08-eeee0a83d179"...#
#2026 03 17 13:51:16.620#Z#DEBUG#dde23164-2207-11f1-a1fb-eeee0a988291.OPERATION#flowable-async-job-executor-thread-72553#
[RestartAppStep] Application start timeout is default one: 3,600 seconds#
#2026 03 17 13:51:16.621#Z#DEBUG#dde23164-2207-11f1-a1fb-eeee0a988291.OPERATION#flowable-async-job-executor-thread-72553#
[RestartAppStep] Checking status of application "tutorial-srv"...#
#2026 03 17 13:51:16.629#Z#DEBUG#dde23164-2207-11f1-a1fb-eeee0a988291.OPERATION#flowable-async-job-executor-thread-72553#
[RestartAppStep] Getting instances for application "tutorial-srv"...#
#2026 03 17 13:51:16.696#Z#DEBUG#dde23164-2207-11f1-a1fb-eeee0a988291.OPERATION#flowable-async-job-executor-thread-72553#
[RestartAppStep] Application "tutorial-srv": 0 of 1 instances running (1 starting)#
#2026 03 17 13:51:16.790#Z#DEBUG#dde23164-2207-11f1-a1fb-eeee0a988291.OPERATION#flowable-async-job-executor-thread-72553#
Step "Start App" finished#
#2026 03 17 13:51:26.633#Z#DEBUG#dde23164-2207-11f1-a1fb-eeee0a988291.OPERATION#flowable-async-job-executor-thread-66825#
[RestartAppStep] Executing task "startAppTask" of process "5ea4d706-2208-11f1-9c1b-eeee0a91fcc2"...#
#2026 03 17 13:51:26.640#Z#DEBUG#dde23164-2207-11f1-a1fb-eeee0a988291.OPERATION#flowable-async-job-executor-thread-66825#
[RestartAppStep] Application start timeout is default one: 3,600 seconds#
#2026 03 17 13:51:26.640#Z#DEBUG#dde23164-2207-11f1-a1fb-eeee0a988291.OPERATION#flowable-async-job-executor-thread-66825#
[RestartAppStep] Checking status of application "tutorial-srv"...#
#2026 03 17 13:51:26.641#Z#DEBUG#dde23164-2207-11f1-a1fb-eeee0a988291.OPERATION#flowable-async-job-executor-thread-66825#
[RestartAppStep] Getting instances for application "tutorial-srv"...#
#2026 03 17 13:51:26.695#Z#DEBUG#dde23164-2207-11f1-a1fb-eeee0a988291.OPERATION#flowable-async-job-executor-thread-66825#
[RestartAppStep] Application "tutorial-srv": 0 of 1 instances running (1 crashed)#
#2026 03 17 13:51:26.783#Z#ERROR#dde23164-2207-11f1-a1fb-eeee0a988291.OPERATION#flowable-async-job-executor-thread-66825#
[RestartAppStep] Error starting application "tutorial-srv": Some instances have crashed. Check the logs of your application for more information.
Download the application logs via the dmol command and check them for more information.#
#2026 03 17 13:51:26.796#Z#ERROR#dde23164-2207-11f1-a1fb-eeee0a988291.OPERATION#flowable-async-job-executor-thread-66825#
Exception caught#
org.cloudfoundry.multiapps.common.SLException: A step of the process has failed. Retrying it may solve the issue.
	at org.cloudfoundry.multiapps.controller.process.steps.SyncFlowableStep.executeInternal(SyncFlowableStep.java:76)
	at org.cloudfoundry.multiapps.controller.process.steps.SyncFlowableStep.lambda$execute$0(SyncFlowableStep.java:64)
	at org.cloudfoundry.multiapps.controller.core.util.LoggingUtil.logWithCorrelationId(LoggingUtil.java:14)
	at org.cloudfoundry.multiapps.controller.process.steps.SyncFlowableStep.execute(SyncFlowableStep.java:64)
	at org.flowable.engine.impl.delegate.invocation.JavaDelegateInvocation.invoke(JavaDelegateInvocation.java:35)
	at org.flowable.engine.impl.delegate.invocation.DelegateInvocation.proceed(DelegateInvocation.java:32)
	at org.flowable.engine.impl.delegate.invocation.DefaultDelegateInterceptor.handleInvocation(DefaultDelegateInterceptor.java:26)
	at org.flowable.engine.impl.bpmn.behavior.ServiceTaskDelegateExpressionActivityBehavior.execute(ServiceTaskDelegateExpressionActivityBehavior.java:177)
	at org.flowable.engine.impl.agenda.ContinueProcessOperation.executeActivityBehavior(ContinueProcessOperation.java:298)
	at org.flowable.engine.impl.agenda.ContinueProcessOperation.executeSynchronous(ContinueProcessOperation.java:175)
	at org.flowable.engine.impl.agenda.ContinueProcessOperation.continueThroughFlowNode(ContinueProcessOperation.java:125)
	at org.flowable.engine.impl.agenda.ContinueProcessOperation.run(ContinueProcessOperation.java:88)
	at org.flowable.common.engine.impl.AbstractEngineConfiguration.lambda$new$0(AbstractEngineConfiguration.java:198)
	at org.flowable.engine.impl.interceptor.CommandInvoker.executeOperation(CommandInvoker.java:189)
	at org.flowable.engine.impl.interceptor.CommandInvoker.executeOperations(CommandInvoker.java:128)
	at org.flowable.engine.impl.interceptor.CommandInvoker.execute(CommandInvoker.java:80)
	at org.flowable.engine.impl.interceptor.BpmnOverrideContextInterceptor.execute(BpmnOverrideContextInterceptor.java:26)
	at org.flowable.common.engine.impl.interceptor.TransactionContextInterceptor.execute(TransactionContextInterceptor.java:53)
	at org.flowable.common.engine.impl.interceptor.CommandContextInterceptor.execute(CommandContextInterceptor.java:105)
	at org.flowable.common.spring.SpringTransactionInterceptor.lambda$execute$0(SpringTransactionInterceptor.java:57)
	at org.springframework.transaction.support.TransactionTemplate.execute(TransactionTemplate.java:140)
	at org.flowable.common.spring.SpringTransactionInterceptor.execute(SpringTransactionInterceptor.java:57)
	at org.flowable.common.engine.impl.interceptor.LogInterceptor.execute(LogInterceptor.java:30)
	at org.flowable.common.engine.impl.cfg.CommandExecutorImpl.execute(CommandExecutorImpl.java:56)
	at org.flowable.common.engine.impl.cfg.CommandExecutorImpl.execute(CommandExecutorImpl.java:51)
	at org.flowable.job.service.impl.asyncexecutor.ExecuteAsyncRunnable.handleTransactionalJob(ExecuteAsyncRunnable.java:177)
	at org.flowable.job.service.impl.asyncexecutor.ExecuteAsyncRunnable.executeJob(ExecuteAsyncRunnable.java:146)
	at org.flowable.job.service.impl.asyncexecutor.ExecuteAsyncRunnable.runInternally(ExecuteAsyncRunnable.java:122)
	at org.flowable.job.service.impl.asyncexecutor.ExecuteAsyncRunnable.run(ExecuteAsyncRunnable.java:96)
	at java.base/java.util.concurrent.ThreadPoolExecutor.runWorker(ThreadPoolExecutor.java:1136)
	at java.base/java.util.concurrent.ThreadPoolExecutor$Worker.run(ThreadPoolExecutor.java:635)
	at java.base/java.lang.Thread.run(Thread.java:840)
#2026 03 17 13:51:26.824#Z#DEBUG#dde23164-2207-11f1-a1fb-eeee0a988291.OPERATION#flowable-async-job-executor-thread-66825#
Step "Start App" finished#
#2026 03 17 13:51:29.124#Z#DEBUG#dde23164-2207-11f1-a1fb-eeee0a988291.OPERATION#flowable-async-job-executor-thread-62632#
[RestartAppStep] Executing task "startAppTask" of process "5ea4d706-2208-11f1-9c1b-eeee0a91fcc2"...#
#2026 03 17 13:51:29.144#Z#DEBUG#dde23164-2207-11f1-a1fb-eeee0a988291.OPERATION#flowable-async-job-executor-thread-62632#
[RestartAppStep] Application start timeout is default one: 3,600 seconds#
#2026 03 17 13:51:29.195#Z#DEBUG#dde23164-2207-11f1-a1fb-eeee0a988291.OPERATION#flowable-async-job-executor-thread-62632#
[RestartAppStep] Getting application "tutorial-srv"...#
#2026 03 17 13:51:29.274#Z#INFO#dde23164-2207-11f1-a1fb-eeee0a988291.OPERATION#flowable-async-job-executor-thread-62632#
[RestartAppStep] Stopping application "tutorial-srv"...#
#2026 03 17 13:51:29.297#Z#DEBUG#dde23164-2207-11f1-a1fb-eeee0a988291.OPERATION#flowable-async-job-executor-thread-62632#
[RestartAppStep] Stopping application "tutorial-srv"...#
#2026 03 17 13:51:29.656#Z#INFO#dde23164-2207-11f1-a1fb-eeee0a988291.OPERATION#flowable-async-job-executor-thread-62632#
[RestartAppStep] Starting application "tutorial-srv"...#
#2026 03 17 13:51:29.695#Z#DEBUG#dde23164-2207-11f1-a1fb-eeee0a988291.OPERATION#flowable-async-job-executor-thread-62632#
[RestartAppStep] Starting application "tutorial-srv"...#
#2026 03 17 13:51:30.020#Z#DEBUG#dde23164-2207-11f1-a1fb-eeee0a988291.OPERATION#flowable-async-job-executor-thread-62632#
Step "Start App" finished#
#2026 03 17 13:51:37.291#Z#DEBUG#dde23164-2207-11f1-a1fb-eeee0a988291.OPERATION#flowable-async-job-executor-thread-62641#
[RestartAppStep] Executing task "startAppTask" of process "668941fb-2208-11f1-a1fb-eeee0a988291"...#
#2026 03 17 13:51:37.301#Z#DEBUG#dde23164-2207-11f1-a1fb-eeee0a988291.OPERATION#flowable-async-job-executor-thread-62641#
[RestartAppStep] Application start timeout is default one: 3,600 seconds#
#2026 03 17 13:51:37.301#Z#DEBUG#dde23164-2207-11f1-a1fb-eeee0a988291.OPERATION#flowable-async-job-executor-thread-62641#
[RestartAppStep] Checking status of application "tutorial-srv"...#
#2026 03 17 13:51:37.303#Z#DEBUG#dde23164-2207-11f1-a1fb-eeee0a988291.OPERATION#flowable-async-job-executor-thread-62641#
[RestartAppStep] Getting instances for application "tutorial-srv"...#
#2026 03 17 13:51:37.360#Z#DEBUG#dde23164-2207-11f1-a1fb-eeee0a988291.OPERATION#flowable-async-job-executor-thread-62641#
[RestartAppStep] Application "tutorial-srv": 0 of 1 instances running (1 starting)#
#2026 03 17 13:51:37.451#Z#DEBUG#dde23164-2207-11f1-a1fb-eeee0a988291.OPERATION#flowable-async-job-executor-thread-62641#
Step "Start App" finished#
#2026 03 17 13:51:47.392#Z#DEBUG#dde23164-2207-11f1-a1fb-eeee0a988291.OPERATION#flowable-async-job-executor-thread-77475#
[RestartAppStep] Executing task "startAppTask" of process "6af37a1c-2208-11f1-a1fb-eeee0a988291"...#
#2026 03 17 13:51:47.400#Z#DEBUG#dde23164-2207-11f1-a1fb-eeee0a988291.OPERATION#flowable-async-job-executor-thread-77475#
[RestartAppStep] Application start timeout is default one: 3,600 seconds#
#2026 03 17 13:51:47.400#Z#DEBUG#dde23164-2207-11f1-a1fb-eeee0a988291.OPERATION#flowable-async-job-executor-thread-77475#
[RestartAppStep] Checking status of application "tutorial-srv"...#
#2026 03 17 13:51:47.402#Z#DEBUG#dde23164-2207-11f1-a1fb-eeee0a988291.OPERATION#flowable-async-job-executor-thread-77475#
[RestartAppStep] Getting instances for application "tutorial-srv"...#
#2026 03 17 13:51:47.463#Z#DEBUG#dde23164-2207-11f1-a1fb-eeee0a988291.OPERATION#flowable-async-job-executor-thread-77475#
[RestartAppStep] Application "tutorial-srv": 0 of 1 instances running (1 starting)#
#2026 03 17 13:51:47.558#Z#DEBUG#dde23164-2207-11f1-a1fb-eeee0a988291.OPERATION#flowable-async-job-executor-thread-77475#
Step "Start App" finished#
#2026 03 17 13:51:58.088#Z#DEBUG#dde23164-2207-11f1-a1fb-eeee0a988291.OPERATION#flowable-async-job-executor-thread-75322#
[RestartAppStep] Executing task "startAppTask" of process "70f9d5fe-2208-11f1-928c-eeee0a9ae512"...#
#2026 03 17 13:51:58.093#Z#DEBUG#dde23164-2207-11f1-a1fb-eeee0a988291.OPERATION#flowable-async-job-executor-thread-75322#
[RestartAppStep] Application start timeout is default one: 3,600 seconds#
#2026 03 17 13:51:58.093#Z#DEBUG#dde23164-2207-11f1-a1fb-eeee0a988291.OPERATION#flowable-async-job-executor-thread-75322#
[RestartAppStep] Checking status of application "tutorial-srv"...#
#2026 03 17 13:51:58.095#Z#DEBUG#dde23164-2207-11f1-a1fb-eeee0a988291.OPERATION#flowable-async-job-executor-thread-75322#
[RestartAppStep] Getting instances for application "tutorial-srv"...#
#2026 03 17 13:51:58.171#Z#DEBUG#dde23164-2207-11f1-a1fb-eeee0a988291.OPERATION#flowable-async-job-executor-thread-75322#
[RestartAppStep] Application "tutorial-srv": 0 of 1 instances running (1 starting)#
#2026 03 17 13:51:58.264#Z#DEBUG#dde23164-2207-11f1-a1fb-eeee0a988291.OPERATION#flowable-async-job-executor-thread-75322#
Step "Start App" finished#
#2026 03 17 13:52:08.328#Z#DEBUG#dde23164-2207-11f1-a1fb-eeee0a988291.OPERATION#flowable-async-job-executor-thread-66982#
[RestartAppStep] Executing task "startAppTask" of process "775b97ed-2208-11f1-8b08-eeee0a83d179"...#
#2026 03 17 13:52:08.338#Z#DEBUG#dde23164-2207-11f1-a1fb-eeee0a988291.OPERATION#flowable-async-job-executor-thread-66982#
[RestartAppStep] Application start timeout is default one: 3,600 seconds#
#2026 03 17 13:52:08.425#Z#DEBUG#dde23164-2207-11f1-a1fb-eeee0a988291.OPERATION#flowable-async-job-executor-thread-66982#
[RestartAppStep] Checking status of application "tutorial-srv"...#
#2026 03 17 13:52:08.427#Z#DEBUG#dde23164-2207-11f1-a1fb-eeee0a988291.OPERATION#flowable-async-job-executor-thread-66982#
[RestartAppStep] Getting instances for application "tutorial-srv"...#
#2026 03 17 13:52:08.517#Z#DEBUG#dde23164-2207-11f1-a1fb-eeee0a988291.OPERATION#flowable-async-job-executor-thread-66982#
[RestartAppStep] Application "tutorial-srv": 0 of 1 instances running (1 starting)#
#2026 03 17 13:52:08.603#Z#DEBUG#dde23164-2207-11f1-a1fb-eeee0a988291.OPERATION#flowable-async-job-executor-thread-66982#
Step "Start App" finished#
#2026 03 17 13:52:19.036#Z#DEBUG#dde23164-2207-11f1-a1fb-eeee0a988291.OPERATION#flowable-async-job-executor-thread-72015#
[RestartAppStep] Executing task "startAppTask" of process "7d84be27-2208-11f1-a1ae-eeee0a91d01a"...#
#2026 03 17 13:52:19.076#Z#DEBUG#dde23164-2207-11f1-a1fb-eeee0a988291.OPERATION#flowable-async-job-executor-thread-72015#
[RestartAppStep] Application start timeout is default one: 3,600 seconds#
#2026 03 17 13:52:19.076#Z#DEBUG#dde23164-2207-11f1-a1fb-eeee0a988291.OPERATION#flowable-async-job-executor-thread-72015#
[RestartAppStep] Checking status of application "tutorial-srv"...#
#2026 03 17 13:52:19.087#Z#DEBUG#dde23164-2207-11f1-a1fb-eeee0a988291.OPERATION#flowable-async-job-executor-thread-72015#
[RestartAppStep] Getting instances for application "tutorial-srv"...#
#2026 03 17 13:52:19.145#Z#DEBUG#dde23164-2207-11f1-a1fb-eeee0a988291.OPERATION#flowable-async-job-executor-thread-72015#
[RestartAppStep] Application "tutorial-srv": 0 of 1 instances running (1 crashed)#
#2026 03 17 13:52:19.249#Z#ERROR#dde23164-2207-11f1-a1fb-eeee0a988291.OPERATION#flowable-async-job-executor-thread-72015#
[RestartAppStep] Error starting application "tutorial-srv": Some instances have crashed. Check the logs of your application for more information.
Download the application logs via the dmol command and check them for more information.#
#2026 03 17 13:52:19.266#Z#ERROR#dde23164-2207-11f1-a1fb-eeee0a988291.OPERATION#flowable-async-job-executor-thread-72015#
Exception caught#
org.cloudfoundry.multiapps.common.SLException: A step of the process has failed. Retrying it may solve the issue.
	at org.cloudfoundry.multiapps.controller.process.steps.SyncFlowableStep.executeInternal(SyncFlowableStep.java:76)
	at org.cloudfoundry.multiapps.controller.process.steps.SyncFlowableStep.lambda$execute$0(SyncFlowableStep.java:64)
	at org.cloudfoundry.multiapps.controller.core.util.LoggingUtil.logWithCorrelationId(LoggingUtil.java:14)
	at org.cloudfoundry.multiapps.controller.process.steps.SyncFlowableStep.execute(SyncFlowableStep.java:64)
	at org.flowable.engine.impl.delegate.invocation.JavaDelegateInvocation.invoke(JavaDelegateInvocation.java:35)
	at org.flowable.engine.impl.delegate.invocation.DelegateInvocation.proceed(DelegateInvocation.java:32)
	at org.flowable.engine.impl.delegate.invocation.DefaultDelegateInterceptor.handleInvocation(DefaultDelegateInterceptor.java:26)
	at org.flowable.engine.impl.bpmn.behavior.ServiceTaskDelegateExpressionActivityBehavior.execute(ServiceTaskDelegateExpressionActivityBehavior.java:177)
	at org.flowable.engine.impl.agenda.ContinueProcessOperation.executeActivityBehavior(ContinueProcessOperation.java:298)
	at org.flowable.engine.impl.agenda.ContinueProcessOperation.executeSynchronous(ContinueProcessOperation.java:175)
	at org.flowable.engine.impl.agenda.ContinueProcessOperation.continueThroughFlowNode(ContinueProcessOperation.java:125)
	at org.flowable.engine.impl.agenda.ContinueProcessOperation.run(ContinueProcessOperation.java:88)
	at org.flowable.common.engine.impl.AbstractEngineConfiguration.lambda$new$0(AbstractEngineConfiguration.java:198)
	at org.flowable.engine.impl.interceptor.CommandInvoker.executeOperation(CommandInvoker.java:189)
	at org.flowable.engine.impl.interceptor.CommandInvoker.executeOperations(CommandInvoker.java:128)
	at org.flowable.engine.impl.interceptor.CommandInvoker.execute(CommandInvoker.java:80)
	at org.flowable.engine.impl.interceptor.BpmnOverrideContextInterceptor.execute(BpmnOverrideContextInterceptor.java:26)
	at org.flowable.common.engine.impl.interceptor.TransactionContextInterceptor.execute(TransactionContextInterceptor.java:53)
	at org.flowable.common.engine.impl.interceptor.CommandContextInterceptor.execute(CommandContextInterceptor.java:105)
	at org.flowable.common.spring.SpringTransactionInterceptor.lambda$execute$0(SpringTransactionInterceptor.java:57)
	at org.springframework.transaction.support.TransactionTemplate.execute(TransactionTemplate.java:140)
	at org.flowable.common.spring.SpringTransactionInterceptor.execute(SpringTransactionInterceptor.java:57)
	at org.flowable.common.engine.impl.interceptor.LogInterceptor.execute(LogInterceptor.java:30)
	at org.flowable.common.engine.impl.cfg.CommandExecutorImpl.execute(CommandExecutorImpl.java:56)
	at org.flowable.common.engine.impl.cfg.CommandExecutorImpl.execute(CommandExecutorImpl.java:51)
	at org.flowable.job.service.impl.asyncexecutor.ExecuteAsyncRunnable.handleTransactionalJob(ExecuteAsyncRunnable.java:177)
	at org.flowable.job.service.impl.asyncexecutor.ExecuteAsyncRunnable.executeJob(ExecuteAsyncRunnable.java:146)
	at org.flowable.job.service.impl.asyncexecutor.ExecuteAsyncRunnable.runInternally(ExecuteAsyncRunnable.java:122)
	at org.flowable.job.service.impl.asyncexecutor.ExecuteAsyncRunnable.run(ExecuteAsyncRunnable.java:96)
	at java.base/java.util.concurrent.ThreadPoolExecutor.runWorker(ThreadPoolExecutor.java:1136)
	at java.base/java.util.concurrent.ThreadPoolExecutor$Worker.run(ThreadPoolExecutor.java:635)
	at java.base/java.lang.Thread.run(Thread.java:840)
#2026 03 17 13:52:19.312#Z#DEBUG#dde23164-2207-11f1-a1fb-eeee0a988291.OPERATION#flowable-async-job-executor-thread-72015#
Step "Start App" finished#
#2026 03 17 13:52:21.350#Z#DEBUG#dde23164-2207-11f1-a1fb-eeee0a988291.OPERATION#flowable-async-job-executor-thread-67075#
[RestartAppStep] Executing task "startAppTask" of process "7d84be27-2208-11f1-a1ae-eeee0a91d01a"...#
#2026 03 17 13:52:21.359#Z#DEBUG#dde23164-2207-11f1-a1fb-eeee0a988291.OPERATION#flowable-async-job-executor-thread-67075#
[RestartAppStep] Application start timeout is default one: 3,600 seconds#
#2026 03 17 13:52:21.372#Z#DEBUG#dde23164-2207-11f1-a1fb-eeee0a988291.OPERATION#flowable-async-job-executor-thread-67075#
[RestartAppStep] Getting application "tutorial-srv"...#
#2026 03 17 13:52:21.426#Z#INFO#dde23164-2207-11f1-a1fb-eeee0a988291.OPERATION#flowable-async-job-executor-thread-67075#
[RestartAppStep] Stopping application "tutorial-srv"...#
#2026 03 17 13:52:21.439#Z#DEBUG#dde23164-2207-11f1-a1fb-eeee0a988291.OPERATION#flowable-async-job-executor-thread-67075#
[RestartAppStep] Stopping application "tutorial-srv"...#
#2026 03 17 13:52:21.617#Z#INFO#dde23164-2207-11f1-a1fb-eeee0a988291.OPERATION#flowable-async-job-executor-thread-67075#
[RestartAppStep] Starting application "tutorial-srv"...#
#2026 03 17 13:52:21.630#Z#DEBUG#dde23164-2207-11f1-a1fb-eeee0a988291.OPERATION#flowable-async-job-executor-thread-67075#
[RestartAppStep] Starting application "tutorial-srv"...#
#2026 03 17 13:52:21.875#Z#DEBUG#dde23164-2207-11f1-a1fb-eeee0a988291.OPERATION#flowable-async-job-executor-thread-67075#
Step "Start App" finished#
#2026 03 17 13:52:29.177#Z#DEBUG#dde23164-2207-11f1-a1fb-eeee0a988291.OPERATION#flowable-async-job-executor-thread-77674#
[RestartAppStep] Executing task "startAppTask" of process "856d951d-2208-11f1-a1ae-eeee0a91d01a"...#
#2026 03 17 13:52:29.191#Z#DEBUG#dde23164-2207-11f1-a1fb-eeee0a988291.OPERATION#flowable-async-job-executor-thread-77674#
[RestartAppStep] Application start timeout is default one: 3,600 seconds#
#2026 03 17 13:52:29.191#Z#DEBUG#dde23164-2207-11f1-a1fb-eeee0a988291.OPERATION#flowable-async-job-executor-thread-77674#
[RestartAppStep] Checking status of application "tutorial-srv"...#
#2026 03 17 13:52:29.197#Z#DEBUG#dde23164-2207-11f1-a1fb-eeee0a988291.OPERATION#flowable-async-job-executor-thread-77674#
[RestartAppStep] Getting instances for application "tutorial-srv"...#
#2026 03 17 13:52:29.258#Z#DEBUG#dde23164-2207-11f1-a1fb-eeee0a988291.OPERATION#flowable-async-job-executor-thread-77674#
[RestartAppStep] Application "tutorial-srv": 0 of 1 instances running (1 starting)#
#2026 03 17 13:52:29.344#Z#DEBUG#dde23164-2207-11f1-a1fb-eeee0a988291.OPERATION#flowable-async-job-executor-thread-77674#
Step "Start App" finished#
#2026 03 17 13:52:39.829#Z#DEBUG#dde23164-2207-11f1-a1fb-eeee0a988291.OPERATION#flowable-async-job-executor-thread-72149#
[RestartAppStep] Executing task "startAppTask" of process "89e3b3bb-2208-11f1-928c-eeee0a9ae512"...#
#2026 03 17 13:52:39.834#Z#DEBUG#dde23164-2207-11f1-a1fb-eeee0a988291.OPERATION#flowable-async-job-executor-thread-72149#
[RestartAppStep] Application start timeout is default one: 3,600 seconds#
#2026 03 17 13:52:39.925#Z#DEBUG#dde23164-2207-11f1-a1fb-eeee0a988291.OPERATION#flowable-async-job-executor-thread-72149#
[RestartAppStep] Checking status of application "tutorial-srv"...#
#2026 03 17 13:52:39.927#Z#DEBUG#dde23164-2207-11f1-a1fb-eeee0a988291.OPERATION#flowable-async-job-executor-thread-72149#
[RestartAppStep] Getting instances for application "tutorial-srv"...#
#2026 03 17 13:52:40.032#Z#DEBUG#dde23164-2207-11f1-a1fb-eeee0a988291.OPERATION#flowable-async-job-executor-thread-72149#
[RestartAppStep] Application "tutorial-srv": 0 of 1 instances running (1 starting)#
#2026 03 17 13:52:40.125#Z#DEBUG#dde23164-2207-11f1-a1fb-eeee0a988291.OPERATION#flowable-async-job-executor-thread-72149#
Step "Start App" finished#
#2026 03 17 13:52:50.400#Z#DEBUG#dde23164-2207-11f1-a1fb-eeee0a988291.OPERATION#flowable-async-job-executor-thread-75627#
[RestartAppStep] Executing task "startAppTask" of process "904eebef-2208-11f1-b67d-eeee0a8eeeea"...#
#2026 03 17 13:52:50.415#Z#DEBUG#dde23164-2207-11f1-a1fb-eeee0a988291.OPERATION#flowable-async-job-executor-thread-75627#
[RestartAppStep] Application start timeout is default one: 3,600 seconds#
#2026 03 17 13:52:50.415#Z#DEBUG#dde23164-2207-11f1-a1fb-eeee0a988291.OPERATION#flowable-async-job-executor-thread-75627#
[RestartAppStep] Checking status of application "tutorial-srv"...#
#2026 03 17 13:52:50.420#Z#DEBUG#dde23164-2207-11f1-a1fb-eeee0a988291.OPERATION#flowable-async-job-executor-thread-75627#
[RestartAppStep] Getting instances for application "tutorial-srv"...#
#2026 03 17 13:52:50.481#Z#DEBUG#dde23164-2207-11f1-a1fb-eeee0a988291.OPERATION#flowable-async-job-executor-thread-75627#
[RestartAppStep] Application "tutorial-srv": 0 of 1 instances running (1 starting)#
#2026 03 17 13:52:50.551#Z#DEBUG#dde23164-2207-11f1-a1fb-eeee0a988291.OPERATION#flowable-async-job-executor-thread-75627#
Step "Start App" finished#
#2026 03 17 13:53:00.565#Z#DEBUG#dde23164-2207-11f1-a1fb-eeee0a988291.OPERATION#flowable-async-job-executor-thread-72230#
[RestartAppStep] Executing task "startAppTask" of process "9684e3c1-2208-11f1-8b08-eeee0a83d179"...#
#2026 03 17 13:53:00.571#Z#DEBUG#dde23164-2207-11f1-a1fb-eeee0a988291.OPERATION#flowable-async-job-executor-thread-72230#
[RestartAppStep] Application start timeout is default one: 3,600 seconds#
#2026 03 17 13:53:00.571#Z#DEBUG#dde23164-2207-11f1-a1fb-eeee0a988291.OPERATION#flowable-async-job-executor-thread-72230#
[RestartAppStep] Checking status of application "tutorial-srv"...#
#2026 03 17 13:53:00.573#Z#DEBUG#dde23164-2207-11f1-a1fb-eeee0a988291.OPERATION#flowable-async-job-executor-thread-72230#
[RestartAppStep] Getting instances for application "tutorial-srv"...#
#2026 03 17 13:53:00.617#Z#DEBUG#dde23164-2207-11f1-a1fb-eeee0a988291.OPERATION#flowable-async-job-executor-thread-72230#
[RestartAppStep] Application "tutorial-srv": 0 of 1 instances running (1 starting)#
#2026 03 17 13:53:00.718#Z#DEBUG#dde23164-2207-11f1-a1fb-eeee0a988291.OPERATION#flowable-async-job-executor-thread-72230#
Step "Start App" finished#
#2026 03 17 13:53:11.531#Z#DEBUG#dde23164-2207-11f1-a1fb-eeee0a988291.OPERATION#flowable-async-job-executor-thread-77874#
[RestartAppStep] Executing task "startAppTask" of process "9c94dc0f-2208-11f1-b67d-eeee0a8eeeea"...#
#2026 03 17 13:53:11.538#Z#DEBUG#dde23164-2207-11f1-a1fb-eeee0a988291.OPERATION#flowable-async-job-executor-thread-77874#
[RestartAppStep] Application start timeout is default one: 3,600 seconds#
#2026 03 17 13:53:11.538#Z#DEBUG#dde23164-2207-11f1-a1fb-eeee0a988291.OPERATION#flowable-async-job-executor-thread-77874#
[RestartAppStep] Checking status of application "tutorial-srv"...#
#2026 03 17 13:53:11.542#Z#DEBUG#dde23164-2207-11f1-a1fb-eeee0a988291.OPERATION#flowable-async-job-executor-thread-77874#
[RestartAppStep] Getting instances for application "tutorial-srv"...#
#2026 03 17 13:53:11.720#Z#DEBUG#dde23164-2207-11f1-a1fb-eeee0a988291.OPERATION#flowable-async-job-executor-thread-77874#
[RestartAppStep] Application "tutorial-srv": 0 of 1 instances running (1 crashed)#
#2026 03 17 13:53:11.776#Z#ERROR#dde23164-2207-11f1-a1fb-eeee0a988291.OPERATION#flowable-async-job-executor-thread-77874#
[RestartAppStep] Error starting application "tutorial-srv": Some instances have crashed. Check the logs of your application for more information.
Download the application logs via the dmol command and check them for more information.#
#2026 03 17 13:53:11.785#Z#ERROR#dde23164-2207-11f1-a1fb-eeee0a988291.OPERATION#flowable-async-job-executor-thread-77874#
Exception caught#
org.cloudfoundry.multiapps.common.SLException: A step of the process has failed. Retrying it may solve the issue.
	at org.cloudfoundry.multiapps.controller.process.steps.SyncFlowableStep.executeInternal(SyncFlowableStep.java:76)
	at org.cloudfoundry.multiapps.controller.process.steps.SyncFlowableStep.lambda$execute$0(SyncFlowableStep.java:64)
	at org.cloudfoundry.multiapps.controller.core.util.LoggingUtil.logWithCorrelationId(LoggingUtil.java:14)
	at org.cloudfoundry.multiapps.controller.process.steps.SyncFlowableStep.execute(SyncFlowableStep.java:64)
	at org.flowable.engine.impl.delegate.invocation.JavaDelegateInvocation.invoke(JavaDelegateInvocation.java:35)
	at org.flowable.engine.impl.delegate.invocation.DelegateInvocation.proceed(DelegateInvocation.java:32)
	at org.flowable.engine.impl.delegate.invocation.DefaultDelegateInterceptor.handleInvocation(DefaultDelegateInterceptor.java:26)
	at org.flowable.engine.impl.bpmn.behavior.ServiceTaskDelegateExpressionActivityBehavior.execute(ServiceTaskDelegateExpressionActivityBehavior.java:177)
	at org.flowable.engine.impl.agenda.ContinueProcessOperation.executeActivityBehavior(ContinueProcessOperation.java:298)
	at org.flowable.engine.impl.agenda.ContinueProcessOperation.executeSynchronous(ContinueProcessOperation.java:175)
	at org.flowable.engine.impl.agenda.ContinueProcessOperation.continueThroughFlowNode(ContinueProcessOperation.java:125)
	at org.flowable.engine.impl.agenda.ContinueProcessOperation.run(ContinueProcessOperation.java:88)
	at org.flowable.common.engine.impl.AbstractEngineConfiguration.lambda$new$0(AbstractEngineConfiguration.java:198)
	at org.flowable.engine.impl.interceptor.CommandInvoker.executeOperation(CommandInvoker.java:189)
	at org.flowable.engine.impl.interceptor.CommandInvoker.executeOperations(CommandInvoker.java:128)
	at org.flowable.engine.impl.interceptor.CommandInvoker.execute(CommandInvoker.java:80)
	at org.flowable.engine.impl.interceptor.BpmnOverrideContextInterceptor.execute(BpmnOverrideContextInterceptor.java:26)
	at org.flowable.common.engine.impl.interceptor.TransactionContextInterceptor.execute(TransactionContextInterceptor.java:53)
	at org.flowable.common.engine.impl.interceptor.CommandContextInterceptor.execute(CommandContextInterceptor.java:105)
	at org.flowable.common.spring.SpringTransactionInterceptor.lambda$execute$0(SpringTransactionInterceptor.java:57)
	at org.springframework.transaction.support.TransactionTemplate.execute(TransactionTemplate.java:140)
	at org.flowable.common.spring.SpringTransactionInterceptor.execute(SpringTransactionInterceptor.java:57)
	at org.flowable.common.engine.impl.interceptor.LogInterceptor.execute(LogInterceptor.java:30)
	at org.flowable.common.engine.impl.cfg.CommandExecutorImpl.execute(CommandExecutorImpl.java:56)
	at org.flowable.common.engine.impl.cfg.CommandExecutorImpl.execute(CommandExecutorImpl.java:51)
	at org.flowable.job.service.impl.asyncexecutor.ExecuteAsyncRunnable.handleTransactionalJob(ExecuteAsyncRunnable.java:177)
	at org.flowable.job.service.impl.asyncexecutor.ExecuteAsyncRunnable.executeJob(ExecuteAsyncRunnable.java:146)
	at org.flowable.job.service.impl.asyncexecutor.ExecuteAsyncRunnable.runInternally(ExecuteAsyncRunnable.java:122)
	at org.flowable.job.service.impl.asyncexecutor.ExecuteAsyncRunnable.run(ExecuteAsyncRunnable.java:96)
	at java.base/java.util.concurrent.ThreadPoolExecutor.runWorker(ThreadPoolExecutor.java:1136)
	at java.base/java.util.concurrent.ThreadPoolExecutor$Worker.run(ThreadPoolExecutor.java:635)
	at java.base/java.lang.Thread.run(Thread.java:840)
#2026 03 17 13:53:11.801#Z#DEBUG#dde23164-2207-11f1-a1fb-eeee0a988291.OPERATION#flowable-async-job-executor-thread-77874#
Step "Start App" finished#
